ISO-10303-21;
HEADER;
/*Generated by software containing ST-Developer
 * from STEP Tools, Inc. (www.steptools.com) 
 */
/*OPTION: using custom renumber hook */
/*description */
/*implementation_level */
FILE_DESCRIPTION(('STEP AP242 Edition 2','STEP AP242 Edition 2''CAx-IF Rec.Pracs.---Representation and Presentation of Product Manufa
cturing Information (PMI)---4.0---2014-10-13','STEP AP242 Edition 2''CAx-IF Rec.Pracs.---Representation and Presentation of Product Manufa
cturing Information (PMI)---4.0---2014-10-13''CAx-IF Rec.Pracs.---3D Tessellated Geometry---0.4---2014-09-14','STEP AP242 Edition 2''CAx-IF Rec.Pracs.---Representation and Presentation of Product Manufa
cturing Information (PMI)---4.0---2014-10-13''CAx-IF Rec.Pracs.---3D Tessellated Geometry---0.4---2014-09-14''2;1','STEP AP242 Edition 2''CAx-IF Rec.Pracs.---Representation and Presentation of Product Manufa
cturing Information (PMI)---4.0---2014-10-13''CAx-IF Rec.Pracs.---3D Tessellated Geometry---0.4---2014-09-14''2;1''CAx-IF Rec.Pracs.---User Defined Attributes---1.5---2016-08-15'),'2;1');
/*name */
/*time_stamp */
/*author */
/*organization */
/*preprocessor_version */
/*originating_system */
/*authorisation */
FILE_NAME('/vol/tmp/translate-2228604055611280959/shell.step','2026-09-08T13:14:06',(''),(''),'ST-DEVELOPER v20','ONSHAPE BY PTC INC, 1.220','  ');
FILE_SCHEMA(('AP242_MANAGED_MODEL_BASED_3D_ENGINEERING_MIM_LF { 1 0 10303 442 3 1 4 }'));
ENDSEC;
DATA;
#10=SHAPE_REPRESENTATION_RELATIONSHIP('','',#5269,#18);
#11=SHAPE_REPRESENTATION_RELATIONSHIP('','',#5270,#19);
#12=SHAPE_REPRESENTATION_RELATIONSHIP('','',#5271,#20);
#13=SHAPE_REPRESENTATION_RELATIONSHIP('','',#5272,#21);
#14=SHAPE_REPRESENTATION_RELATIONSHIP('','',#5273,#22);
#15=SHAPE_REPRESENTATION_RELATIONSHIP('','',#5274,#23);
#16=SHAPE_REPRESENTATION_RELATIONSHIP('','',#5275,#24);
#17=SHAPE_REPRESENTATION_RELATIONSHIP('','',#5276,#25);
#18=ADVANCED_BREP_SHAPE_REPRESENTATION('',(#5253),#9985);
#19=ADVANCED_BREP_SHAPE_REPRESENTATION('',(#5254),#9986);
#20=ADVANCED_BREP_SHAPE_REPRESENTATION('',(#5255),#9987);
#21=ADVANCED_BREP_SHAPE_REPRESENTATION('',(#5256),#9988);
#22=ADVANCED_BREP_SHAPE_REPRESENTATION('',(#5257),#9989);
#23=ADVANCED_BREP_SHAPE_REPRESENTATION('',(#5258),#9990);
#24=ADVANCED_BREP_SHAPE_REPRESENTATION('',(#5259),#9991);
#25=ADVANCED_BREP_SHAPE_REPRESENTATION('',(#5260),#9992);
#26=(
B_SPLINE_SURFACE(3,2,((#7159,#7160,#7161),(#7162,#7163,#7164),(#7165,#7166,
#7167),(#7168,#7169,#7170),(#7171,#7172,#7173),(#7174,#7175,#7176)),.UNSPECIFIED.,.F.,.F.,.F.)
B_SPLINE_SURFACE_WITH_KNOTS((4,1,1,4),(3,3),(-3.94649590784724E-17,0.00179378223962109,0.00358756447924223,0.00717512895848449),(0.,1.),.UNSPECIFIED.)
BOUNDED_SURFACE()
GEOMETRIC_REPRESENTATION_ITEM()
RATIONAL_B_SPLINE_SURFACE(((1.,0.769434214345307,1.),(1.,0.772147746806972,
1.),(1.,0.77672913161649,1.),(1.,0.782669651243255,1.),(1.,0.782991961812081,
1.),(1.,0.78133463820999,1.)))
REPRESENTATION_ITEM('')
SURFACE()
);
#27=(
B_SPLINE_SURFACE(3,2,((#7178,#7179,#7180),(#7181,#7182,#7183),(#7184,#7185,
#7186),(#7187,#7188,#7189)),.UNSPECIFIED.,.F.,.F.,.F.)
B_SPLINE_SURFACE_WITH_KNOTS((4,4),(3,3),(0.000642403157294688,0.00104144424114188),(0.,1.),.PIECEWISE_BEZIER_KNOTS.)
BOUNDED_SURFACE()
GEOMETRIC_REPRESENTATION_ITEM()
RATIONAL_B_SPLINE_SURFACE(((1.,0.707106781186552,1.),(1.,0.71199111988788,
1.),(1.,0.716729515346448,1.),(1.,0.721334422666233,1.)))
REPRESENTATION_ITEM('')
SURFACE()
);
#28=(
B_SPLINE_SURFACE(3,2,((#7196,#7197,#7198),(#7199,#7200,#7201),(#7202,#7203,
#7204),(#7205,#7206,#7207),(#7208,#7209,#7210),(#7211,#7212,#7213),(#7214,
#7215,#7216)),.UNSPECIFIED.,.F.,.F.,.F.)
B_SPLINE_SURFACE_WITH_KNOTS((4,1,1,1,4),(3,3),(1.1221492485225E-17,0.000794140320453655,0.0015882806409073,0.00238242096136094,0.00317656128181459),(0.,1.),.UNSPECIFIED.)
BOUNDED_SURFACE()
GEOMETRIC_REPRESENTATION_ITEM()
RATIONAL_B_SPLINE_SURFACE(((1.,0.721334422666226,1.),(1.,0.740008130011059,
1.),(1.,0.811559745505547,1.),(1.,0.917641261362347,1.),(1.,0.984904257931262,
1.),(1.,1.00000000000013,1.),(1.,1.,1.)))
REPRESENTATION_ITEM('')
SURFACE()
);
#29=(
B_SPLINE_SURFACE(3,2,((#7237,#7238,#7239),(#7240,#7241,#7242),(#7243,#7244,
#7245),(#7246,#7247,#7248)),.UNSPECIFIED.,.F.,.F.,.F.)
B_SPLINE_SURFACE_WITH_KNOTS((4,4),(3,3),(0.000617559953069142,0.000854372467569513),(0.,1.),.PIECEWISE_BEZIER_KNOTS.)
BOUNDED_SURFACE()
GEOMETRIC_REPRESENTATION_ITEM()
RATIONAL_B_SPLINE_SURFACE(((1.,0.750322063307315,1.),(1.,0.75032206321065,
1.),(1.,0.750197433742688,1.),(1.,0.749953384130648,1.)))
REPRESENTATION_ITEM('')
SURFACE()
);
#30=(
B_SPLINE_SURFACE(3,2,((#7255,#7256,#7257),(#7258,#7259,#7260),(#7261,#7262,
#7263),(#7264,#7265,#7266),(#7267,#7268,#7269),(#7270,#7271,#7272),(#7273,
#7274,#7275)),.UNSPECIFIED.,.F.,.F.,.F.)
B_SPLINE_SURFACE_WITH_KNOTS((4,1,1,1,4),(3,3),(1.99493199737333E-17,0.000856034425486256,0.00171206885097249,0.00256810327645873,0.00342413770194496),(0.,1.),.UNSPECIFIED.)
BOUNDED_SURFACE()
GEOMETRIC_REPRESENTATION_ITEM()
RATIONAL_B_SPLINE_SURFACE(((1.,0.749953384130648,1.),(1.,0.748211927369062,
1.),(1.,0.794131137963912,1.),(1.,0.906951553391741,1.),(1.,0.982552801163564,
1.),(1.,1.00000000029085,1.),(1.,1.,1.)))
REPRESENTATION_ITEM('')
SURFACE()
);
#31=(
B_SPLINE_SURFACE(3,2,((#7281,#7282,#7283),(#7284,#7285,#7286),(#7287,#7288,
#7289),(#7290,#7291,#7292),(#7293,#7294,#7295),(#7296,#7297,#7298),(#7299,
#7300,#7301),(#7302,#7303,#7304),(#7305,#7306,#7307)),.UNSPECIFIED.,.F.,.F.,.F.)
B_SPLINE_SURFACE_WITH_KNOTS((4,1,1,1,1,1,4),(3,3),(8.94466792300541E-18,0.000446020897707313,0.000892041795414618,0.00133806269312192,0.00178408359082923,0.00267612538624384,0.00356816718165844),(0.,1.),.UNSPECIFIED.)
BOUNDED_SURFACE()
GEOMETRIC_REPRESENTATION_ITEM()
RATIONAL_B_SPLINE_SURFACE(((1.,0.679568914307919,1.),(1.,0.680326534556398,
1.),(1.,0.698606677058856,1.),(1.,0.758928268162783,1.),(1.,0.826355570066145,
1.),(1.,0.908531829269079,1.),(1.,0.980690086235453,1.),(1.,1.00000000021511,
1.),(1.,1.,1.)))
REPRESENTATION_ITEM('')
SURFACE()
);
#32=(
B_SPLINE_SURFACE(3,2,((#7316,#7317,#7318),(#7319,#7320,#7321),(#7322,#7323,
#7324),(#7325,#7326,#7327)),.UNSPECIFIED.,.F.,.F.,.F.)
B_SPLINE_SURFACE_WITH_KNOTS((4,4),(3,3),(0.00061981376801242,0.000911774412116942),(0.,1.),.PIECEWISE_BEZIER_KNOTS.)
BOUNDED_SURFACE()
GEOMETRIC_REPRESENTATION_ITEM()
RATIONAL_B_SPLINE_SURFACE(((1.,0.679189889932686,1.),(1.,0.679189890012889,
1.),(1.,0.679318292055611,1.),(1.,0.679568914307919,1.)))
REPRESENTATION_ITEM('')
SURFACE()
);
#33=(
B_SPLINE_SURFACE(3,2,((#7515,#7516,#7517),(#7518,#7519,#7520),(#7521,#7522,
#7523),(#7524,#7525,#7526),(#7527,#7528,#7529)),.UNSPECIFIED.,.F.,.F.,.F.)
B_SPLINE_SURFACE_WITH_KNOTS((4,1,4),(3,3),(6.70850094225406E-19,0.000110328874909827,0.000220657749819654),(0.,1.),.UNSPECIFIED.)
BOUNDED_SURFACE()
GEOMETRIC_REPRESENTATION_ITEM()
RATIONAL_B_SPLINE_SURFACE(((1.,0.654023715924739,1.),(1.,0.654023767381984,
1.),(1.,0.664809409439474,1.),(1.,0.689611660332541,1.),(1.,0.702269049710877,
1.)))
REPRESENTATION_ITEM('')
SURFACE()
);
#34=(
B_SPLINE_SURFACE(3,2,((#7531,#7532,#7533),(#7534,#7535,#7536),(#7537,#7538,
#7539),(#7540,#7541,#7542),(#7543,#7544,#7545)),.UNSPECIFIED.,.F.,.F.,.F.)
B_SPLINE_SURFACE_WITH_KNOTS((4,1,4),(3,3),(8.22638398373376E-18,0.000144689855609736,0.000289379711219463),(0.,1.),.UNSPECIFIED.)
BOUNDED_SURFACE()
GEOMETRIC_REPRESENTATION_ITEM()
RATIONAL_B_SPLINE_SURFACE(((1.,0.725062153842165,1.),(1.,0.709900695816974,
1.),(1.,0.673316480269527,1.),(1.,0.654023858383777,1.),(1.,0.654023715924689,
1.)))
REPRESENTATION_ITEM('')
SURFACE()
);
#35=(
B_SPLINE_SURFACE(3,2,((#7551,#7552,#7553),(#7554,#7555,#7556),(#7557,#7558,
#7559),(#7560,#7561,#7562)),.UNSPECIFIED.,.F.,.F.,.F.)
B_SPLINE_SURFACE_WITH_KNOTS((4,4),(3,3),(0.000490933537357868,0.000699628012127812),(0.,1.),.PIECEWISE_BEZIER_KNOTS.)
BOUNDED_SURFACE()
GEOMETRIC_REPRESENTATION_ITEM()
RATIONAL_B_SPLINE_SURFACE(((1.,0.702269049710876,1.),(1.,0.738070382704564,
1.),(1.,0.770260651081217,1.),(1.,0.778768425430856,1.)))
REPRESENTATION_ITEM('')
SURFACE()
);
#36=(
B_SPLINE_SURFACE(3,2,((#7568,#7569,#7570),(#7571,#7572,#7573),(#7574,#7575,
#7576),(#7577,#7578,#7579),(#7580,#7581,#7582),(#7583,#7584,#7585)),.UNSPECIFIED.,.F.,.F.,.F.)
B_SPLINE_SURFACE_WITH_KNOTS((4,1,1,4),(3,3),(0.00657954584415114,0.00839465073530137,0.00930220318087648,0.0102097556264516),(0.,1.),.UNSPECIFIED.)
BOUNDED_SURFACE()
GEOMETRIC_REPRESENTATION_ITEM()
RATIONAL_B_SPLINE_SURFACE(((1.,0.725062153842165,1.),(1.,0.749620724480588,
1.),(1.,0.780812131465972,1.),(1.,0.79389400075142,1.),(1.,0.789591232002833,
1.),(1.,0.784966648946945,1.)))
REPRESENTATION_ITEM('')
SURFACE()
);
#37=(
B_SPLINE_SURFACE(3,2,((#7748,#7749,#7750),(#7751,#7752,#7753),(#7754,#7755,
#7756),(#7757,#7758,#7759),(#7760,#7761,#7762)),.UNSPECIFIED.,.F.,.F.,.F.)
B_SPLINE_SURFACE_WITH_KNOTS((4,1,4),(3,3),(-2.19144364113633E-17,0.000144701171400207,0.000289402342800435),(0.,1.),.UNSPECIFIED.)
BOUNDED_SURFACE()
GEOMETRIC_REPRESENTATION_ITEM()
RATIONAL_B_SPLINE_SURFACE(((1.,0.654023715924688,1.),(1.,0.654023912980293,
1.),(1.,0.673170101874883,1.),(1.,0.709903311098734,1.),(1.,0.725062153841863,
1.)))
REPRESENTATION_ITEM('')
SURFACE()
);
#38=(
B_SPLINE_SURFACE(3,2,((#7764,#7765,#7766),(#7767,#7768,#7769),(#7770,#7771,
#7772),(#7773,#7774,#7775),(#7776,#7777,#7778)),.UNSPECIFIED.,.F.,.F.,.F.)
B_SPLINE_SURFACE_WITH_KNOTS((4,1,4),(3,3),(-1.38845640713925E-17,0.000110343294937554,0.000220686589875121),(0.,1.),.UNSPECIFIED.)
BOUNDED_SURFACE()
GEOMETRIC_REPRESENTATION_ITEM()
RATIONAL_B_SPLINE_SURFACE(((1.,0.702269049710877,1.),(1.,0.68960815248677,
1.),(1.,0.664842031195186,1.),(1.,0.654023697683046,1.),(1.,0.654023715924739,
1.)))
REPRESENTATION_ITEM('')
SURFACE()
);
#39=(
B_SPLINE_SURFACE(3,2,((#7784,#7785,#7786),(#7787,#7788,#7789),(#7790,#7791,
#7792),(#7793,#7794,#7795),(#7796,#7797,#7798),(#7799,#7800,#7801)),.UNSPECIFIED.,.F.,.F.,.F.)
B_SPLINE_SURFACE_WITH_KNOTS((4,1,1,4),(3,3),(0.00657954584415112,0.00839465073530131,0.00930220318087641,0.0102097556264515),(0.,1.),.UNSPECIFIED.)
BOUNDED_SURFACE()
GEOMETRIC_REPRESENTATION_ITEM()
RATIONAL_B_SPLINE_SURFACE(((1.,0.725062153842163,1.),(1.,0.749620724479223,
1.),(1.,0.780812131466238,1.),(1.,0.793894000751428,1.),(1.,0.789591232002684,
1.),(1.,0.784966648946947,1.)))
REPRESENTATION_ITEM('')
SURFACE()
);
#40=(
B_SPLINE_SURFACE(3,2,((#7806,#7807,#7808),(#7809,#7810,#7811),(#7812,#7813,
#7814),(#7815,#7816,#7817)),.UNSPECIFIED.,.F.,.F.,.F.)
B_SPLINE_SURFACE_WITH_KNOTS((4,4),(3,3),(0.000490933537357873,0.000699628012127818),(0.,1.),.PIECEWISE_BEZIER_KNOTS.)
BOUNDED_SURFACE()
GEOMETRIC_REPRESENTATION_ITEM()
RATIONAL_B_SPLINE_SURFACE(((1.,0.702269049710876,1.),(1.,0.738070382704924,
1.),(1.,0.770260651081227,1.),(1.,0.778768425430854,1.)))
REPRESENTATION_ITEM('')
SURFACE()
);
#41=(
B_SPLINE_SURFACE(3,2,((#8033,#8034,#8035),(#8036,#8037,#8038),(#8039,#8040,
#8041),(#8042,#8043,#8044)),.UNSPECIFIED.,.F.,.F.,.F.)
B_SPLINE_SURFACE_WITH_KNOTS((4,4),(3,3),(0.000642392370093614,0.00102053714646276),(0.,1.),.PIECEWISE_BEZIER_KNOTS.)
BOUNDED_SURFACE()
GEOMETRIC_REPRESENTATION_ITEM()
RATIONAL_B_SPLINE_SURFACE(((1.,0.707106781186549,1.),(1.,0.711734265787292,
1.),(1.,0.716230635248292,1.),(1.,0.720606770307107,1.)))
REPRESENTATION_ITEM('')
SURFACE()
);
#42=(
B_SPLINE_SURFACE(3,2,((#8051,#8052,#8053),(#8054,#8055,#8056),(#8057,#8058,
#8059),(#8060,#8061,#8062),(#8063,#8064,#8065),(#8066,#8067,#8068),(#8069,
#8070,#8071)),.UNSPECIFIED.,.F.,.F.,.F.)
B_SPLINE_SURFACE_WITH_KNOTS((4,1,1,1,4),(3,3),(2.90566182226115E-17,0.000794723751245148,0.00158944750249027,0.00238417125373539,0.00317889500498051),(0.,1.),.UNSPECIFIED.)
BOUNDED_SURFACE()
GEOMETRIC_REPRESENTATION_ITEM()
RATIONAL_B_SPLINE_SURFACE(((1.,0.7206067703071,1.),(1.,0.739353748464382,
1.),(1.,0.811177509215754,1.),(1.,0.917505075380012,1.),(1.,0.98488249995845,
1.),(1.,1.00000000000051,1.),(1.,1.,1.)))
REPRESENTATION_ITEM('')
SURFACE()
);
#43=(
B_SPLINE_SURFACE(3,2,((#8090,#8091,#8092),(#8093,#8094,#8095),(#8096,#8097,
#8098),(#8099,#8100,#8101),(#8102,#8103,#8104),(#8105,#8106,#8107),(#8108,
#8109,#8110),(#8111,#8112,#8113)),.UNSPECIFIED.,.F.,.F.,.F.)
B_SPLINE_SURFACE_WITH_KNOTS((4,1,1,1,1,4),(3,3),(7.58941520739853E-19,0.000433885744254626,0.000867771488509252,0.0017355429770185,0.00260331446552775,0.003471085954037),(0.,1.),.UNSPECIFIED.)
BOUNDED_SURFACE()
GEOMETRIC_REPRESENTATION_ITEM()
RATIONAL_B_SPLINE_SURFACE(((1.,0.724492673816696,1.),(1.,0.724096399222658,
1.),(1.,0.736340496919199,1.),(1.,0.80019522405973,1.),(1.,0.901897153993365,
1.),(1.,0.98176857984868,1.),(1.,1.00000000026785,1.),(1.,1.,1.)))
REPRESENTATION_ITEM('')
SURFACE()
);
#44=(
B_SPLINE_SURFACE(3,2,((#8121,#8122,#8123),(#8124,#8125,#8126),(#8127,#8128,
#8129),(#8130,#8131,#8132)),.UNSPECIFIED.,.F.,.F.,.F.)
B_SPLINE_SURFACE_WITH_KNOTS((4,4),(3,3),(0.000620601670678239,0.000877921287635779),(0.,1.),.PIECEWISE_BEZIER_KNOTS.)
BOUNDED_SURFACE()
GEOMETRIC_REPRESENTATION_ITEM()
RATIONAL_B_SPLINE_SURFACE(((1.,0.724672421759637,1.),(1.,0.724672421716626,
1.),(1.,0.724611621689073,1.),(1.,0.724492673816697,1.)))
REPRESENTATION_ITEM('')
SURFACE()
);
#45=(
B_SPLINE_SURFACE(3,2,((#8137,#8138,#8139),(#8140,#8141,#8142),(#8143,#8144,
#8145),(#8146,#8147,#8148),(#8149,#8150,#8151),(#8152,#8153,#8154),(#8155,
#8156,#8157)),.UNSPECIFIED.,.F.,.F.,.F.)
B_SPLINE_SURFACE_WITH_KNOTS((4,1,1,1,4),(3,3),(0.0108186938026838,0.0128610226079641,0.0149033514132443,0.0169456802185245,0.0189880090238047),(0.,1.),.UNSPECIFIED.)
BOUNDED_SURFACE()
GEOMETRIC_REPRESENTATION_ITEM()
RATIONAL_B_SPLINE_SURFACE(((1.,0.70377488337832,1.),(1.,0.720747677928589,
1.),(1.,0.753800894299026,1.),(1.,0.787960534601379,1.),(1.,0.795217818794444,
1.),(1.,0.780450212224615,1.),(1.,0.769434198295893,1.)))
REPRESENTATION_ITEM('')
SURFACE()
);
#46=(
B_SPLINE_SURFACE(3,2,((#8170,#8171,#8172),(#8173,#8174,#8175),(#8176,#8177,
#8178),(#8179,#8180,#8181)),.UNSPECIFIED.,.F.,.F.,.F.)
B_SPLINE_SURFACE_WITH_KNOTS((4,4),(3,3),(0.000554963543395211,0.000683495018703905),(0.,1.),.PIECEWISE_BEZIER_KNOTS.)
BOUNDED_SURFACE()
GEOMETRIC_REPRESENTATION_ITEM()
RATIONAL_B_SPLINE_SURFACE(((1.,0.873346929856696,1.),(1.,0.873346929628601,
1.),(1.,0.873214696631588,1.),(1.,0.872954878445123,1.)))
REPRESENTATION_ITEM('')
SURFACE()
);
#47=(
B_SPLINE_SURFACE(3,2,((#8183,#8184,#8185),(#8186,#8187,#8188),(#8189,#8190,
#8191),(#8192,#8193,#8194)),.UNSPECIFIED.,.F.,.F.,.F.)
B_SPLINE_SURFACE_WITH_KNOTS((4,4),(3,3),(-3.70526092446921E-17,0.000171299344578448),(0.,1.),.PIECEWISE_BEZIER_KNOTS.)
BOUNDED_SURFACE()
GEOMETRIC_REPRESENTATION_ITEM()
RATIONAL_B_SPLINE_SURFACE(((1.,0.676023248287964,1.),(1.,0.685128658158099,
1.),(1.,0.694386282553598,1.),(1.,0.70377511297411,1.)))
REPRESENTATION_ITEM('')
SURFACE()
);
#48=(
B_SPLINE_SURFACE(3,2,((#8196,#8197,#8198),(#8199,#8200,#8201),(#8202,#8203,
#8204),(#8205,#8206,#8207),(#8208,#8209,#8210),(#8211,#8212,#8213),(#8214,
#8215,#8216)),.UNSPECIFIED.,.F.,.F.,.F.)
B_SPLINE_SURFACE_WITH_KNOTS((4,1,1,1,4),(3,3),(-1.19262238973405E-18,0.000814290644652055,0.00162858128930411,0.00244287193395617,0.00325716257860822),(0.,1.),.UNSPECIFIED.)
BOUNDED_SURFACE()
GEOMETRIC_REPRESENTATION_ITEM()
RATIONAL_B_SPLINE_SURFACE(((1.,0.872954878445122,1.),(1.,0.869723025621666,
1.),(1.,0.883617330174978,1.),(1.,0.940619227626084,1.),(1.,0.988484646092025,
1.),(1.,1.00000000029633,1.),(1.,1.,1.)))
REPRESENTATION_ITEM('')
SURFACE()
);
#49=(
B_SPLINE_SURFACE(3,2,((#8530,#8531,#8532),(#8533,#8534,#8535),(#8536,#8537,
#8538),(#8539,#8540,#8541),(#8542,#8543,#8544)),.UNSPECIFIED.,.F.,.F.,.F.)
B_SPLINE_SURFACE_WITH_KNOTS((4,1,4),(3,3),(-1.12553738031151E-17,9.8904650635587E-05,0.000197809301271185),(0.,1.),.UNSPECIFIED.)
BOUNDED_SURFACE()
GEOMETRIC_REPRESENTATION_ITEM()
RATIONAL_B_SPLINE_SURFACE(((1.,0.702269049710877,1.),(1.,0.690888360571845,
1.),(1.,0.668641230437511,1.),(1.,0.656422981479348,1.),(1.,0.654521743601435,
1.)))
REPRESENTATION_ITEM('')
SURFACE()
);
#50=(
B_SPLINE_SURFACE(3,2,((#8549,#8550,#8551),(#8552,#8553,#8554),(#8555,#8556,
#8557),(#8558,#8559,#8560)),.UNSPECIFIED.,.F.,.F.,.F.)
B_SPLINE_SURFACE_WITH_KNOTS((4,4),(3,3),(0.00389134951984412,0.00420016590254891),(0.,1.),.PIECEWISE_BEZIER_KNOTS.)
BOUNDED_SURFACE()
GEOMETRIC_REPRESENTATION_ITEM()
RATIONAL_B_SPLINE_SURFACE(((1.,0.654521743601438,1.),(1.,0.655263593793836,
1.),(1.,0.656574200522429,1.),(1.,0.658424220995479,1.)))
REPRESENTATION_ITEM('')
SURFACE()
);
#51=(
B_SPLINE_SURFACE(3,2,((#8566,#8567,#8568),(#8569,#8570,#8571),(#8572,#8573,
#8574),(#8575,#8576,#8577),(#8578,#8579,#8580)),.UNSPECIFIED.,.F.,.F.,.F.)
B_SPLINE_SURFACE_WITH_KNOTS((4,1,4),(3,3),(-8.53809210832335E-19,0.00011827024670874,0.000236540493417482),(0.,1.),.UNSPECIFIED.)
BOUNDED_SURFACE()
GEOMETRIC_REPRESENTATION_ITEM()
RATIONAL_B_SPLINE_SURFACE(((1.,0.76917280025409,1.),(1.,0.767928823827439,
1.),(1.,0.752450433163577,1.),(1.,0.719296381070423,1.),(1.,0.702269049710879,
1.)))
REPRESENTATION_ITEM('')
SURFACE()
);
#52=(
B_SPLINE_SURFACE(3,2,((#8585,#8586,#8587),(#8588,#8589,#8590),(#8591,#8592,
#8593),(#8594,#8595,#8596),(#8597,#8598,#8599)),.UNSPECIFIED.,.F.,.F.,.F.)
B_SPLINE_SURFACE_WITH_KNOTS((4,1,4),(3,3),(2.08166817117217E-17,0.0066697784804671,0.0133395569609342),(0.,1.),.UNSPECIFIED.)
BOUNDED_SURFACE()
GEOMETRIC_REPRESENTATION_ITEM()
RATIONAL_B_SPLINE_SURFACE(((1.,0.654002345344468,1.),(1.,0.653977707071147,
1.),(1.,0.653929813022464,1.),(1.,0.653883964018371,1.),(1.,0.653862661174558,
1.)))
REPRESENTATION_ITEM('')
SURFACE()
);
#53=(
B_SPLINE_SURFACE(3,2,((#8606,#8607,#8608),(#8609,#8610,#8611),(#8612,#8613,
#8614),(#8615,#8616,#8617)),.UNSPECIFIED.,.F.,.F.,.F.)
B_SPLINE_SURFACE_WITH_KNOTS((4,4),(3,3),(0.00389297629415306,0.00432422394127965),(0.,1.),.PIECEWISE_BEZIER_KNOTS.)
BOUNDED_SURFACE()
GEOMETRIC_REPRESENTATION_ITEM()
RATIONAL_B_SPLINE_SURFACE(((1.,0.654002345344468,1.),(1.,0.654042442518726,
1.),(1.,0.655241069328,1.),(1.,0.657532196739523,1.)))
REPRESENTATION_ITEM('')
SURFACE()
);
#54=(
B_SPLINE_SURFACE(3,2,((#8634,#8635,#8636),(#8637,#8638,#8639),(#8640,#8641,
#8642),(#8643,#8644,#8645)),.UNSPECIFIED.,.F.,.F.,.F.)
B_SPLINE_SURFACE_WITH_KNOTS((4,4),(3,3),(0.00393297726677954,0.00422870082780155),(0.,1.),.PIECEWISE_BEZIER_KNOTS.)
BOUNDED_SURFACE()
GEOMETRIC_REPRESENTATION_ITEM()
RATIONAL_B_SPLINE_SURFACE(((1.,0.773707833828284,1.),(1.,0.773792010185635,
1.),(1.,0.773810515184497,1.),(1.,0.77376457270627,1.)))
REPRESENTATION_ITEM('')
SURFACE()
);
#55=(
B_SPLINE_SURFACE(3,2,((#8650,#8651,#8652),(#8653,#8654,#8655),(#8656,#8657,
#8658),(#8659,#8660,#8661),(#8662,#8663,#8664)),.UNSPECIFIED.,.F.,.F.,.F.)
B_SPLINE_SURFACE_WITH_KNOTS((4,1,4),(3,3),(0.000487790083314123,0.000582161436355814,0.000676532789397505),(0.,1.),.UNSPECIFIED.)
BOUNDED_SURFACE()
GEOMETRIC_REPRESENTATION_ITEM()
RATIONAL_B_SPLINE_SURFACE(((1.,0.69421862127726,1.),(1.,0.683564097659061,
1.),(1.,0.663841397261565,1.),(1.,0.654766958336182,1.),(1.,0.654114853178549,
1.)))
REPRESENTATION_ITEM('')
SURFACE()
);
#56=(
B_SPLINE_SURFACE(3,2,((#8673,#8674,#8675),(#8676,#8677,#8678),(#8679,#8680,
#8681),(#8682,#8683,#8684)),.UNSPECIFIED.,.F.,.F.,.F.)
B_SPLINE_SURFACE_WITH_KNOTS((4,4),(3,3),(0.00399202490723132,0.00427159607699368),(0.,1.),.PIECEWISE_BEZIER_KNOTS.)
BOUNDED_SURFACE()
GEOMETRIC_REPRESENTATION_ITEM()
RATIONAL_B_SPLINE_SURFACE(((1.,0.751791347482578,1.),(1.,0.753000810291542,
1.),(1.,0.754177620340315,1.),(1.,0.755302256416716,1.)))
REPRESENTATION_ITEM('')
SURFACE()
);
#57=(
B_SPLINE_SURFACE(3,2,((#8689,#8690,#8691),(#8692,#8693,#8694),(#8695,#8696,
#8697),(#8698,#8699,#8700),(#8701,#8702,#8703),(#8704,#8705,#8706),(#8707,
#8708,#8709)),.UNSPECIFIED.,.F.,.F.,.F.)
B_SPLINE_SURFACE_WITH_KNOTS((4,1,1,1,4),(3,3),(0.00979318731225975,0.0115496005176729,0.0133060137230862,0.0150624269284994,0.0168188401339126),(0.,1.),.UNSPECIFIED.)
BOUNDED_SURFACE()
GEOMETRIC_REPRESENTATION_ITEM()
RATIONAL_B_SPLINE_SURFACE(((1.,0.694218621277255,1.),(1.,0.708349468198399,
1.),(1.,0.737106130644389,1.),(1.,0.771075388303486,1.),(1.,0.785726523262514,
1.),(1.,0.779828142262592,1.),(1.,0.773352326808199,1.)))
REPRESENTATION_ITEM('')
SURFACE()
);
#58=(
B_SPLINE_SURFACE(3,2,((#8899,#8900,#8901),(#8902,#8903,#8904),(#8905,#8906,
#8907),(#8908,#8909,#8910)),.UNSPECIFIED.,.F.,.F.,.F.)
B_SPLINE_SURFACE_WITH_KNOTS((4,4),(3,3),(0.000642392370093611,0.00102053714646273),(0.,1.),.PIECEWISE_BEZIER_KNOTS.)
BOUNDED_SURFACE()
GEOMETRIC_REPRESENTATION_ITEM()
RATIONAL_B_SPLINE_SURFACE(((1.,0.707106781186549,1.),(1.,0.71173426578725,
1.),(1.,0.716230635247809,1.),(1.,0.720606770307108,1.)))
REPRESENTATION_ITEM('')
SURFACE()
);
#59=(
B_SPLINE_SURFACE(3,2,((#8917,#8918,#8919),(#8920,#8921,#8922),(#8923,#8924,
#8925),(#8926,#8927,#8928),(#8929,#8930,#8931),(#8932,#8933,#8934),(#8935,
#8936,#8937)),.UNSPECIFIED.,.F.,.F.,.F.)
B_SPLINE_SURFACE_WITH_KNOTS((4,1,1,1,4),(3,3),(2.01661604082304E-17,0.000794723751245046,0.00158944750249007,0.0023841712537351,0.00317889500498012),(0.,1.),.UNSPECIFIED.)
BOUNDED_SURFACE()
GEOMETRIC_REPRESENTATION_ITEM()
RATIONAL_B_SPLINE_SURFACE(((1.,0.720606770307118,1.),(1.,0.739353748464848,
1.),(1.,0.811177509215568,1.),(1.,0.917505075380084,1.),(1.,0.984882499958434,
1.),(1.,1.00000000000051,1.),(1.,1.,1.)))
REPRESENTATION_ITEM('')
SURFACE()
);
#60=(
B_SPLINE_SURFACE(3,2,((#8956,#8957,#8958),(#8959,#8960,#8961),(#8962,#8963,
#8964),(#8965,#8966,#8967)),.UNSPECIFIED.,.F.,.F.,.F.)
B_SPLINE_SURFACE_WITH_KNOTS((4,4),(3,3),(0.000620601670678239,0.000877921287635779),(0.,1.),.PIECEWISE_BEZIER_KNOTS.)
BOUNDED_SURFACE()
GEOMETRIC_REPRESENTATION_ITEM()
RATIONAL_B_SPLINE_SURFACE(((1.,0.724672421759637,1.),(1.,0.724672421716549,
1.),(1.,0.724611621689024,1.),(1.,0.724492673816695,1.)))
REPRESENTATION_ITEM('')
SURFACE()
);
#61=(
B_SPLINE_SURFACE(3,2,((#8974,#8975,#8976),(#8977,#8978,#8979),(#8980,#8981,
#8982),(#8983,#8984,#8985),(#8986,#8987,#8988),(#8989,#8990,#8991),(#8992,
#8993,#8994),(#8995,#8996,#8997)),.UNSPECIFIED.,.F.,.F.,.F.)
B_SPLINE_SURFACE_WITH_KNOTS((4,1,1,1,1,4),(3,3),(-1.40946282423116E-18,0.000433885744254627,0.000867771488509255,0.00173554297701851,0.00260331446552777,0.00347108595403702),(0.,1.),.UNSPECIFIED.)
BOUNDED_SURFACE()
GEOMETRIC_REPRESENTATION_ITEM()
RATIONAL_B_SPLINE_SURFACE(((1.,0.724492673816696,1.),(1.,0.724096399222593,
1.),(1.,0.736340496919229,1.),(1.,0.800195224059712,1.),(1.,0.901897153993371,
1.),(1.,0.981768579848678,1.),(1.,1.00000000026785,1.),(1.,1.,1.)))
REPRESENTATION_ITEM('')
SURFACE()
);
#62=(
B_SPLINE_SURFACE(3,2,((#9003,#9004,#9005),(#9006,#9007,#9008),(#9009,#9010,
#9011),(#9012,#9013,#9014),(#9015,#9016,#9017),(#9018,#9019,#9020),(#9021,
#9022,#9023)),.UNSPECIFIED.,.F.,.F.,.F.)
B_SPLINE_SURFACE_WITH_KNOTS((4,1,1,1,4),(3,3),(0.0108186938026838,0.012861022607964,0.0149033514132442,0.0169456802185244,0.0189880090238046),(0.,1.),.UNSPECIFIED.)
BOUNDED_SURFACE()
GEOMETRIC_REPRESENTATION_ITEM()
RATIONAL_B_SPLINE_SURFACE(((1.,0.703774883378319,1.),(1.,0.720747677930082,
1.),(1.,0.753800894298364,1.),(1.,0.787960534601451,1.),(1.,0.795217818794813,
1.),(1.,0.780450212223705,1.),(1.,0.769434198295894,1.)))
REPRESENTATION_ITEM('')
SURFACE()
);
#63=(
B_SPLINE_SURFACE(3,2,((#9025,#9026,#9027),(#9028,#9029,#9030),(#9031,#9032,
#9033),(#9034,#9035,#9036)),.UNSPECIFIED.,.F.,.F.,.F.)
B_SPLINE_SURFACE_WITH_KNOTS((4,4),(3,3),(0.000554963543395205,0.000683495018703899),(0.,1.),.PIECEWISE_BEZIER_KNOTS.)
BOUNDED_SURFACE()
GEOMETRIC_REPRESENTATION_ITEM()
RATIONAL_B_SPLINE_SURFACE(((1.,0.873346929856697,1.),(1.,0.873346929628537,
1.),(1.,0.87321469663154,1.),(1.,0.872954878445123,1.)))
REPRESENTATION_ITEM('')
SURFACE()
);
#64=(
B_SPLINE_SURFACE(3,2,((#9049,#9050,#9051),(#9052,#9053,#9054),(#9055,#9056,
#9057),(#9058,#9059,#9060)),.UNSPECIFIED.,.F.,.F.,.F.)
B_SPLINE_SURFACE_WITH_KNOTS((4,4),(3,3),(-1.19685147646005E-09,0.000171298147726983),(0.,1.),.PIECEWISE_BEZIER_KNOTS.)
BOUNDED_SURFACE()
GEOMETRIC_REPRESENTATION_ITEM()
RATIONAL_B_SPLINE_SURFACE(((1.,0.703775112974192,1.),(1.,0.694386282547133,
1.),(1.,0.685128658158216,1.),(1.,0.676023248287973,1.)))
REPRESENTATION_ITEM('')
SURFACE()
);
#65=(
B_SPLINE_SURFACE(3,2,((#9062,#9063,#9064),(#9065,#9066,#9067),(#9068,#9069,
#9070),(#9071,#9072,#9073),(#9074,#9075,#9076),(#9077,#9078,#9079),(#9080,
#9081,#9082)),.UNSPECIFIED.,.F.,.F.,.F.)
B_SPLINE_SURFACE_WITH_KNOTS((4,1,1,1,4),(3,3),(5.74627151417317E-18,0.000814290644652058,0.00162858128930411,0.00244287193395616,0.00325716257860821),(0.,1.),.UNSPECIFIED.)
BOUNDED_SURFACE()
GEOMETRIC_REPRESENTATION_ITEM()
RATIONAL_B_SPLINE_SURFACE(((1.,0.872954878445122,1.),(1.,0.869723025622018,
1.),(1.,0.883617330174815,1.),(1.,0.940619227626128,1.),(1.,0.988484646092012,
1.),(1.,1.00000000029633,1.),(1.,1.,1.)))
REPRESENTATION_ITEM('')
SURFACE()
);
#66=(
B_SPLINE_SURFACE(3,2,((#9371,#9372,#9373),(#9374,#9375,#9376),(#9377,#9378,
#9379),(#9380,#9381,#9382),(#9383,#9384,#9385)),.UNSPECIFIED.,.F.,.F.,.F.)
B_SPLINE_SURFACE_WITH_KNOTS((4,1,4),(3,3),(-5.02121131132349E-18,9.89115326636474E-05,0.0001978230653273),(0.,1.),.UNSPECIFIED.)
BOUNDED_SURFACE()
GEOMETRIC_REPRESENTATION_ITEM()
RATIONAL_B_SPLINE_SURFACE(((1.,0.654521743601438,1.),(1.,0.656422903597074,
1.),(1.,0.668579089921242,1.),(1.,0.690888855954034,1.),(1.,0.702269049710877,
1.)))
REPRESENTATION_ITEM('')
SURFACE()
);
#67=(
B_SPLINE_SURFACE(3,2,((#9390,#9391,#9392),(#9393,#9394,#9395),(#9396,#9397,
#9398),(#9399,#9400,#9401)),.UNSPECIFIED.,.F.,.F.,.F.)
B_SPLINE_SURFACE_WITH_KNOTS((4,4),(3,3),(0.00389134951984411,0.00420016590254886),(0.,1.),.PIECEWISE_BEZIER_KNOTS.)
BOUNDED_SURFACE()
GEOMETRIC_REPRESENTATION_ITEM()
RATIONAL_B_SPLINE_SURFACE(((1.,0.654521743601438,1.),(1.,0.655263593793819,
1.),(1.,0.656574200522457,1.),(1.,0.658424220995478,1.)))
REPRESENTATION_ITEM('')
SURFACE()
);
#68=(
B_SPLINE_SURFACE(3,2,((#9407,#9408,#9409),(#9410,#9411,#9412),(#9413,#9414,
#9415),(#9416,#9417,#9418),(#9419,#9420,#9421)),.UNSPECIFIED.,.F.,.F.,.F.)
B_SPLINE_SURFACE_WITH_KNOTS((4,1,4),(3,3),(1.21498405954157E-17,0.000118272288784517,0.000236544577569022),(0.,1.),.UNSPECIFIED.)
BOUNDED_SURFACE()
GEOMETRIC_REPRESENTATION_ITEM()
RATIONAL_B_SPLINE_SURFACE(((1.,0.702269049710877,1.),(1.,0.719301446035542,
1.),(1.,0.752382660356394,1.),(1.,0.767928494480678,1.),(1.,0.769172800254088,
1.)))
REPRESENTATION_ITEM('')
SURFACE()
);
#69=(
B_SPLINE_SURFACE(3,2,((#9426,#9427,#9428),(#9429,#9430,#9431),(#9432,#9433,
#9434),(#9435,#9436,#9437),(#9438,#9439,#9440)),.UNSPECIFIED.,.F.,.F.,.F.)
B_SPLINE_SURFACE_WITH_KNOTS((4,1,4),(3,3),(2.08166817117217E-17,0.00666977848046712,0.0133395569609342),(0.,1.),.UNSPECIFIED.)
BOUNDED_SURFACE()
GEOMETRIC_REPRESENTATION_ITEM()
RATIONAL_B_SPLINE_SURFACE(((1.,0.654002345344468,1.),(1.,0.653977707070146,
1.),(1.,0.653929813025561,1.),(1.,0.653883964013179,1.),(1.,0.653862661174559,
1.)))
REPRESENTATION_ITEM('')
SURFACE()
);
#70=(
B_SPLINE_SURFACE(3,2,((#9447,#9448,#9449),(#9450,#9451,#9452),(#9453,#9454,
#9455),(#9456,#9457,#9458)),.UNSPECIFIED.,.F.,.F.,.F.)
B_SPLINE_SURFACE_WITH_KNOTS((4,4),(3,3),(0.00389297629415304,0.00432422394127957),(0.,1.),.PIECEWISE_BEZIER_KNOTS.)
BOUNDED_SURFACE()
GEOMETRIC_REPRESENTATION_ITEM()
RATIONAL_B_SPLINE_SURFACE(((1.,0.654002345344468,1.),(1.,0.654042442518508,
1.),(1.,0.655241069327926,1.),(1.,0.657532196739522,1.)))
REPRESENTATION_ITEM('')
SURFACE()
);
#71=(
B_SPLINE_SURFACE(3,2,((#9475,#9476,#9477),(#9478,#9479,#9480),(#9481,#9482,
#9483),(#9484,#9485,#9486)),.UNSPECIFIED.,.F.,.F.,.F.)
B_SPLINE_SURFACE_WITH_KNOTS((4,4),(3,3),(0.00393297726677952,0.00422870082780153),(0.,1.),.PIECEWISE_BEZIER_KNOTS.)
BOUNDED_SURFACE()
GEOMETRIC_REPRESENTATION_ITEM()
RATIONAL_B_SPLINE_SURFACE(((1.,0.773707833828285,1.),(1.,0.773792010185182,
1.),(1.,0.773810515184612,1.),(1.,0.77376457270627,1.)))
REPRESENTATION_ITEM('')
SURFACE()
);
#72=(
B_SPLINE_SURFACE(3,2,((#9491,#9492,#9493),(#9494,#9495,#9496),(#9497,#9498,
#9499),(#9500,#9501,#9502),(#9503,#9504,#9505)),.UNSPECIFIED.,.F.,.F.,.F.)
B_SPLINE_SURFACE_WITH_KNOTS((4,1,4),(3,3),(0.0004877900833141,0.000582161436355139,0.000676532789396179),(0.,1.),.UNSPECIFIED.)
BOUNDED_SURFACE()
GEOMETRIC_REPRESENTATION_ITEM()
RATIONAL_B_SPLINE_SURFACE(((1.,0.694218621277259,1.),(1.,0.683564097659114,
1.),(1.,0.663841397261884,1.),(1.,0.654766958336093,1.),(1.,0.654114853178575,
1.)))
REPRESENTATION_ITEM('')
SURFACE()
);
#73=(
B_SPLINE_SURFACE(3,2,((#9514,#9515,#9516),(#9517,#9518,#9519),(#9520,#9521,
#9522),(#9523,#9524,#9525)),.UNSPECIFIED.,.F.,.F.,.F.)
B_SPLINE_SURFACE_WITH_KNOTS((4,4),(3,3),(0.00399202490723124,0.00427159607700672),(0.,1.),.PIECEWISE_BEZIER_KNOTS.)
BOUNDED_SURFACE()
GEOMETRIC_REPRESENTATION_ITEM()
RATIONAL_B_SPLINE_SURFACE(((1.,0.751791347482575,1.),(1.,0.753000810291382,
1.),(1.,0.754177620340125,1.),(1.,0.755302256416876,1.)))
REPRESENTATION_ITEM('')
SURFACE()
);
#74=(
B_SPLINE_SURFACE(3,2,((#9530,#9531,#9532),(#9533,#9534,#9535),(#9536,#9537,
#9538),(#9539,#9540,#9541),(#9542,#9543,#9544),(#9545,#9546,#9547),(#9548,
#9549,#9550)),.UNSPECIFIED.,.F.,.F.,.F.)
B_SPLINE_SURFACE_WITH_KNOTS((4,1,1,1,4),(3,3),(0.00979318731225982,0.011549600517673,0.0133060137230862,0.0150624269284994,0.0168188401339126),(0.,1.),.UNSPECIFIED.)
BOUNDED_SURFACE()
GEOMETRIC_REPRESENTATION_ITEM()
RATIONAL_B_SPLINE_SURFACE(((1.,0.694218621277257,1.),(1.,0.708349468198895,
1.),(1.,0.737106130644156,1.),(1.,0.771075388303572,1.),(1.,0.785726523262395,
1.),(1.,0.779828142262822,1.),(1.,0.773352326808199,1.)))
REPRESENTATION_ITEM('')
SURFACE()
);
#75=(
B_SPLINE_SURFACE(3,2,((#9753,#9754,#9755),(#9756,#9757,#9758),(#9759,#9760,
#9761),(#9762,#9763,#9764),(#9765,#9766,#9767),(#9768,#9769,#9770)),.UNSPECIFIED.,.F.,.F.,.F.)
B_SPLINE_SURFACE_WITH_KNOTS((4,1,1,4),(3,3),(-1.64798730217797E-17,0.00179362306512417,0.00358724613024836,0.00717449226049673),(0.,1.),.UNSPECIFIED.)
BOUNDED_SURFACE()
GEOMETRIC_REPRESENTATION_ITEM()
RATIONAL_B_SPLINE_SURFACE(((1.,0.78133463820999,1.),(1.,0.782163223364061,
1.),(1.,0.782882143555776,1.),(1.,0.780621353809364,1.),(1.,0.774861174045218,
1.),(1.,0.769434214345307,1.)))
REPRESENTATION_ITEM('')
SURFACE()
);
#76=(
B_SPLINE_SURFACE(3,2,((#9772,#9773,#9774),(#9775,#9776,#9777),(#9778,#9779,
#9780),(#9781,#9782,#9783),(#9784,#9785,#9786),(#9787,#9788,#9789),(#9790,
#9791,#9792)),.UNSPECIFIED.,.F.,.F.,.F.)
B_SPLINE_SURFACE_WITH_KNOTS((4,1,1,1,4),(3,3),(3.30681662608079E-18,0.000794140320453561,0.00158828064090712,0.00238242096136068,0.00317656128181424),(0.,1.),.UNSPECIFIED.)
BOUNDED_SURFACE()
GEOMETRIC_REPRESENTATION_ITEM()
RATIONAL_B_SPLINE_SURFACE(((1.,0.72133442266624,1.),(1.,0.740008130012089,
1.),(1.,0.811559745505107,1.),(1.,0.917641261362479,1.),(1.,0.984904257931228,
1.),(1.,1.00000000000013,1.),(1.,1.,1.)))
REPRESENTATION_ITEM('')
SURFACE()
);
#77=(
B_SPLINE_SURFACE(3,2,((#9800,#9801,#9802),(#9803,#9804,#9805),(#9806,#9807,
#9808),(#9809,#9810,#9811)),.UNSPECIFIED.,.F.,.F.,.F.)
B_SPLINE_SURFACE_WITH_KNOTS((4,4),(3,3),(0.000642403157294691,0.00104144424114186),(0.,1.),.PIECEWISE_BEZIER_KNOTS.)
BOUNDED_SURFACE()
GEOMETRIC_REPRESENTATION_ITEM()
RATIONAL_B_SPLINE_SURFACE(((1.,0.707106781186552,1.),(1.,0.711991119888,
1.),(1.,0.716729515345592,1.),(1.,0.721334422666234,1.)))
REPRESENTATION_ITEM('')
SURFACE()
);
#78=(
B_SPLINE_SURFACE(3,2,((#9831,#9832,#9833),(#9834,#9835,#9836),(#9837,#9838,
#9839),(#9840,#9841,#9842),(#9843,#9844,#9845),(#9846,#9847,#9848),(#9849,
#9850,#9851)),.UNSPECIFIED.,.F.,.F.,.F.)
B_SPLINE_SURFACE_WITH_KNOTS((4,1,1,1,4),(3,3),(2.02745806254789E-17,0.000856034425486265,0.00171206885097251,0.00256810327645876,0.003424137701945),(0.,1.),.UNSPECIFIED.)
BOUNDED_SURFACE()
GEOMETRIC_REPRESENTATION_ITEM()
RATIONAL_B_SPLINE_SURFACE(((1.,0.749953384130649,1.),(1.,0.748211927368854,
1.),(1.,0.794131137964007,1.),(1.,0.906951553391714,1.),(1.,0.982552801163571,
1.),(1.,1.00000000029085,1.),(1.,1.,1.)))
REPRESENTATION_ITEM('')
SURFACE()
);
#79=(
B_SPLINE_SURFACE(3,2,((#9859,#9860,#9861),(#9862,#9863,#9864),(#9865,#9866,
#9867),(#9868,#9869,#9870)),.UNSPECIFIED.,.F.,.F.,.F.)
B_SPLINE_SURFACE_WITH_KNOTS((4,4),(3,3),(0.000617559953069103,0.000854372467569471),(0.,1.),.PIECEWISE_BEZIER_KNOTS.)
BOUNDED_SURFACE()
GEOMETRIC_REPRESENTATION_ITEM()
RATIONAL_B_SPLINE_SURFACE(((1.,0.750322063307314,1.),(1.,0.750322063210915,
1.),(1.,0.750197433742623,1.),(1.,0.749953384130649,1.)))
REPRESENTATION_ITEM('')
SURFACE()
);
#80=(
B_SPLINE_SURFACE(3,2,((#9875,#9876,#9877),(#9878,#9879,#9880),(#9881,#9882,
#9883),(#9884,#9885,#9886)),.UNSPECIFIED.,.F.,.F.,.F.)
B_SPLINE_SURFACE_WITH_KNOTS((4,4),(3,3),(0.00061981376801242,0.000911774412116892),(0.,1.),.PIECEWISE_BEZIER_KNOTS.)
BOUNDED_SURFACE()
GEOMETRIC_REPRESENTATION_ITEM()
RATIONAL_B_SPLINE_SURFACE(((1.,0.679189889932686,1.),(1.,0.679189890013071,
1.),(1.,0.679318292055703,1.),(1.,0.67956891430792,1.)))
REPRESENTATION_ITEM('')
SURFACE()
);
#81=(
B_SPLINE_SURFACE(3,2,((#9893,#9894,#9895),(#9896,#9897,#9898),(#9899,#9900,
#9901),(#9902,#9903,#9904),(#9905,#9906,#9907),(#9908,#9909,#9910),(#9911,
#9912,#9913),(#9914,#9915,#9916),(#9917,#9918,#9919)),.UNSPECIFIED.,.F.,.F.,.F.)
B_SPLINE_SURFACE_WITH_KNOTS((4,1,1,1,1,1,4),(3,3),(3.08997619158369E-18,0.000446020897707313,0.000892041795414623,0.00133806269312193,0.00178408359082924,0.00267612538624386,0.00356816718165848),(0.,1.),.UNSPECIFIED.)
BOUNDED_SURFACE()
GEOMETRIC_REPRESENTATION_ITEM()
RATIONAL_B_SPLINE_SURFACE(((1.,0.679568914307919,1.),(1.,0.680326534556121,
1.),(1.,0.698606677058979,1.),(1.,0.758928268162736,1.),(1.,0.826355570066148,
1.),(1.,0.908531829269068,1.),(1.,0.980690086235453,1.),(1.,1.00000000021511,
1.),(1.,1.,1.)))
REPRESENTATION_ITEM('')
SURFACE()
);
#82=TOROIDAL_SURFACE('',#5307,0.203463485667576,0.003);
#83=TOROIDAL_SURFACE('',#5313,0.206922240629445,0.003);
#84=TOROIDAL_SURFACE('',#5314,0.20699939784464,0.003);
#85=TOROIDAL_SURFACE('',#5317,0.0322017452255507,0.003);
#86=TOROIDAL_SURFACE('',#5356,0.0302017452255508,0.001);
#87=TOROIDAL_SURFACE('',#5361,0.208980567278396,0.001);
#88=TOROIDAL_SURFACE('',#5363,0.208723407056042,0.001);
#89=TOROIDAL_SURFACE('',#5365,0.203891542600407,0.001);
#90=TOROIDAL_SURFACE('',#5403,0.0302017452255508,0.001);
#91=TOROIDAL_SURFACE('',#5408,0.208723407056042,0.001);
#92=TOROIDAL_SURFACE('',#5410,0.208980567278396,0.001);
#93=TOROIDAL_SURFACE('',#5412,0.203891542600407,0.001);
#94=TOROIDAL_SURFACE('',#5458,0.206972456856245,0.003);
#95=TOROIDAL_SURFACE('',#5459,0.203463485667576,0.003);
#96=TOROIDAL_SURFACE('',#5463,0.0322017452255507,0.003);
#97=TOROIDAL_SURFACE('',#5466,0.206233358935835,0.003);
#98=TOROIDAL_SURFACE('',#5526,0.208980567278396,0.001);
#99=TOROIDAL_SURFACE('',#5529,0.205460725987718,0.001);
#100=TOROIDAL_SURFACE('',#5530,0.205458565968962,0.001);
#101=TOROIDAL_SURFACE('',#5531,0.0302017452255507,0.001);
#102=TOROIDAL_SURFACE('',#5533,0.205469691014547,0.001);
#103=TOROIDAL_SURFACE('',#5534,0.208863611475373,0.001);
#104=TOROIDAL_SURFACE('',#5536,0.205458565968962,0.001);
#105=TOROIDAL_SURFACE('',#5581,0.206972456856245,0.003);
#106=TOROIDAL_SURFACE('',#5582,0.203463485667576,0.003);
#107=TOROIDAL_SURFACE('',#5587,0.0322017452255507,0.003);
#108=TOROIDAL_SURFACE('',#5589,0.206233358935835,0.003);
#109=TOROIDAL_SURFACE('',#5648,0.208980567278396,0.001);
#110=TOROIDAL_SURFACE('',#5651,0.205460725987718,0.001);
#111=TOROIDAL_SURFACE('',#5652,0.205458565968962,0.001);
#112=TOROIDAL_SURFACE('',#5653,0.0302017452255507,0.001);
#113=TOROIDAL_SURFACE('',#5655,0.205469691014547,0.001);
#114=TOROIDAL_SURFACE('',#5656,0.208863611475373,0.001);
#115=TOROIDAL_SURFACE('',#5658,0.205458565968962,0.001);
#116=TOROIDAL_SURFACE('',#5704,0.203463485667576,0.003);
#117=TOROIDAL_SURFACE('',#5710,0.206922240629445,0.003);
#118=TOROIDAL_SURFACE('',#5711,0.20699939784464,0.003);
#119=TOROIDAL_SURFACE('',#5714,0.0322017452255507,0.003);
#120=CYLINDRICAL_SURFACE('',#5290,0.00115);
#121=CYLINDRICAL_SURFACE('',#5292,0.0292017452255507);
#122=CYLINDRICAL_SURFACE('',#5296,0.00115);
#123=CYLINDRICAL_SURFACE('',#5300,0.0113);
#124=CYLINDRICAL_SURFACE('',#5301,0.003);
#125=CYLINDRICAL_SURFACE('',#5305,0.00115);
#126=CYLINDRICAL_SURFACE('',#5344,0.00115);
#127=CYLINDRICAL_SURFACE('',#5345,0.0292017452255507);
#128=CYLINDRICAL_SURFACE('',#5347,0.00115);
#129=CYLINDRICAL_SURFACE('',#5348,0.00114999999999998);
#130=CYLINDRICAL_SURFACE('',#5349,0.003);
#131=CYLINDRICAL_SURFACE('',#5386,0.00115);
#132=CYLINDRICAL_SURFACE('',#5388,0.0292017452255507);
#133=CYLINDRICAL_SURFACE('',#5391,0.00115);
#134=CYLINDRICAL_SURFACE('',#5393,0.003);
#135=CYLINDRICAL_SURFACE('',#5395,0.00114999999999998);
#136=CYLINDRICAL_SURFACE('',#5441,0.0035);
#137=CYLINDRICAL_SURFACE('',#5442,0.0063);
#138=CYLINDRICAL_SURFACE('',#5443,0.00115);
#139=CYLINDRICAL_SURFACE('',#5445,0.00115);
#140=CYLINDRICAL_SURFACE('',#5447,0.0292017452255507);
#141=CYLINDRICAL_SURFACE('',#5449,0.00115);
#142=CYLINDRICAL_SURFACE('',#5495,0.00300000000000007);
#143=CYLINDRICAL_SURFACE('',#5496,0.003);
#144=CYLINDRICAL_SURFACE('',#5497,0.0002);
#145=CYLINDRICAL_SURFACE('',#5498,0.0292017452255507);
#146=CYLINDRICAL_SURFACE('',#5507,0.00115);
#147=CYLINDRICAL_SURFACE('',#5508,0.00115);
#148=CYLINDRICAL_SURFACE('',#5509,0.0002);
#149=CYLINDRICAL_SURFACE('',#5510,0.0292017452255507);
#150=CYLINDRICAL_SURFACE('',#5512,0.00115);
#151=CYLINDRICAL_SURFACE('',#5513,0.004);
#152=CYLINDRICAL_SURFACE('',#5557,0.0292017452255507);
#153=CYLINDRICAL_SURFACE('',#5560,0.00115);
#154=CYLINDRICAL_SURFACE('',#5563,0.00115);
#155=CYLINDRICAL_SURFACE('',#5572,0.00115);
#156=CYLINDRICAL_SURFACE('',#5576,0.0063);
#157=CYLINDRICAL_SURFACE('',#5577,0.0035);
#158=CYLINDRICAL_SURFACE('',#5607,0.00300000000000007);
#159=CYLINDRICAL_SURFACE('',#5609,0.0292017452255507);
#160=CYLINDRICAL_SURFACE('',#5611,0.0002);
#161=CYLINDRICAL_SURFACE('',#5613,0.003);
#162=CYLINDRICAL_SURFACE('',#5623,0.004);
#163=CYLINDRICAL_SURFACE('',#5625,0.00115);
#164=CYLINDRICAL_SURFACE('',#5627,0.0292017452255507);
#165=CYLINDRICAL_SURFACE('',#5630,0.0002);
#166=CYLINDRICAL_SURFACE('',#5632,0.00115);
#167=CYLINDRICAL_SURFACE('',#5634,0.00115);
#168=CYLINDRICAL_SURFACE('',#5687,0.00115);
#169=CYLINDRICAL_SURFACE('',#5689,0.003);
#170=CYLINDRICAL_SURFACE('',#5691,0.0113);
#171=CYLINDRICAL_SURFACE('',#5692,0.00115);
#172=CYLINDRICAL_SURFACE('',#5694,0.00115);
#173=CYLINDRICAL_SURFACE('',#5696,0.0292017452255507);
#174=B_SPLINE_CURVE_WITH_KNOTS('',3,(#7091,#7092,#7093,#7094,#7095),.UNSPECIFIED.,.F.,.F.,(4,1,4),(0.,0.00367293273247944,0.00734586546495888),.UNSPECIFIED.);
#175=B_SPLINE_CURVE_WITH_KNOTS('',3,(#7107,#7108,#7109,#7110),.UNSPECIFIED.,.F.,.F.,(4,4),(0.,0.000238100539318809),.UNSPECIFIED.);
#176=B_SPLINE_CURVE_WITH_KNOTS('',3,(#7120,#7121,#7122,#7123),.UNSPECIFIED.,.F.,.F.,(4,4),(0.,0.00039985669678893),.UNSPECIFIED.);
#177=B_SPLINE_CURVE_WITH_KNOTS('',3,(#7129,#7130,#7131,#7132,#7133,#7134),.UNSPECIFIED.,.F.,.F.,(4,1,1,4),(0.,0.00244005326509196,0.00488010653018391,0.00976021306036782),.UNSPECIFIED.);
#178=B_SPLINE_CURVE_WITH_KNOTS('',3,(#7144,#7145,#7146,#7147),.UNSPECIFIED.,.F.,.F.,(4,4),(0.,0.000293127304481558),.UNSPECIFIED.);
#179=B_SPLINE_CURVE_WITH_KNOTS('',3,(#7153,#7154,#7155,#7156,#7157),.UNSPECIFIED.,.F.,.F.,(4,1,4),(0.,0.00227850578694391,0.00455701157388783),.UNSPECIFIED.);
#180=B_SPLINE_CURVE_WITH_KNOTS('',3,(#7192,#7193,#7194,#7195),.UNSPECIFIED.,.F.,.F.,(4,4),(0.,0.000640984797457023),.UNSPECIFIED.);
#181=B_SPLINE_CURVE_WITH_KNOTS('',3,(#7217,#7218,#7219,#7220,#7221),.UNSPECIFIED.,.F.,.F.,(4,1,4),(0.,0.00227869569102005,0.0045573913820401),.UNSPECIFIED.);
#182=B_SPLINE_CURVE_WITH_KNOTS('',3,(#7225,#7226,#7227,#7228,#7229),.UNSPECIFIED.,.F.,.F.,(4,1,4),(0.,0.00254864087802794,0.00509728175605589),.UNSPECIFIED.);
#183=B_SPLINE_CURVE_WITH_KNOTS('',3,(#7231,#7232,#7233,#7234,#7235,#7236),.UNSPECIFIED.,.F.,.F.,(4,1,1,4),(0.,0.00128869052966116,0.00257738105932232,0.00515476211864463),.UNSPECIFIED.);
#184=B_SPLINE_CURVE_WITH_KNOTS('',3,(#7251,#7252,#7253,#7254),.UNSPECIFIED.,.F.,.F.,(4,4),(0.,0.000386100636919619),.UNSPECIFIED.);
#185=B_SPLINE_CURVE_WITH_KNOTS('',3,(#7276,#7277,#7278,#7279,#7280),.UNSPECIFIED.,.F.,.F.,(4,1,4),(0.,0.00254419836043463,0.00508839672086926),.UNSPECIFIED.);
#186=B_SPLINE_CURVE_WITH_KNOTS('',3,(#7310,#7311,#7312,#7313,#7314,#7315),.UNSPECIFIED.,.F.,.F.,(4,1,1,4),(0.,0.00128550631316755,0.00257101262633509,0.00514202525267018),.UNSPECIFIED.);
#187=B_SPLINE_CURVE_WITH_KNOTS('',3,(#7328,#7329,#7330,#7331),.UNSPECIFIED.,.F.,.F.,(4,4),(0.,0.000475335755364353),.UNSPECIFIED.);
#188=B_SPLINE_CURVE_WITH_KNOTS('',3,(#7426,#7427,#7428,#7429,#7430),.UNSPECIFIED.,.F.,.F.,(4,1,4),(0.,0.00178517673019818,0.00357035346039636),.UNSPECIFIED.);
#189=B_SPLINE_CURVE_WITH_KNOTS('',3,(#7435,#7436,#7437,#7438),.UNSPECIFIED.,.F.,.F.,(4,4),(0.,0.000153628523385622),.UNSPECIFIED.);
#190=B_SPLINE_CURVE_WITH_KNOTS('',3,(#7442,#7443,#7444,#7445),.UNSPECIFIED.,.F.,.F.,(4,4),(0.,0.000224370368552027),.UNSPECIFIED.);
#191=B_SPLINE_CURVE_WITH_KNOTS('',3,(#7449,#7450,#7451,#7452),.UNSPECIFIED.,.F.,.F.,(4,4),(0.,0.000290783248281436),.UNSPECIFIED.);
#192=B_SPLINE_CURVE_WITH_KNOTS('',3,(#7460,#7461,#7462,#7463,#7464),.UNSPECIFIED.,.F.,.F.,(4,1,4),(0.,0.00110235473931839,0.00220470947863677),.UNSPECIFIED.);
#193=B_SPLINE_CURVE_WITH_KNOTS('',3,(#7472,#7473,#7474,#7475,#7476),.UNSPECIFIED.,.F.,.F.,(4,1,4),(1.30080962721578E-15,0.000841821884132251,0.0016836437682632),.UNSPECIFIED.);
#194=B_SPLINE_CURVE_WITH_KNOTS('',3,(#7482,#7483,#7484,#7485),.UNSPECIFIED.,.F.,.F.,(4,4),(2.16840434497101E-19,0.00156572086030813),.UNSPECIFIED.);
#195=B_SPLINE_CURVE_WITH_KNOTS('',3,(#7491,#7492,#7493,#7494),.UNSPECIFIED.,.F.,.F.,(4,4),(0.,1.40273150153644E-05),.UNSPECIFIED.);
#196=B_SPLINE_CURVE_WITH_KNOTS('',3,(#7496,#7497,#7498,#7499,#7500),.UNSPECIFIED.,.F.,.F.,(4,1,4),(7.82673672650278E-07,0.00272747729532213,0.00545417191697161),.UNSPECIFIED.);
#197=B_SPLINE_CURVE_WITH_KNOTS('',3,(#7506,#7507,#7508,#7509),.UNSPECIFIED.,.F.,.F.,(4,4),(0.,7.44679291970207E-06),.UNSPECIFIED.);
#198=B_SPLINE_CURVE_WITH_KNOTS('',3,(#7563,#7564,#7565,#7566,#7567),.UNSPECIFIED.,.F.,.F.,(4,1,4),(4.91343390913603E-17,0.000677079994294083,0.00135415998858812),.UNSPECIFIED.);
#199=B_SPLINE_CURVE_WITH_KNOTS('',3,(#7586,#7587,#7588,#7589),.UNSPECIFIED.,.F.,.F.,(4,4),(1.81143676200682E-16,0.00133051378137268),.UNSPECIFIED.);
#200=B_SPLINE_CURVE_WITH_KNOTS('',3,(#7643,#7644,#7645,#7646),.UNSPECIFIED.,.F.,.F.,(4,4),(4.33680868994202E-19,0.00015327090446973),.UNSPECIFIED.);
#201=B_SPLINE_CURVE_WITH_KNOTS('',3,(#7651,#7652,#7653,#7654,#7655),.UNSPECIFIED.,.F.,.F.,(4,1,4),(0.,0.00181074840704641,0.00362149681409282),.UNSPECIFIED.);
#202=B_SPLINE_CURVE_WITH_KNOTS('',3,(#7659,#7660,#7661,#7662),.UNSPECIFIED.,.F.,.F.,(4,4),(0.,0.000292660995430035),.UNSPECIFIED.);
#203=B_SPLINE_CURVE_WITH_KNOTS('',3,(#7666,#7667,#7668,#7669),.UNSPECIFIED.,.F.,.F.,(4,4),(5.25022593123785E-17,0.000224612613481307),.UNSPECIFIED.);
#204=B_SPLINE_CURVE_WITH_KNOTS('',3,(#7678,#7679,#7680,#7681,#7682),.UNSPECIFIED.,.F.,.F.,(4,1,4),(0.,0.000841719288548694,0.00168343857709739),.UNSPECIFIED.);
#205=B_SPLINE_CURVE_WITH_KNOTS('',3,(#7694,#7695,#7696,#7697,#7698),.UNSPECIFIED.,.F.,.F.,(4,1,4),(1.15134421725105E-15,0.00110273633270516,0.00220547266540917),.UNSPECIFIED.);
#206=B_SPLINE_CURVE_WITH_KNOTS('',3,(#7707,#7708,#7709,#7710,#7711),.UNSPECIFIED.,.F.,.F.,(4,1,4),(0.,0.00268983653218884,0.00537967306437767),.UNSPECIFIED.);
#207=B_SPLINE_CURVE_WITH_KNOTS('',3,(#7713,#7714,#7715,#7716),.UNSPECIFIED.,.F.,.F.,(4,4),(9.73920170039985E-17,1.40273150155186E-05),.UNSPECIFIED.);
#208=B_SPLINE_CURVE_WITH_KNOTS('',3,(#7725,#7726,#7727,#7728),.UNSPECIFIED.,.F.,.F.,(4,4),(0.,0.00156742894743882),.UNSPECIFIED.);
#209=B_SPLINE_CURVE_WITH_KNOTS('',3,(#7741,#7742,#7743,#7744),.UNSPECIFIED.,.F.,.F.,(4,4),(0.,7.44679291965379E-06),.UNSPECIFIED.);
#210=B_SPLINE_CURVE_WITH_KNOTS('',3,(#7802,#7803,#7804,#7805),.UNSPECIFIED.,.F.,.F.,(4,4),(1.81143676200682E-16,0.00133051378137254),.UNSPECIFIED.);
#211=B_SPLINE_CURVE_WITH_KNOTS('',3,(#7818,#7819,#7820,#7821,#7822),.UNSPECIFIED.,.F.,.F.,(4,1,4),(0.,0.000677079994294159,0.00135415998858832),.UNSPECIFIED.);
#212=B_SPLINE_CURVE_WITH_KNOTS('',3,(#7901,#7902,#7903,#7904,#7905,#7906,#7907),.UNSPECIFIED.,.F.,.F.,(4,1,1,1,4),(0.,0.00342067033332895,0.00684134066665791,0.0102620109999869,0.0136826813333158),.UNSPECIFIED.);
#213=B_SPLINE_CURVE_WITH_KNOTS('',3,(#7910,#7911,#7912,#7913),.UNSPECIFIED.,.F.,.F.,(4,4),(9.0205620750794E-17,0.0028918926575459),.UNSPECIFIED.);
#214=B_SPLINE_CURVE_WITH_KNOTS('',3,(#7966,#7967,#7968,#7969,#7970,#7971,#7972),.UNSPECIFIED.,.F.,.F.,(4,1,1,1,4),(0.,0.0021000141331971,0.00420002826639419,0.00630004239959129,0.00840005653278839),.UNSPECIFIED.);
#215=B_SPLINE_CURVE_WITH_KNOTS('',3,(#7974,#7975,#7976,#7977),.UNSPECIFIED.,.F.,.F.,(4,4),(0.,0.00017378194377489),.UNSPECIFIED.);
#216=B_SPLINE_CURVE_WITH_KNOTS('',3,(#7981,#7982,#7983,#7984),.UNSPECIFIED.,.F.,.F.,(4,4),(0.,0.00116761507149103),.UNSPECIFIED.);
#217=B_SPLINE_CURVE_WITH_KNOTS('',3,(#7988,#7989,#7990,#7991),.UNSPECIFIED.,.F.,.F.,(4,4),(0.,0.00155104077618066),.UNSPECIFIED.);
#218=B_SPLINE_CURVE_WITH_KNOTS('',3,(#8013,#8014,#8015,#8016),.UNSPECIFIED.,.F.,.F.,(4,4),(0.,0.000129701610372247),.UNSPECIFIED.);
#219=B_SPLINE_CURVE_WITH_KNOTS('',3,(#8022,#8023,#8024,#8025),.UNSPECIFIED.,.F.,.F.,(4,4),(0.,0.000379055158320047),.UNSPECIFIED.);
#220=B_SPLINE_CURVE_WITH_KNOTS('',3,(#8029,#8030,#8031,#8032),.UNSPECIFIED.,.F.,.F.,(4,4),(0.,0.000258578056067077),.UNSPECIFIED.);
#221=B_SPLINE_CURVE_WITH_KNOTS('',3,(#8047,#8048,#8049,#8050),.UNSPECIFIED.,.F.,.F.,(4,4),(0.,0.000607633795371367),.UNSPECIFIED.);
#222=B_SPLINE_CURVE_WITH_KNOTS('',3,(#8072,#8073,#8074,#8075,#8076),.UNSPECIFIED.,.F.,.F.,(4,1,4),(0.,0.00227935900831353,0.00455871801662705),.UNSPECIFIED.);
#223=B_SPLINE_CURVE_WITH_KNOTS('',3,(#8077,#8078,#8079,#8080,#8081),.UNSPECIFIED.,.F.,.F.,(4,1,4),(0.,0.0022795397925793,0.0045590795851586),.UNSPECIFIED.);
#224=B_SPLINE_CURVE_WITH_KNOTS('',3,(#8083,#8084,#8085,#8086,#8087),.UNSPECIFIED.,.F.,.F.,(4,1,4),(0.,0.00255662578425549,0.00511325156851098),.UNSPECIFIED.);
#225=B_SPLINE_CURVE_WITH_KNOTS('',3,(#8116,#8117,#8118,#8119,#8120),.UNSPECIFIED.,.F.,.F.,(4,1,4),(0.,0.00255153461938796,0.00510306923877593),.UNSPECIFIED.);
#226=B_SPLINE_CURVE_WITH_KNOTS('',3,(#8133,#8134,#8135,#8136),.UNSPECIFIED.,.F.,.F.,(4,4),(0.,0.000419314084942014),.UNSPECIFIED.);
#227=B_SPLINE_CURVE_WITH_KNOTS('',3,(#8160,#8161,#8162,#8163),.UNSPECIFIED.,.F.,.F.,(4,4),(0.,0.000210295030458468),.UNSPECIFIED.);
#228=B_SPLINE_CURVE_WITH_KNOTS('',3,(#8165,#8166,#8167,#8168,#8169),.UNSPECIFIED.,.F.,.F.,(4,1,4),(0.,0.00253620518930446,0.00507241037860892),.UNSPECIFIED.);
#229=B_SPLINE_CURVE_WITH_KNOTS('',3,(#8217,#8218,#8219,#8220,#8221),.UNSPECIFIED.,.F.,.F.,(4,1,4),(0.,0.00253809634434032,0.00507619268868064),.UNSPECIFIED.);
#230=B_SPLINE_CURVE_WITH_KNOTS('',3,(#8334,#8335,#8336,#8337),.UNSPECIFIED.,.F.,.F.,(4,4),(0.,5.14243115089929E-05),.UNSPECIFIED.);
#231=B_SPLINE_CURVE_WITH_KNOTS('',3,(#8343,#8344,#8345,#8346),.UNSPECIFIED.,.F.,.F.,(4,4),(0.,1.46734404074888E-05),.UNSPECIFIED.);
#232=B_SPLINE_CURVE_WITH_KNOTS('',3,(#8348,#8349,#8350,#8351),.UNSPECIFIED.,.F.,.F.,(4,4),(-2.67486260509504E-07,5.36250711698213E-05),.UNSPECIFIED.);
#233=B_SPLINE_CURVE_WITH_KNOTS('',3,(#8353,#8354,#8355,#8356),.UNSPECIFIED.,.F.,.F.,(4,4),(4.85722573273506E-17,1.4228568803362E-05),.UNSPECIFIED.);
#234=B_SPLINE_CURVE_WITH_KNOTS('',3,(#8362,#8363,#8364,#8365),.UNSPECIFIED.,.F.,.F.,(4,4),(0.,4.0265909736989E-05),.UNSPECIFIED.);
#235=B_SPLINE_CURVE_WITH_KNOTS('',3,(#8371,#8372,#8373,#8374),.UNSPECIFIED.,.F.,.F.,(4,4),(1.39857877853494E-17,6.97408242448856E-05),.UNSPECIFIED.);
#236=B_SPLINE_CURVE_WITH_KNOTS('',3,(#8376,#8377,#8378,#8379),.UNSPECIFIED.,.F.,.F.,(4,4),(5.20417042793042E-17,8.5574537014334E-06),.UNSPECIFIED.);
#237=B_SPLINE_CURVE_WITH_KNOTS('',3,(#8383,#8384,#8385,#8386,#8387),.UNSPECIFIED.,.F.,.F.,(4,1,4),(0.,0.00648316236391611,0.0129663247278322),.UNSPECIFIED.);
#238=B_SPLINE_CURVE_WITH_KNOTS('',3,(#8392,#8393,#8394,#8395),.UNSPECIFIED.,.F.,.F.,(4,4),(0.,0.00023940314859905),.UNSPECIFIED.);
#239=B_SPLINE_CURVE_WITH_KNOTS('',3,(#8401,#8402,#8403,#8404),.UNSPECIFIED.,.F.,.F.,(4,4),(0.,6.34882396124952E-05),.UNSPECIFIED.);
#240=B_SPLINE_CURVE_WITH_KNOTS('',3,(#8408,#8409,#8410,#8411),.UNSPECIFIED.,.F.,.F.,(4,4),(0.,4.45902546000605E-05),.UNSPECIFIED.);
#241=B_SPLINE_CURVE_WITH_KNOTS('',3,(#8415,#8416,#8417,#8418,#8419,#8420,#8421),.UNSPECIFIED.,.F.,.F.,(4,1,1,1,4),(0.,0.00175021138657126,0.00350042277314251,0.00525063415971377,0.00700084554628503),.UNSPECIFIED.);
#242=B_SPLINE_CURVE_WITH_KNOTS('',3,(#8425,#8426,#8427,#8428),.UNSPECIFIED.,.F.,.F.,(4,4),(0.,0.000170859797522529),.UNSPECIFIED.);
#243=B_SPLINE_CURVE_WITH_KNOTS('',3,(#8432,#8433,#8434,#8435),.UNSPECIFIED.,.F.,.F.,(4,4),(3.10975493138196E-16,0.000168291591370078),.UNSPECIFIED.);
#244=B_SPLINE_CURVE_WITH_KNOTS('',3,(#8437,#8438,#8439,#8440,#8441),.UNSPECIFIED.,.F.,.F.,(4,1,4),(0.,0.00659282833543856,0.0131856566708771),.UNSPECIFIED.);
#245=B_SPLINE_CURVE_WITH_KNOTS('',3,(#8443,#8444,#8445,#8446),.UNSPECIFIED.,.F.,.F.,(4,4),(2.73494161786909E-17,1.09142664599542E-05),.UNSPECIFIED.);
#246=B_SPLINE_CURVE_WITH_KNOTS('',3,(#8448,#8449,#8450,#8451),.UNSPECIFIED.,.F.,.F.,(4,4),(0.,0.000199388020929576),.UNSPECIFIED.);
#247=B_SPLINE_CURVE_WITH_KNOTS('',3,(#8457,#8458,#8459,#8460,#8461),.UNSPECIFIED.,.F.,.F.,(4,1,4),(0.,0.00089855859384964,0.00179711718769928),.UNSPECIFIED.);
#248=B_SPLINE_CURVE_WITH_KNOTS('',3,(#8467,#8468,#8469,#8470),.UNSPECIFIED.,.F.,.F.,(4,4),(0.,0.00150802769788194),.UNSPECIFIED.);
#249=B_SPLINE_CURVE_WITH_KNOTS('',3,(#8472,#8473,#8474,#8475),.UNSPECIFIED.,.F.,.F.,(4,4),(0.,4.96657289937212E-05),.UNSPECIFIED.);
#250=B_SPLINE_CURVE_WITH_KNOTS('',3,(#8477,#8478,#8479,#8480),.UNSPECIFIED.,.F.,.F.,(4,4),(2.29736388467315E-14,1.1206592054594E-05),.UNSPECIFIED.);
#251=B_SPLINE_CURVE_WITH_KNOTS('',3,(#8490,#8491,#8492,#8493),.UNSPECIFIED.,.F.,.F.,(4,4),(0.,0.00144087490183066),.UNSPECIFIED.);
#252=B_SPLINE_CURVE_WITH_KNOTS('',3,(#8499,#8500,#8501,#8502,#8503,#8504,#8505),.UNSPECIFIED.,.F.,.F.,(4,1,1,1,4),(0.,0.00231532186986252,0.00463064373972505,0.00694596560958757,0.00926128747945009),.UNSPECIFIED.);
#253=B_SPLINE_CURVE_WITH_KNOTS('',3,(#8507,#8508,#8509,#8510),.UNSPECIFIED.,.F.,.F.,(4,4),(4.5236053827798E-17,1.45551844819952E-05),.UNSPECIFIED.);
#254=B_SPLINE_CURVE_WITH_KNOTS('',3,(#8526,#8527,#8528,#8529),.UNSPECIFIED.,.F.,.F.,(4,4),(0.,5.37976996402383E-05),.UNSPECIFIED.);
#255=B_SPLINE_CURVE_WITH_KNOTS('',3,(#8561,#8562,#8563,#8564,#8565),.UNSPECIFIED.,.F.,.F.,(4,1,4),(1.76169769418762E-14,0.000850024069194722,0.00170004813837183),.UNSPECIFIED.);
#256=B_SPLINE_CURVE_WITH_KNOTS('',3,(#8581,#8582,#8583,#8584),.UNSPECIFIED.,.F.,.F.,(4,4),(0.,1.),.UNSPECIFIED.);
#257=B_SPLINE_CURVE_WITH_KNOTS('',3,(#8602,#8603,#8604,#8605),.UNSPECIFIED.,.F.,.F.,(4,4),(2.83380354043148E-13,0.00137930316772025),.UNSPECIFIED.);
#258=B_SPLINE_CURVE_WITH_KNOTS('',3,(#8618,#8619,#8620,#8621,#8622),.UNSPECIFIED.,.F.,.F.,(4,1,4),(5.2759554800502E-17,0.000850637884935131,0.00170127576987021),.UNSPECIFIED.);
#259=B_SPLINE_CURVE_WITH_KNOTS('',3,(#8624,#8625,#8626,#8627),.UNSPECIFIED.,.F.,.F.,(4,4),(4.9065389333868E-17,0.00138211662844763),.UNSPECIFIED.);
#260=B_SPLINE_CURVE_WITH_KNOTS('',3,(#8629,#8630,#8631,#8632,#8633),.UNSPECIFIED.,.F.,.F.,(4,1,4),(0.,0.000854444501743436,0.00170888900348687),.UNSPECIFIED.);
#261=B_SPLINE_CURVE_WITH_KNOTS('',3,(#8646,#8647,#8648,#8649),.UNSPECIFIED.,.F.,.F.,(4,4),(0.,0.00138078789019033),.UNSPECIFIED.);
#262=B_SPLINE_CURVE_WITH_KNOTS('',3,(#8667,#8668,#8669,#8670),.UNSPECIFIED.,.F.,.F.,(4,4),(0.,0.00139533838049721),.UNSPECIFIED.);
#263=B_SPLINE_CURVE_WITH_KNOTS('',3,(#8685,#8686,#8687,#8688),.UNSPECIFIED.,.F.,.F.,(4,4),(4.61579895682035E-17,0.00139617218461037),.UNSPECIFIED.);
#264=B_SPLINE_CURVE_WITH_KNOTS('',3,(#8710,#8711,#8712,#8713),.UNSPECIFIED.,.F.,.F.,(4,4),(6.09873118369538E-17,0.00136753037136463),.UNSPECIFIED.);
#265=B_SPLINE_CURVE_WITH_KNOTS('',3,(#8774,#8775,#8776,#8777),.UNSPECIFIED.,.F.,.F.,(4,4),(0.,0.000173781943774928),.UNSPECIFIED.);
#266=B_SPLINE_CURVE_WITH_KNOTS('',3,(#8779,#8780,#8781,#8782,#8783,#8784,#8785),.UNSPECIFIED.,.F.,.F.,(4,1,1,1,4),(3.74459259484317E-16,0.00207123575778001,0.00414247151555964,0.00621370727333927,0.0082849430311189),.UNSPECIFIED.);
#267=B_SPLINE_CURVE_WITH_KNOTS('',3,(#8837,#8838,#8839,#8840),.UNSPECIFIED.,.F.,.F.,(4,4),(0.,0.00289189265754614),.UNSPECIFIED.);
#268=B_SPLINE_CURVE_WITH_KNOTS('',3,(#8842,#8843,#8844,#8845,#8846,#8847,#8848),.UNSPECIFIED.,.F.,.F.,(4,1,1,1,4),(0.,0.00342065726431617,0.00684131452863233,0.0102619717929485,0.0136826290572647),.UNSPECIFIED.);
#269=B_SPLINE_CURVE_WITH_KNOTS('',3,(#8859,#8860,#8861,#8862),.UNSPECIFIED.,.F.,.F.,(4,4),(0.,0.000258578056067077),.UNSPECIFIED.);
#270=B_SPLINE_CURVE_WITH_KNOTS('',3,(#8872,#8873,#8874,#8875),.UNSPECIFIED.,.F.,.F.,(4,4),(0.,0.000379055158320044),.UNSPECIFIED.);
#271=B_SPLINE_CURVE_WITH_KNOTS('',3,(#8879,#8880,#8881,#8882),.UNSPECIFIED.,.F.,.F.,(4,4),(0.,0.0015510407761808),.UNSPECIFIED.);
#272=B_SPLINE_CURVE_WITH_KNOTS('',3,(#8886,#8887,#8888,#8889),.UNSPECIFIED.,.F.,.F.,(4,4),(9.68654526450545E-12,0.0011676150811776),.UNSPECIFIED.);
#273=B_SPLINE_CURVE_WITH_KNOTS('',3,(#8895,#8896,#8897,#8898),.UNSPECIFIED.,.F.,.F.,(4,4),(0.,0.000129701610372246),.UNSPECIFIED.);
#274=B_SPLINE_CURVE_WITH_KNOTS('',3,(#8913,#8914,#8915,#8916),.UNSPECIFIED.,.F.,.F.,(4,4),(0.,0.000607633795371364),.UNSPECIFIED.);
#275=B_SPLINE_CURVE_WITH_KNOTS('',3,(#8938,#8939,#8940,#8941,#8942),.UNSPECIFIED.,.F.,.F.,(4,1,4),(0.,0.00227935900831343,0.00455871801662687),.UNSPECIFIED.);
#276=B_SPLINE_CURVE_WITH_KNOTS('',3,(#8943,#8944,#8945,#8946,#8947),.UNSPECIFIED.,.F.,.F.,(4,1,4),(0.,0.00227953979257925,0.0045590795851585),.UNSPECIFIED.);
#277=B_SPLINE_CURVE_WITH_KNOTS('',3,(#8949,#8950,#8951,#8952,#8953),.UNSPECIFIED.,.F.,.F.,(4,1,4),(0.,0.00255662578425548,0.00511325156851096),.UNSPECIFIED.);
#278=B_SPLINE_CURVE_WITH_KNOTS('',3,(#8970,#8971,#8972,#8973),.UNSPECIFIED.,.F.,.F.,(4,4),(0.,0.000419314084942014),.UNSPECIFIED.);
#279=B_SPLINE_CURVE_WITH_KNOTS('',3,(#8998,#8999,#9000,#9001,#9002),.UNSPECIFIED.,.F.,.F.,(4,1,4),(0.,0.00255153461938797,0.00510306923877595),.UNSPECIFIED.);
#280=B_SPLINE_CURVE_WITH_KNOTS('',3,(#9037,#9038,#9039,#9040),.UNSPECIFIED.,.F.,.F.,(4,4),(0.,0.000210295030458469),.UNSPECIFIED.);
#281=B_SPLINE_CURVE_WITH_KNOTS('',3,(#9044,#9045,#9046,#9047,#9048),.UNSPECIFIED.,.F.,.F.,(4,1,4),(0.,0.00253620518930448,0.00507241037860896),.UNSPECIFIED.);
#282=B_SPLINE_CURVE_WITH_KNOTS('',3,(#9083,#9084,#9085,#9086,#9087),.UNSPECIFIED.,.F.,.F.,(4,1,4),(0.,0.00253809634434032,0.00507619268868063),.UNSPECIFIED.);
#283=B_SPLINE_CURVE_WITH_KNOTS('',3,(#9150,#9151,#9152,#9153),.UNSPECIFIED.,.F.,.F.,(4,4),(0.,5.14243115089945E-05),.UNSPECIFIED.);
#284=B_SPLINE_CURVE_WITH_KNOTS('',3,(#9159,#9160,#9161,#9162),.UNSPECIFIED.,.F.,.F.,(4,4),(0.,1.42285688034098E-05),.UNSPECIFIED.);
#285=B_SPLINE_CURVE_WITH_KNOTS('',3,(#9164,#9165,#9166,#9167),.UNSPECIFIED.,.F.,.F.,(4,4),(2.42915070143535E-07,5.41350017884739E-05),.UNSPECIFIED.);
#286=B_SPLINE_CURVE_WITH_KNOTS('',3,(#9169,#9170,#9171,#9172),.UNSPECIFIED.,.F.,.F.,(4,4),(0.,1.46734404074402E-05),.UNSPECIFIED.);
#287=B_SPLINE_CURVE_WITH_KNOTS('',3,(#9179,#9180,#9181,#9182,#9183),.UNSPECIFIED.,.F.,.F.,(4,1,4),(0.,0.00639978168930237,0.0127995633786047),.UNSPECIFIED.);
#288=B_SPLINE_CURVE_WITH_KNOTS('',3,(#9191,#9192,#9193,#9194),.UNSPECIFIED.,.F.,.F.,(4,4),(0.,8.55745370138105E-06),.UNSPECIFIED.);
#289=B_SPLINE_CURVE_WITH_KNOTS('',3,(#9196,#9197,#9198,#9199),.UNSPECIFIED.,.F.,.F.,(4,4),(1.11094398177283E-07,7.08124960565273E-05),.UNSPECIFIED.);
#290=B_SPLINE_CURVE_WITH_KNOTS('',3,(#9205,#9206,#9207,#9208),.UNSPECIFIED.,.F.,.F.,(4,4),(0.,4.02659097370048E-05),.UNSPECIFIED.);
#291=B_SPLINE_CURVE_WITH_KNOTS('',3,(#9213,#9214,#9215,#9216),.UNSPECIFIED.,.F.,.F.,(4,4),(0.,0.000239923244424655),.UNSPECIFIED.);
#292=B_SPLINE_CURVE_WITH_KNOTS('',3,(#9220,#9221,#9222,#9223),.UNSPECIFIED.,.F.,.F.,(4,4),(0.,0.000199170298708399),.UNSPECIFIED.);
#293=B_SPLINE_CURVE_WITH_KNOTS('',3,(#9225,#9226,#9227,#9228),.UNSPECIFIED.,.F.,.F.,(4,4),(0.,1.09142664599526E-05),.UNSPECIFIED.);
#294=B_SPLINE_CURVE_WITH_KNOTS('',3,(#9230,#9231,#9232,#9233,#9234),.UNSPECIFIED.,.F.,.F.,(4,1,4),(0.,0.00667938092539535,0.0133587618507907),.UNSPECIFIED.);
#295=B_SPLINE_CURVE_WITH_KNOTS('',3,(#9236,#9237,#9238,#9239),.UNSPECIFIED.,.F.,.F.,(4,4),(0.,0.000168291591370457),.UNSPECIFIED.);
#296=B_SPLINE_CURVE_WITH_KNOTS('',3,(#9243,#9244,#9245,#9246),.UNSPECIFIED.,.F.,.F.,(4,4),(0.,0.000173047892402872),.UNSPECIFIED.);
#297=B_SPLINE_CURVE_WITH_KNOTS('',3,(#9250,#9251,#9252,#9253,#9254,#9255,#9256),.UNSPECIFIED.,.F.,.F.,(4,1,1,1,4),(3.98609107286759E-17,0.00173815595930725,0.00347631191861446,0.00521446787792166,0.00695262383722887),.UNSPECIFIED.);
#298=B_SPLINE_CURVE_WITH_KNOTS('',3,(#9260,#9261,#9262,#9263),.UNSPECIFIED.,.F.,.F.,(4,4),(1.90029435765254E-17,4.45902546000332E-05),.UNSPECIFIED.);
#299=B_SPLINE_CURVE_WITH_KNOTS('',3,(#9267,#9268,#9269,#9270),.UNSPECIFIED.,.F.,.F.,(4,4),(0.,6.34882396124498E-05),.UNSPECIFIED.);
#300=B_SPLINE_CURVE_WITH_KNOTS('',3,(#9279,#9280,#9281,#9282),.UNSPECIFIED.,.F.,.F.,(4,4),(0.,1.45551844819889E-05),.UNSPECIFIED.);
#301=B_SPLINE_CURVE_WITH_KNOTS('',3,(#9284,#9285,#9286,#9287,#9288,#9289,#9290),.UNSPECIFIED.,.F.,.F.,(4,1,1,1,4),(8.29174707120438E-07,0.00232949949632842,0.00465816981794972,0.00698684013957101,0.00931551046119231),.UNSPECIFIED.);
#302=B_SPLINE_CURVE_WITH_KNOTS('',3,(#9299,#9300,#9301,#9302),.UNSPECIFIED.,.F.,.F.,(4,4),(0.,0.00142990715735689),.UNSPECIFIED.);
#303=B_SPLINE_CURVE_WITH_KNOTS('',3,(#9315,#9316,#9317,#9318),.UNSPECIFIED.,.F.,.F.,(4,4),(0.,1.12065920316227E-05),.UNSPECIFIED.);
#304=B_SPLINE_CURVE_WITH_KNOTS('',3,(#9320,#9321,#9322,#9323),.UNSPECIFIED.,.F.,.F.,(4,4),(1.69784233007697E-07,4.98355132267182E-05),.UNSPECIFIED.);
#305=B_SPLINE_CURVE_WITH_KNOTS('',3,(#9327,#9328,#9329,#9330),.UNSPECIFIED.,.F.,.F.,(4,4),(0.,0.0015085018773753),.UNSPECIFIED.);
#306=B_SPLINE_CURVE_WITH_KNOTS('',3,(#9339,#9340,#9341,#9342,#9343),.UNSPECIFIED.,.F.,.F.,(4,1,4),(0.,0.000898198594882123,0.00179639718976425),.UNSPECIFIED.);
#307=B_SPLINE_CURVE_WITH_KNOTS('',3,(#9348,#9349,#9350,#9351),.UNSPECIFIED.,.F.,.F.,(4,4),(0.,5.37976996402908E-05),.UNSPECIFIED.);
#308=B_SPLINE_CURVE_WITH_KNOTS('',3,(#9402,#9403,#9404,#9405,#9406),.UNSPECIFIED.,.F.,.F.,(4,1,4),(1.76169769418762E-14,0.000850024069194769,0.00170004813837192),.UNSPECIFIED.);
#309=B_SPLINE_CURVE_WITH_KNOTS('',3,(#9422,#9423,#9424,#9425),.UNSPECIFIED.,.F.,.F.,(4,4),(0.,1.),.UNSPECIFIED.);
#310=B_SPLINE_CURVE_WITH_KNOTS('',3,(#9443,#9444,#9445,#9446),.UNSPECIFIED.,.F.,.F.,(4,4),(2.83380354043148E-13,0.00137930316771984),.UNSPECIFIED.);
#311=B_SPLINE_CURVE_WITH_KNOTS('',3,(#9459,#9460,#9461,#9462,#9463),.UNSPECIFIED.,.F.,.F.,(4,1,4),(3.46944695195361E-18,0.000850637884935197,0.00170127576987039),.UNSPECIFIED.);
#312=B_SPLINE_CURVE_WITH_KNOTS('',3,(#9465,#9466,#9467,#9468),.UNSPECIFIED.,.F.,.F.,(4,4),(4.9065389333868E-17,0.0013821166284483),.UNSPECIFIED.);
#313=B_SPLINE_CURVE_WITH_KNOTS('',3,(#9470,#9471,#9472,#9473,#9474),.UNSPECIFIED.,.F.,.F.,(4,1,4),(0.,0.000854444501743428,0.00170888900348686),.UNSPECIFIED.);
#314=B_SPLINE_CURVE_WITH_KNOTS('',3,(#9487,#9488,#9489,#9490),.UNSPECIFIED.,.F.,.F.,(4,4),(0.,0.00138078789018824),.UNSPECIFIED.);
#315=B_SPLINE_CURVE_WITH_KNOTS('',3,(#9508,#9509,#9510,#9511),.UNSPECIFIED.,.F.,.F.,(4,4),(0.,0.0013953383804972),.UNSPECIFIED.);
#316=B_SPLINE_CURVE_WITH_KNOTS('',3,(#9526,#9527,#9528,#9529),.UNSPECIFIED.,.F.,.F.,(4,4),(4.61579895682035E-17,0.00139617218461036),.UNSPECIFIED.);
#317=B_SPLINE_CURVE_WITH_KNOTS('',3,(#9551,#9552,#9553,#9554),.UNSPECIFIED.,.F.,.F.,(4,4),(1.38777878078145E-17,0.00136753037136462),.UNSPECIFIED.);
#318=B_SPLINE_CURVE_WITH_KNOTS('',3,(#9640,#9641,#9642,#9643,#9644),.UNSPECIFIED.,.F.,.F.,(4,1,4),(0.,0.00363956400862392,0.00727912801724784),.UNSPECIFIED.);
#319=B_SPLINE_CURVE_WITH_KNOTS('',3,(#9703,#9704,#9705,#9706,#9707,#9708),.UNSPECIFIED.,.F.,.F.,(4,1,1,4),(0.,0.00243995736076162,0.00487991472152325,0.0097598294430465),.UNSPECIFIED.);
#320=B_SPLINE_CURVE_WITH_KNOTS('',3,(#9726,#9727,#9728,#9729),.UNSPECIFIED.,.F.,.F.,(4,4),(3.46944695195361E-18,0.000293127304481505),.UNSPECIFIED.);
#321=B_SPLINE_CURVE_WITH_KNOTS('',3,(#9735,#9736,#9737,#9738),.UNSPECIFIED.,.F.,.F.,(4,4),(0.,0.000399856696788879),.UNSPECIFIED.);
#322=B_SPLINE_CURVE_WITH_KNOTS('',3,(#9742,#9743,#9744,#9745),.UNSPECIFIED.,.F.,.F.,(4,4),(0.,0.000238100539318805),.UNSPECIFIED.);
#323=B_SPLINE_CURVE_WITH_KNOTS('',3,(#9747,#9748,#9749,#9750,#9751),.UNSPECIFIED.,.F.,.F.,(4,1,4),(0.,0.00227850578694385,0.0045570115738877),.UNSPECIFIED.);
#324=B_SPLINE_CURVE_WITH_KNOTS('',3,(#9795,#9796,#9797,#9798,#9799),.UNSPECIFIED.,.F.,.F.,(4,1,4),(0.,0.00227869569102001,0.00455739138204002),.UNSPECIFIED.);
#325=B_SPLINE_CURVE_WITH_KNOTS('',3,(#9812,#9813,#9814,#9815),.UNSPECIFIED.,.F.,.F.,(4,4),(0.,0.000640984797456969),.UNSPECIFIED.);
#326=B_SPLINE_CURVE_WITH_KNOTS('',3,(#9819,#9820,#9821,#9822,#9823),.UNSPECIFIED.,.F.,.F.,(4,1,4),(0.,0.00254864087802797,0.00509728175605593),.UNSPECIFIED.);
#327=B_SPLINE_CURVE_WITH_KNOTS('',3,(#9825,#9826,#9827,#9828,#9829,#9830),.UNSPECIFIED.,.F.,.F.,(4,1,1,4),(0.,0.00128869052966116,0.00257738105932233,0.00515476211864465),.UNSPECIFIED.);
#328=B_SPLINE_CURVE_WITH_KNOTS('',3,(#9854,#9855,#9856,#9857,#9858),.UNSPECIFIED.,.F.,.F.,(4,1,4),(0.,0.00254419836043463,0.00508839672086926),.UNSPECIFIED.);
#329=B_SPLINE_CURVE_WITH_KNOTS('',3,(#9871,#9872,#9873,#9874),.UNSPECIFIED.,.F.,.F.,(4,4),(0.,0.000386100636919619),.UNSPECIFIED.);
#330=B_SPLINE_CURVE_WITH_KNOTS('',3,(#9889,#9890,#9891,#9892),.UNSPECIFIED.,.F.,.F.,(4,4),(0.,0.000475335755364304),.UNSPECIFIED.);
#331=B_SPLINE_CURVE_WITH_KNOTS('',3,(#9920,#9921,#9922,#9923,#9924,#9925),.UNSPECIFIED.,.F.,.F.,(4,1,1,4),(0.,0.00128550631316756,0.00257101262633511,0.00514202525267023),.UNSPECIFIED.);
#332=SPHERICAL_SURFACE('',#5285,0.21);
#333=SPHERICAL_SURFACE('',#5311,0.003);
#334=SPHERICAL_SURFACE('',#5339,0.21);
#335=SPHERICAL_SURFACE('',#5381,0.21);
#336=SPHERICAL_SURFACE('',#5436,0.21);
#337=SPHERICAL_SURFACE('',#5499,0.21);
#338=SPHERICAL_SURFACE('',#5552,0.21);
#339=SPHERICAL_SURFACE('',#5615,0.21);
#340=SPHERICAL_SURFACE('',#5675,0.21);
#341=SPHERICAL_SURFACE('',#5708,0.003);
#342=LINE('',#7044,#746);
#343=LINE('',#7048,#747);
#344=LINE('',#7054,#748);
#345=LINE('',#7057,#749);
#346=LINE('',#7060,#750);
#347=LINE('',#7062,#751);
#348=LINE('',#7064,#752);
#349=LINE('',#7066,#753);
#350=LINE('',#7068,#754);
#351=LINE('',#7069,#755);
#352=LINE('',#7072,#756);
#353=LINE('',#7074,#757);
#354=LINE('',#7076,#758);
#355=LINE('',#7078,#759);
#356=LINE('',#7080,#760);
#357=LINE('',#7097,#761);
#358=LINE('',#7101,#762);
#359=LINE('',#7103,#763);
#360=LINE('',#7114,#764);
#361=LINE('',#7118,#765);
#362=LINE('',#7127,#766);
#363=LINE('',#7136,#767);
#364=LINE('',#7140,#768);
#365=LINE('',#7149,#769);
#366=LINE('',#7334,#770);
#367=LINE('',#7336,#771);
#368=LINE('',#7338,#772);
#369=LINE('',#7340,#773);
#370=LINE('',#7342,#774);
#371=LINE('',#7344,#775);
#372=LINE('',#7346,#776);
#373=LINE('',#7348,#777);
#374=LINE('',#7350,#778);
#375=LINE('',#7352,#779);
#376=LINE('',#7354,#780);
#377=LINE('',#7356,#781);
#378=LINE('',#7359,#782);
#379=LINE('',#7361,#783);
#380=LINE('',#7363,#784);
#381=LINE('',#7365,#785);
#382=LINE('',#7367,#786);
#383=LINE('',#7369,#787);
#384=LINE('',#7371,#788);
#385=LINE('',#7373,#789);
#386=LINE('',#7375,#790);
#387=LINE('',#7377,#791);
#388=LINE('',#7379,#792);
#389=LINE('',#7381,#793);
#390=LINE('',#7388,#794);
#391=LINE('',#7396,#795);
#392=LINE('',#7400,#796);
#393=LINE('',#7401,#797);
#394=LINE('',#7404,#798);
#395=LINE('',#7406,#799);
#396=LINE('',#7408,#800);
#397=LINE('',#7410,#801);
#398=LINE('',#7412,#802);
#399=LINE('',#7413,#803);
#400=LINE('',#7416,#804);
#401=LINE('',#7418,#805);
#402=LINE('',#7420,#806);
#403=LINE('',#7422,#807);
#404=LINE('',#7424,#808);
#405=LINE('',#7456,#809);
#406=LINE('',#7458,#810);
#407=LINE('',#7468,#811);
#408=LINE('',#7470,#812);
#409=LINE('',#7478,#813);
#410=LINE('',#7480,#814);
#411=LINE('',#7487,#815);
#412=LINE('',#7489,#816);
#413=LINE('',#7592,#817);
#414=LINE('',#7594,#818);
#415=LINE('',#7596,#819);
#416=LINE('',#7598,#820);
#417=LINE('',#7600,#821);
#418=LINE('',#7602,#822);
#419=LINE('',#7604,#823);
#420=LINE('',#7606,#824);
#421=LINE('',#7608,#825);
#422=LINE('',#7610,#826);
#423=LINE('',#7612,#827);
#424=LINE('',#7614,#828);
#425=LINE('',#7617,#829);
#426=LINE('',#7619,#830);
#427=LINE('',#7621,#831);
#428=LINE('',#7623,#832);
#429=LINE('',#7625,#833);
#430=LINE('',#7627,#834);
#431=LINE('',#7629,#835);
#432=LINE('',#7631,#836);
#433=LINE('',#7633,#837);
#434=LINE('',#7635,#838);
#435=LINE('',#7637,#839);
#436=LINE('',#7639,#840);
#437=LINE('',#7676,#841);
#438=LINE('',#7684,#842);
#439=LINE('',#7686,#843);
#440=LINE('',#7700,#844);
#441=LINE('',#7705,#845);
#442=LINE('',#7718,#846);
#443=LINE('',#7723,#847);
#444=LINE('',#7730,#848);
#445=LINE('',#7732,#849);
#446=LINE('',#7735,#850);
#447=LINE('',#7738,#851);
#448=LINE('',#7825,#852);
#449=LINE('',#7828,#853);
#450=LINE('',#7830,#854);
#451=LINE('',#7832,#855);
#452=LINE('',#7834,#856);
#453=LINE('',#7836,#857);
#454=LINE('',#7837,#858);
#455=LINE('',#7840,#859);
#456=LINE('',#7842,#860);
#457=LINE('',#7844,#861);
#458=LINE('',#7846,#862);
#459=LINE('',#7848,#863);
#460=LINE('',#7850,#864);
#461=LINE('',#7852,#865);
#462=LINE('',#7854,#866);
#463=LINE('',#7856,#867);
#464=LINE('',#7858,#868);
#465=LINE('',#7860,#869);
#466=LINE('',#7862,#870);
#467=LINE('',#7864,#871);
#468=LINE('',#7866,#872);
#469=LINE('',#7868,#873);
#470=LINE('',#7870,#874);
#471=LINE('',#7872,#875);
#472=LINE('',#7875,#876);
#473=LINE('',#7877,#877);
#474=LINE('',#7879,#878);
#475=LINE('',#7881,#879);
#476=LINE('',#7883,#880);
#477=LINE('',#7885,#881);
#478=LINE('',#7887,#882);
#479=LINE('',#7889,#883);
#480=LINE('',#7891,#884);
#481=LINE('',#7893,#885);
#482=LINE('',#7895,#886);
#483=LINE('',#7897,#887);
#484=LINE('',#7915,#888);
#485=LINE('',#7919,#889);
#486=LINE('',#7927,#890);
#487=LINE('',#7932,#891);
#488=LINE('',#7935,#892);
#489=LINE('',#7937,#893);
#490=LINE('',#7939,#894);
#491=LINE('',#7941,#895);
#492=LINE('',#7943,#896);
#493=LINE('',#7944,#897);
#494=LINE('',#7947,#898);
#495=LINE('',#7949,#899);
#496=LINE('',#7951,#900);
#497=LINE('',#7953,#901);
#498=LINE('',#7955,#902);
#499=LINE('',#7979,#903);
#500=LINE('',#7986,#904);
#501=LINE('',#7993,#905);
#502=LINE('',#7997,#906);
#503=LINE('',#7999,#907);
#504=LINE('',#8003,#908);
#505=LINE('',#8007,#909);
#506=LINE('',#8011,#910);
#507=LINE('',#8224,#911);
#508=LINE('',#8226,#912);
#509=LINE('',#8228,#913);
#510=LINE('',#8230,#914);
#511=LINE('',#8232,#915);
#512=LINE('',#8234,#916);
#513=LINE('',#8236,#917);
#514=LINE('',#8238,#918);
#515=LINE('',#8240,#919);
#516=LINE('',#8242,#920);
#517=LINE('',#8244,#921);
#518=LINE('',#8246,#922);
#519=LINE('',#8249,#923);
#520=LINE('',#8251,#924);
#521=LINE('',#8253,#925);
#522=LINE('',#8255,#926);
#523=LINE('',#8257,#927);
#524=LINE('',#8259,#928);
#525=LINE('',#8261,#929);
#526=LINE('',#8263,#930);
#527=LINE('',#8265,#931);
#528=LINE('',#8267,#932);
#529=LINE('',#8269,#933);
#530=LINE('',#8271,#934);
#531=LINE('',#8278,#935);
#532=LINE('',#8280,#936);
#533=LINE('',#8284,#937);
#534=LINE('',#8298,#938);
#535=LINE('',#8302,#939);
#536=LINE('',#8306,#940);
#537=LINE('',#8307,#941);
#538=LINE('',#8310,#942);
#539=LINE('',#8312,#943);
#540=LINE('',#8314,#944);
#541=LINE('',#8316,#945);
#542=LINE('',#8318,#946);
#543=LINE('',#8319,#947);
#544=LINE('',#8322,#948);
#545=LINE('',#8324,#949);
#546=LINE('',#8326,#950);
#547=LINE('',#8328,#951);
#548=LINE('',#8330,#952);
#549=LINE('',#8332,#953);
#550=LINE('',#8341,#954);
#551=LINE('',#8358,#955);
#552=LINE('',#8360,#956);
#553=LINE('',#8367,#957);
#554=LINE('',#8369,#958);
#555=LINE('',#8381,#959);
#556=LINE('',#8453,#960);
#557=LINE('',#8455,#961);
#558=LINE('',#8463,#962);
#559=LINE('',#8465,#963);
#560=LINE('',#8484,#964);
#561=LINE('',#8486,#965);
#562=LINE('',#8488,#966);
#563=LINE('',#8495,#967);
#564=LINE('',#8497,#968);
#565=LINE('',#8514,#969);
#566=LINE('',#8516,#970);
#567=LINE('',#8716,#971);
#568=LINE('',#8718,#972);
#569=LINE('',#8720,#973);
#570=LINE('',#8722,#974);
#571=LINE('',#8724,#975);
#572=LINE('',#8726,#976);
#573=LINE('',#8728,#977);
#574=LINE('',#8730,#978);
#575=LINE('',#8732,#979);
#576=LINE('',#8734,#980);
#577=LINE('',#8736,#981);
#578=LINE('',#8738,#982);
#579=LINE('',#8741,#983);
#580=LINE('',#8743,#984);
#581=LINE('',#8745,#985);
#582=LINE('',#8747,#986);
#583=LINE('',#8749,#987);
#584=LINE('',#8751,#988);
#585=LINE('',#8753,#989);
#586=LINE('',#8755,#990);
#587=LINE('',#8757,#991);
#588=LINE('',#8759,#992);
#589=LINE('',#8761,#993);
#590=LINE('',#8763,#994);
#591=LINE('',#8789,#995);
#592=LINE('',#8794,#996);
#593=LINE('',#8798,#997);
#594=LINE('',#8806,#998);
#595=LINE('',#8810,#999);
#596=LINE('',#8813,#1000);
#597=LINE('',#8815,#1001);
#598=LINE('',#8817,#1002);
#599=LINE('',#8819,#1003);
#600=LINE('',#8821,#1004);
#601=LINE('',#8822,#1005);
#602=LINE('',#8825,#1006);
#603=LINE('',#8827,#1007);
#604=LINE('',#8829,#1008);
#605=LINE('',#8831,#1009);
#606=LINE('',#8833,#1010);
#607=LINE('',#8834,#1011);
#608=LINE('',#8854,#1012);
#609=LINE('',#8855,#1013);
#610=LINE('',#8866,#1014);
#611=LINE('',#8870,#1015);
#612=LINE('',#8884,#1016);
#613=LINE('',#8891,#1017);
#614=LINE('',#9090,#1018);
#615=LINE('',#9092,#1019);
#616=LINE('',#9094,#1020);
#617=LINE('',#9096,#1021);
#618=LINE('',#9098,#1022);
#619=LINE('',#9100,#1023);
#620=LINE('',#9102,#1024);
#621=LINE('',#9104,#1025);
#622=LINE('',#9106,#1026);
#623=LINE('',#9108,#1027);
#624=LINE('',#9110,#1028);
#625=LINE('',#9112,#1029);
#626=LINE('',#9115,#1030);
#627=LINE('',#9117,#1031);
#628=LINE('',#9119,#1032);
#629=LINE('',#9121,#1033);
#630=LINE('',#9123,#1034);
#631=LINE('',#9125,#1035);
#632=LINE('',#9127,#1036);
#633=LINE('',#9129,#1037);
#634=LINE('',#9131,#1038);
#635=LINE('',#9133,#1039);
#636=LINE('',#9135,#1040);
#637=LINE('',#9137,#1041);
#638=LINE('',#9141,#1042);
#639=LINE('',#9144,#1043);
#640=LINE('',#9146,#1044);
#641=LINE('',#9157,#1045);
#642=LINE('',#9177,#1046);
#643=LINE('',#9185,#1047);
#644=LINE('',#9189,#1048);
#645=LINE('',#9201,#1049);
#646=LINE('',#9277,#1050);
#647=LINE('',#9292,#1051);
#648=LINE('',#9297,#1052);
#649=LINE('',#9304,#1053);
#650=LINE('',#9306,#1054);
#651=LINE('',#9311,#1055);
#652=LINE('',#9332,#1056);
#653=LINE('',#9337,#1057);
#654=LINE('',#9345,#1058);
#655=LINE('',#9347,#1059);
#656=LINE('',#9355,#1060);
#657=LINE('',#9358,#1061);
#658=LINE('',#9361,#1062);
#659=LINE('',#9365,#1063);
#660=LINE('',#9367,#1064);
#661=LINE('',#9368,#1065);
#662=LINE('',#9557,#1066);
#663=LINE('',#9560,#1067);
#664=LINE('',#9562,#1068);
#665=LINE('',#9564,#1069);
#666=LINE('',#9566,#1070);
#667=LINE('',#9568,#1071);
#668=LINE('',#9569,#1072);
#669=LINE('',#9572,#1073);
#670=LINE('',#9574,#1074);
#671=LINE('',#9576,#1075);
#672=LINE('',#9578,#1076);
#673=LINE('',#9580,#1077);
#674=LINE('',#9582,#1078);
#675=LINE('',#9584,#1079);
#676=LINE('',#9586,#1080);
#677=LINE('',#9588,#1081);
#678=LINE('',#9590,#1082);
#679=LINE('',#9592,#1083);
#680=LINE('',#9594,#1084);
#681=LINE('',#9596,#1085);
#682=LINE('',#9598,#1086);
#683=LINE('',#9600,#1087);
#684=LINE('',#9602,#1088);
#685=LINE('',#9604,#1089);
#686=LINE('',#9607,#1090);
#687=LINE('',#9609,#1091);
#688=LINE('',#9611,#1092);
#689=LINE('',#9613,#1093);
#690=LINE('',#9615,#1094);
#691=LINE('',#9617,#1095);
#692=LINE('',#9619,#1096);
#693=LINE('',#9621,#1097);
#694=LINE('',#9623,#1098);
#695=LINE('',#9625,#1099);
#696=LINE('',#9627,#1100);
#697=LINE('',#9629,#1101);
#698=LINE('',#9648,#1102);
#699=LINE('',#9651,#1103);
#700=LINE('',#9653,#1104);
#701=LINE('',#9655,#1105);
#702=LINE('',#9657,#1106);
#703=LINE('',#9659,#1107);
#704=LINE('',#9660,#1108);
#705=LINE('',#9663,#1109);
#706=LINE('',#9665,#1110);
#707=LINE('',#9667,#1111);
#708=LINE('',#9669,#1112);
#709=LINE('',#9671,#1113);
#710=LINE('',#9677,#1114);
#711=LINE('',#9683,#1115);
#712=LINE('',#9687,#1116);
#713=LINE('',#9691,#1117);
#714=LINE('',#9695,#1118);
#715=LINE('',#9697,#1119);
#716=LINE('',#9701,#1120);
#717=LINE('',#9710,#1121);
#718=LINE('',#9712,#1122);
#719=LINE('',#9716,#1123);
#720=LINE('',#9718,#1124);
#721=LINE('',#9722,#1125);
#722=LINE('',#9928,#1126);
#723=LINE('',#9930,#1127);
#724=LINE('',#9932,#1128);
#725=LINE('',#9934,#1129);
#726=LINE('',#9936,#1130);
#727=LINE('',#9938,#1131);
#728=LINE('',#9940,#1132);
#729=LINE('',#9942,#1133);
#730=LINE('',#9944,#1134);
#731=LINE('',#9946,#1135);
#732=LINE('',#9948,#1136);
#733=LINE('',#9950,#1137);
#734=LINE('',#9953,#1138);
#735=LINE('',#9955,#1139);
#736=LINE('',#9957,#1140);
#737=LINE('',#9959,#1141);
#738=LINE('',#9961,#1142);
#739=LINE('',#9963,#1143);
#740=LINE('',#9965,#1144);
#741=LINE('',#9967,#1145);
#742=LINE('',#9969,#1146);
#743=LINE('',#9971,#1147);
#744=LINE('',#9973,#1148);
#745=LINE('',#9975,#1149);
#746=VECTOR('',#5737,1.);
#747=VECTOR('',#5740,1.);
#748=VECTOR('',#5745,1.);
#749=VECTOR('',#5748,1.);
#750=VECTOR('',#5749,1.);
#751=VECTOR('',#5750,1.);
#752=VECTOR('',#5751,1.);
#753=VECTOR('',#5752,1.);
#754=VECTOR('',#5753,1.);
#755=VECTOR('',#5754,1.);
#756=VECTOR('',#5755,1.);
#757=VECTOR('',#5756,1.);
#758=VECTOR('',#5757,1.);
#759=VECTOR('',#5758,1.);
#760=VECTOR('',#5759,1.);
#761=VECTOR('',#5772,1.);
#762=VECTOR('',#5775,1.);
#763=VECTOR('',#5778,1.);
#764=VECTOR('',#5785,1.);
#765=VECTOR('',#5790,1.);
#766=VECTOR('',#5795,1.);
#767=VECTOR('',#5798,1.);
#768=VECTOR('',#5803,1.);
#769=VECTOR('',#5808,1.);
#770=VECTOR('',#5837,1.);
#771=VECTOR('',#5838,1.);
#772=VECTOR('',#5839,1.);
#773=VECTOR('',#5842,1.);
#774=VECTOR('',#5843,1.);
#775=VECTOR('',#5846,1.);
#776=VECTOR('',#5847,1.);
#777=VECTOR('',#5850,1.);
#778=VECTOR('',#5851,1.);
#779=VECTOR('',#5854,1.);
#780=VECTOR('',#5855,1.);
#781=VECTOR('',#5858,1.);
#782=VECTOR('',#5863,1.);
#783=VECTOR('',#5864,1.);
#784=VECTOR('',#5865,1.);
#785=VECTOR('',#5868,1.);
#786=VECTOR('',#5869,1.);
#787=VECTOR('',#5872,1.);
#788=VECTOR('',#5873,1.);
#789=VECTOR('',#5876,1.);
#790=VECTOR('',#5877,1.);
#791=VECTOR('',#5880,1.);
#792=VECTOR('',#5881,1.);
#793=VECTOR('',#5884,1.);
#794=VECTOR('',#5893,1.);
#795=VECTOR('',#5900,1.);
#796=VECTOR('',#5903,1.);
#797=VECTOR('',#5904,1.);
#798=VECTOR('',#5905,1.);
#799=VECTOR('',#5906,1.);
#800=VECTOR('',#5907,1.);
#801=VECTOR('',#5908,1.);
#802=VECTOR('',#5909,1.);
#803=VECTOR('',#5910,1.);
#804=VECTOR('',#5911,1.);
#805=VECTOR('',#5912,1.);
#806=VECTOR('',#5913,1.);
#807=VECTOR('',#5914,1.);
#808=VECTOR('',#5915,1.);
#809=VECTOR('',#5928,1.);
#810=VECTOR('',#5929,1.);
#811=VECTOR('',#5934,1.);
#812=VECTOR('',#5937,1.);
#813=VECTOR('',#5940,1.);
#814=VECTOR('',#5941,1.);
#815=VECTOR('',#5944,1.);
#816=VECTOR('',#5945,1.);
#817=VECTOR('',#5980,1.);
#818=VECTOR('',#5981,1.);
#819=VECTOR('',#5982,1.);
#820=VECTOR('',#5985,1.);
#821=VECTOR('',#5986,1.);
#822=VECTOR('',#5989,1.);
#823=VECTOR('',#5990,1.);
#824=VECTOR('',#5993,1.);
#825=VECTOR('',#5994,1.);
#826=VECTOR('',#5997,1.);
#827=VECTOR('',#5998,1.);
#828=VECTOR('',#6001,1.);
#829=VECTOR('',#6006,1.);
#830=VECTOR('',#6007,1.);
#831=VECTOR('',#6008,1.);
#832=VECTOR('',#6011,1.);
#833=VECTOR('',#6012,1.);
#834=VECTOR('',#6015,1.);
#835=VECTOR('',#6016,1.);
#836=VECTOR('',#6019,1.);
#837=VECTOR('',#6020,1.);
#838=VECTOR('',#6023,1.);
#839=VECTOR('',#6024,1.);
#840=VECTOR('',#6027,1.);
#841=VECTOR('',#6046,1.);
#842=VECTOR('',#6047,1.);
#843=VECTOR('',#6050,1.);
#844=VECTOR('',#6059,1.);
#845=VECTOR('',#6064,1.);
#846=VECTOR('',#6065,1.);
#847=VECTOR('',#6070,1.);
#848=VECTOR('',#6071,1.);
#849=VECTOR('',#6074,1.);
#850=VECTOR('',#6079,1.);
#851=VECTOR('',#6084,1.);
#852=VECTOR('',#6109,1.);
#853=VECTOR('',#6110,1.);
#854=VECTOR('',#6111,1.);
#855=VECTOR('',#6112,1.);
#856=VECTOR('',#6113,1.);
#857=VECTOR('',#6114,1.);
#858=VECTOR('',#6115,1.);
#859=VECTOR('',#6116,1.);
#860=VECTOR('',#6117,1.);
#861=VECTOR('',#6118,1.);
#862=VECTOR('',#6119,1.);
#863=VECTOR('',#6120,1.);
#864=VECTOR('',#6123,1.);
#865=VECTOR('',#6124,1.);
#866=VECTOR('',#6125,1.);
#867=VECTOR('',#6128,1.);
#868=VECTOR('',#6129,1.);
#869=VECTOR('',#6132,1.);
#870=VECTOR('',#6133,1.);
#871=VECTOR('',#6136,1.);
#872=VECTOR('',#6137,1.);
#873=VECTOR('',#6140,1.);
#874=VECTOR('',#6141,1.);
#875=VECTOR('',#6144,1.);
#876=VECTOR('',#6149,1.);
#877=VECTOR('',#6150,1.);
#878=VECTOR('',#6151,1.);
#879=VECTOR('',#6154,1.);
#880=VECTOR('',#6155,1.);
#881=VECTOR('',#6158,1.);
#882=VECTOR('',#6159,1.);
#883=VECTOR('',#6162,1.);
#884=VECTOR('',#6163,1.);
#885=VECTOR('',#6166,1.);
#886=VECTOR('',#6167,1.);
#887=VECTOR('',#6170,1.);
#888=VECTOR('',#6177,1.);
#889=VECTOR('',#6180,1.);
#890=VECTOR('',#6187,1.);
#891=VECTOR('',#6192,1.);
#892=VECTOR('',#6193,1.);
#893=VECTOR('',#6194,1.);
#894=VECTOR('',#6195,1.);
#895=VECTOR('',#6196,1.);
#896=VECTOR('',#6197,1.);
#897=VECTOR('',#6198,1.);
#898=VECTOR('',#6199,1.);
#899=VECTOR('',#6200,1.);
#900=VECTOR('',#6201,1.);
#901=VECTOR('',#6202,1.);
#902=VECTOR('',#6203,1.);
#903=VECTOR('',#6216,1.);
#904=VECTOR('',#6217,1.);
#905=VECTOR('',#6222,1.);
#906=VECTOR('',#6225,1.);
#907=VECTOR('',#6228,1.);
#908=VECTOR('',#6231,1.);
#909=VECTOR('',#6236,1.);
#910=VECTOR('',#6241,1.);
#911=VECTOR('',#6276,1.);
#912=VECTOR('',#6277,1.);
#913=VECTOR('',#6278,1.);
#914=VECTOR('',#6281,1.);
#915=VECTOR('',#6282,1.);
#916=VECTOR('',#6285,1.);
#917=VECTOR('',#6286,1.);
#918=VECTOR('',#6289,1.);
#919=VECTOR('',#6290,1.);
#920=VECTOR('',#6293,1.);
#921=VECTOR('',#6294,1.);
#922=VECTOR('',#6297,1.);
#923=VECTOR('',#6302,1.);
#924=VECTOR('',#6303,1.);
#925=VECTOR('',#6304,1.);
#926=VECTOR('',#6307,1.);
#927=VECTOR('',#6308,1.);
#928=VECTOR('',#6311,1.);
#929=VECTOR('',#6312,1.);
#930=VECTOR('',#6315,1.);
#931=VECTOR('',#6316,1.);
#932=VECTOR('',#6319,1.);
#933=VECTOR('',#6320,1.);
#934=VECTOR('',#6323,1.);
#935=VECTOR('',#6332,1.);
#936=VECTOR('',#6333,1.);
#937=VECTOR('',#6336,1.);
#938=VECTOR('',#6349,1.);
#939=VECTOR('',#6352,1.);
#940=VECTOR('',#6355,1.);
#941=VECTOR('',#6356,1.);
#942=VECTOR('',#6357,1.);
#943=VECTOR('',#6358,1.);
#944=VECTOR('',#6359,1.);
#945=VECTOR('',#6360,1.);
#946=VECTOR('',#6361,1.);
#947=VECTOR('',#6362,1.);
#948=VECTOR('',#6363,1.);
#949=VECTOR('',#6364,1.);
#950=VECTOR('',#6365,1.);
#951=VECTOR('',#6366,1.);
#952=VECTOR('',#6367,1.);
#953=VECTOR('',#6370,1.);
#954=VECTOR('',#6373,1.);
#955=VECTOR('',#6376,1.);
#956=VECTOR('',#6379,1.);
#957=VECTOR('',#6382,1.);
#958=VECTOR('',#6383,1.);
#959=VECTOR('',#6386,1.);
#960=VECTOR('',#6405,1.);
#961=VECTOR('',#6406,1.);
#962=VECTOR('',#6409,1.);
#963=VECTOR('',#6410,1.);
#964=VECTOR('',#6417,1.);
#965=VECTOR('',#6420,1.);
#966=VECTOR('',#6421,1.);
#967=VECTOR('',#6424,1.);
#968=VECTOR('',#6425,1.);
#969=VECTOR('',#6430,1.);
#970=VECTOR('',#6431,1.);
#971=VECTOR('',#6476,1.);
#972=VECTOR('',#6477,1.);
#973=VECTOR('',#6478,1.);
#974=VECTOR('',#6481,1.);
#975=VECTOR('',#6482,1.);
#976=VECTOR('',#6485,1.);
#977=VECTOR('',#6486,1.);
#978=VECTOR('',#6489,1.);
#979=VECTOR('',#6490,1.);
#980=VECTOR('',#6493,1.);
#981=VECTOR('',#6494,1.);
#982=VECTOR('',#6497,1.);
#983=VECTOR('',#6502,1.);
#984=VECTOR('',#6503,1.);
#985=VECTOR('',#6504,1.);
#986=VECTOR('',#6507,1.);
#987=VECTOR('',#6508,1.);
#988=VECTOR('',#6511,1.);
#989=VECTOR('',#6512,1.);
#990=VECTOR('',#6515,1.);
#991=VECTOR('',#6516,1.);
#992=VECTOR('',#6519,1.);
#993=VECTOR('',#6520,1.);
#994=VECTOR('',#6523,1.);
#995=VECTOR('',#6540,1.);
#996=VECTOR('',#6543,1.);
#997=VECTOR('',#6548,1.);
#998=VECTOR('',#6557,1.);
#999=VECTOR('',#6562,1.);
#1000=VECTOR('',#6563,1.);
#1001=VECTOR('',#6564,1.);
#1002=VECTOR('',#6565,1.);
#1003=VECTOR('',#6566,1.);
#1004=VECTOR('',#6567,1.);
#1005=VECTOR('',#6568,1.);
#1006=VECTOR('',#6569,1.);
#1007=VECTOR('',#6570,1.);
#1008=VECTOR('',#6571,1.);
#1009=VECTOR('',#6572,1.);
#1010=VECTOR('',#6573,1.);
#1011=VECTOR('',#6574,1.);
#1012=VECTOR('',#6579,1.);
#1013=VECTOR('',#6580,1.);
#1014=VECTOR('',#6587,1.);
#1015=VECTOR('',#6592,1.);
#1016=VECTOR('',#6599,1.);
#1017=VECTOR('',#6602,1.);
#1018=VECTOR('',#6629,1.);
#1019=VECTOR('',#6630,1.);
#1020=VECTOR('',#6631,1.);
#1021=VECTOR('',#6634,1.);
#1022=VECTOR('',#6635,1.);
#1023=VECTOR('',#6638,1.);
#1024=VECTOR('',#6639,1.);
#1025=VECTOR('',#6642,1.);
#1026=VECTOR('',#6643,1.);
#1027=VECTOR('',#6646,1.);
#1028=VECTOR('',#6647,1.);
#1029=VECTOR('',#6650,1.);
#1030=VECTOR('',#6655,1.);
#1031=VECTOR('',#6656,1.);
#1032=VECTOR('',#6657,1.);
#1033=VECTOR('',#6660,1.);
#1034=VECTOR('',#6661,1.);
#1035=VECTOR('',#6664,1.);
#1036=VECTOR('',#6665,1.);
#1037=VECTOR('',#6668,1.);
#1038=VECTOR('',#6669,1.);
#1039=VECTOR('',#6672,1.);
#1040=VECTOR('',#6673,1.);
#1041=VECTOR('',#6676,1.);
#1042=VECTOR('',#6683,1.);
#1043=VECTOR('',#6684,1.);
#1044=VECTOR('',#6685,1.);
#1045=VECTOR('',#6692,1.);
#1046=VECTOR('',#6697,1.);
#1047=VECTOR('',#6698,1.);
#1048=VECTOR('',#6703,1.);
#1049=VECTOR('',#6706,1.);
#1050=VECTOR('',#6729,1.);
#1051=VECTOR('',#6730,1.);
#1052=VECTOR('',#6735,1.);
#1053=VECTOR('',#6736,1.);
#1054=VECTOR('',#6737,1.);
#1055=VECTOR('',#6746,1.);
#1056=VECTOR('',#6753,1.);
#1057=VECTOR('',#6758,1.);
#1058=VECTOR('',#6759,1.);
#1059=VECTOR('',#6762,1.);
#1060=VECTOR('',#6767,1.);
#1061=VECTOR('',#6772,1.);
#1062=VECTOR('',#6777,1.);
#1063=VECTOR('',#6780,1.);
#1064=VECTOR('',#6783,1.);
#1065=VECTOR('',#6784,1.);
#1066=VECTOR('',#6815,1.);
#1067=VECTOR('',#6816,1.);
#1068=VECTOR('',#6817,1.);
#1069=VECTOR('',#6818,1.);
#1070=VECTOR('',#6819,1.);
#1071=VECTOR('',#6820,1.);
#1072=VECTOR('',#6821,1.);
#1073=VECTOR('',#6822,1.);
#1074=VECTOR('',#6823,1.);
#1075=VECTOR('',#6824,1.);
#1076=VECTOR('',#6825,1.);
#1077=VECTOR('',#6826,1.);
#1078=VECTOR('',#6829,1.);
#1079=VECTOR('',#6830,1.);
#1080=VECTOR('',#6831,1.);
#1081=VECTOR('',#6834,1.);
#1082=VECTOR('',#6835,1.);
#1083=VECTOR('',#6838,1.);
#1084=VECTOR('',#6839,1.);
#1085=VECTOR('',#6842,1.);
#1086=VECTOR('',#6843,1.);
#1087=VECTOR('',#6846,1.);
#1088=VECTOR('',#6847,1.);
#1089=VECTOR('',#6850,1.);
#1090=VECTOR('',#6855,1.);
#1091=VECTOR('',#6856,1.);
#1092=VECTOR('',#6857,1.);
#1093=VECTOR('',#6860,1.);
#1094=VECTOR('',#6861,1.);
#1095=VECTOR('',#6864,1.);
#1096=VECTOR('',#6865,1.);
#1097=VECTOR('',#6868,1.);
#1098=VECTOR('',#6869,1.);
#1099=VECTOR('',#6872,1.);
#1100=VECTOR('',#6873,1.);
#1101=VECTOR('',#6876,1.);
#1102=VECTOR('',#6893,1.);
#1103=VECTOR('',#6894,1.);
#1104=VECTOR('',#6895,1.);
#1105=VECTOR('',#6896,1.);
#1106=VECTOR('',#6897,1.);
#1107=VECTOR('',#6898,1.);
#1108=VECTOR('',#6899,1.);
#1109=VECTOR('',#6900,1.);
#1110=VECTOR('',#6901,1.);
#1111=VECTOR('',#6902,1.);
#1112=VECTOR('',#6903,1.);
#1113=VECTOR('',#6904,1.);
#1114=VECTOR('',#6909,1.);
#1115=VECTOR('',#6914,1.);
#1116=VECTOR('',#6917,1.);
#1117=VECTOR('',#6922,1.);
#1118=VECTOR('',#6925,1.);
#1119=VECTOR('',#6928,1.);
#1120=VECTOR('',#6931,1.);
#1121=VECTOR('',#6934,1.);
#1122=VECTOR('',#6937,1.);
#1123=VECTOR('',#6940,1.);
#1124=VECTOR('',#6943,1.);
#1125=VECTOR('',#6946,1.);
#1126=VECTOR('',#6987,1.);
#1127=VECTOR('',#6988,1.);
#1128=VECTOR('',#6989,1.);
#1129=VECTOR('',#6992,1.);
#1130=VECTOR('',#6993,1.);
#1131=VECTOR('',#6996,1.);
#1132=VECTOR('',#6997,1.);
#1133=VECTOR('',#7000,1.);
#1134=VECTOR('',#7001,1.);
#1135=VECTOR('',#7004,1.);
#1136=VECTOR('',#7005,1.);
#1137=VECTOR('',#7008,1.);
#1138=VECTOR('',#7013,1.);
#1139=VECTOR('',#7014,1.);
#1140=VECTOR('',#7015,1.);
#1141=VECTOR('',#7018,1.);
#1142=VECTOR('',#7019,1.);
#1143=VECTOR('',#7022,1.);
#1144=VECTOR('',#7023,1.);
#1145=VECTOR('',#7026,1.);
#1146=VECTOR('',#7027,1.);
#1147=VECTOR('',#7030,1.);
#1148=VECTOR('',#7031,1.);
#1149=VECTOR('',#7034,1.);
#1150=ORIENTED_EDGE('',*,*,#2658,.T.);
#1151=ORIENTED_EDGE('',*,*,#2659,.F.);
#1152=ORIENTED_EDGE('',*,*,#2660,.T.);
#1153=ORIENTED_EDGE('',*,*,#2661,.F.);
#1154=ORIENTED_EDGE('',*,*,#2662,.F.);
#1155=ORIENTED_EDGE('',*,*,#2663,.F.);
#1156=ORIENTED_EDGE('',*,*,#2664,.F.);
#1157=ORIENTED_EDGE('',*,*,#2665,.F.);
#1158=ORIENTED_EDGE('',*,*,#2666,.F.);
#1159=ORIENTED_EDGE('',*,*,#2667,.T.);
#1160=ORIENTED_EDGE('',*,*,#2668,.T.);
#1161=ORIENTED_EDGE('',*,*,#2669,.T.);
#1162=ORIENTED_EDGE('',*,*,#2670,.T.);
#1163=ORIENTED_EDGE('',*,*,#2671,.T.);
#1164=ORIENTED_EDGE('',*,*,#2672,.T.);
#1165=ORIENTED_EDGE('',*,*,#2673,.T.);
#1166=ORIENTED_EDGE('',*,*,#2674,.T.);
#1167=ORIENTED_EDGE('',*,*,#2675,.T.);
#1168=ORIENTED_EDGE('',*,*,#2676,.T.);
#1169=ORIENTED_EDGE('',*,*,#2677,.T.);
#1170=ORIENTED_EDGE('',*,*,#2678,.T.);
#1171=ORIENTED_EDGE('',*,*,#2679,.T.);
#1172=ORIENTED_EDGE('',*,*,#2680,.T.);
#1173=ORIENTED_EDGE('',*,*,#2681,.T.);
#1174=ORIENTED_EDGE('',*,*,#2682,.T.);
#1175=ORIENTED_EDGE('',*,*,#2683,.T.);
#1176=ORIENTED_EDGE('',*,*,#2684,.F.);
#1177=ORIENTED_EDGE('',*,*,#2685,.T.);
#1178=ORIENTED_EDGE('',*,*,#2686,.T.);
#1179=ORIENTED_EDGE('',*,*,#2659,.T.);
#1180=ORIENTED_EDGE('',*,*,#2687,.F.);
#1181=ORIENTED_EDGE('',*,*,#2688,.T.);
#1182=ORIENTED_EDGE('',*,*,#2684,.T.);
#1183=ORIENTED_EDGE('',*,*,#2658,.F.);
#1184=ORIENTED_EDGE('',*,*,#2686,.F.);
#1185=ORIENTED_EDGE('',*,*,#2689,.T.);
#1186=ORIENTED_EDGE('',*,*,#2690,.T.);
#1187=ORIENTED_EDGE('',*,*,#2691,.T.);
#1188=ORIENTED_EDGE('',*,*,#2660,.F.);
#1189=ORIENTED_EDGE('',*,*,#2691,.F.);
#1190=ORIENTED_EDGE('',*,*,#2692,.T.);
#1191=ORIENTED_EDGE('',*,*,#2693,.T.);
#1192=ORIENTED_EDGE('',*,*,#2661,.T.);
#1193=ORIENTED_EDGE('',*,*,#2694,.T.);
#1194=ORIENTED_EDGE('',*,*,#2695,.T.);
#1195=ORIENTED_EDGE('',*,*,#2696,.T.);
#1196=ORIENTED_EDGE('',*,*,#2662,.T.);
#1197=ORIENTED_EDGE('',*,*,#2693,.F.);
#1198=ORIENTED_EDGE('',*,*,#2696,.F.);
#1199=ORIENTED_EDGE('',*,*,#2697,.T.);
#1200=ORIENTED_EDGE('',*,*,#2698,.T.);
#1201=ORIENTED_EDGE('',*,*,#2663,.T.);
#1202=ORIENTED_EDGE('',*,*,#2698,.F.);
#1203=ORIENTED_EDGE('',*,*,#2699,.T.);
#1204=ORIENTED_EDGE('',*,*,#2700,.T.);
#1205=ORIENTED_EDGE('',*,*,#2664,.T.);
#1206=ORIENTED_EDGE('',*,*,#2700,.F.);
#1207=ORIENTED_EDGE('',*,*,#2701,.T.);
#1208=ORIENTED_EDGE('',*,*,#2702,.T.);
#1209=ORIENTED_EDGE('',*,*,#2703,.T.);
#1210=ORIENTED_EDGE('',*,*,#2665,.T.);
#1211=ORIENTED_EDGE('',*,*,#2703,.F.);
#1212=ORIENTED_EDGE('',*,*,#2704,.T.);
#1213=ORIENTED_EDGE('',*,*,#2687,.T.);
#1214=ORIENTED_EDGE('',*,*,#2666,.T.);
#1215=ORIENTED_EDGE('',*,*,#2705,.F.);
#1216=ORIENTED_EDGE('',*,*,#2679,.F.);
#1217=ORIENTED_EDGE('',*,*,#2706,.F.);
#1218=ORIENTED_EDGE('',*,*,#2695,.F.);
#1219=ORIENTED_EDGE('',*,*,#2706,.T.);
#1220=ORIENTED_EDGE('',*,*,#2683,.F.);
#1221=ORIENTED_EDGE('',*,*,#2707,.F.);
#1222=ORIENTED_EDGE('',*,*,#2697,.F.);
#1223=ORIENTED_EDGE('',*,*,#2708,.F.);
#1224=ORIENTED_EDGE('',*,*,#2694,.F.);
#1225=ORIENTED_EDGE('',*,*,#2692,.F.);
#1226=ORIENTED_EDGE('',*,*,#2709,.F.);
#1227=ORIENTED_EDGE('',*,*,#2705,.T.);
#1228=ORIENTED_EDGE('',*,*,#2708,.T.);
#1229=ORIENTED_EDGE('',*,*,#2710,.F.);
#1230=ORIENTED_EDGE('',*,*,#2699,.F.);
#1231=ORIENTED_EDGE('',*,*,#2707,.T.);
#1232=ORIENTED_EDGE('',*,*,#2711,.F.);
#1233=ORIENTED_EDGE('',*,*,#2709,.T.);
#1234=ORIENTED_EDGE('',*,*,#2690,.F.);
#1235=ORIENTED_EDGE('',*,*,#2712,.F.);
#1236=ORIENTED_EDGE('',*,*,#2680,.F.);
#1237=ORIENTED_EDGE('',*,*,#2710,.T.);
#1238=ORIENTED_EDGE('',*,*,#2711,.T.);
#1239=ORIENTED_EDGE('',*,*,#2682,.F.);
#1240=ORIENTED_EDGE('',*,*,#2713,.F.);
#1241=ORIENTED_EDGE('',*,*,#2701,.F.);
#1242=ORIENTED_EDGE('',*,*,#2714,.F.);
#1243=ORIENTED_EDGE('',*,*,#2689,.F.);
#1244=ORIENTED_EDGE('',*,*,#2685,.F.);
#1245=ORIENTED_EDGE('',*,*,#2715,.F.);
#1246=ORIENTED_EDGE('',*,*,#2712,.T.);
#1247=ORIENTED_EDGE('',*,*,#2714,.T.);
#1248=ORIENTED_EDGE('',*,*,#2716,.F.);
#1249=ORIENTED_EDGE('',*,*,#2717,.F.);
#1250=ORIENTED_EDGE('',*,*,#2713,.T.);
#1251=ORIENTED_EDGE('',*,*,#2718,.F.);
#1252=ORIENTED_EDGE('',*,*,#2702,.F.);
#1253=ORIENTED_EDGE('',*,*,#2717,.T.);
#1254=ORIENTED_EDGE('',*,*,#2719,.F.);
#1255=ORIENTED_EDGE('',*,*,#2704,.F.);
#1256=ORIENTED_EDGE('',*,*,#2715,.T.);
#1257=ORIENTED_EDGE('',*,*,#2688,.F.);
#1258=ORIENTED_EDGE('',*,*,#2719,.T.);
#1259=ORIENTED_EDGE('',*,*,#2718,.T.);
#1260=ORIENTED_EDGE('',*,*,#2681,.F.);
#1261=ORIENTED_EDGE('',*,*,#2716,.T.);
#1262=ORIENTED_EDGE('',*,*,#2720,.F.);
#1263=ORIENTED_EDGE('',*,*,#2721,.T.);
#1264=ORIENTED_EDGE('',*,*,#2722,.T.);
#1265=ORIENTED_EDGE('',*,*,#2668,.F.);
#1266=ORIENTED_EDGE('',*,*,#2723,.F.);
#1267=ORIENTED_EDGE('',*,*,#2724,.T.);
#1268=ORIENTED_EDGE('',*,*,#2720,.T.);
#1269=ORIENTED_EDGE('',*,*,#2667,.F.);
#1270=ORIENTED_EDGE('',*,*,#2725,.F.);
#1271=ORIENTED_EDGE('',*,*,#2726,.T.);
#1272=ORIENTED_EDGE('',*,*,#2723,.T.);
#1273=ORIENTED_EDGE('',*,*,#2672,.F.);
#1274=ORIENTED_EDGE('',*,*,#2727,.F.);
#1275=ORIENTED_EDGE('',*,*,#2728,.T.);
#1276=ORIENTED_EDGE('',*,*,#2725,.T.);
#1277=ORIENTED_EDGE('',*,*,#2671,.F.);
#1278=ORIENTED_EDGE('',*,*,#2729,.F.);
#1279=ORIENTED_EDGE('',*,*,#2730,.T.);
#1280=ORIENTED_EDGE('',*,*,#2727,.T.);
#1281=ORIENTED_EDGE('',*,*,#2670,.F.);
#1282=ORIENTED_EDGE('',*,*,#2722,.F.);
#1283=ORIENTED_EDGE('',*,*,#2731,.T.);
#1284=ORIENTED_EDGE('',*,*,#2729,.T.);
#1285=ORIENTED_EDGE('',*,*,#2669,.F.);
#1286=ORIENTED_EDGE('',*,*,#2721,.F.);
#1287=ORIENTED_EDGE('',*,*,#2724,.F.);
#1288=ORIENTED_EDGE('',*,*,#2726,.F.);
#1289=ORIENTED_EDGE('',*,*,#2728,.F.);
#1290=ORIENTED_EDGE('',*,*,#2730,.F.);
#1291=ORIENTED_EDGE('',*,*,#2731,.F.);
#1292=ORIENTED_EDGE('',*,*,#2732,.F.);
#1293=ORIENTED_EDGE('',*,*,#2733,.T.);
#1294=ORIENTED_EDGE('',*,*,#2734,.T.);
#1295=ORIENTED_EDGE('',*,*,#2674,.F.);
#1296=ORIENTED_EDGE('',*,*,#2735,.F.);
#1297=ORIENTED_EDGE('',*,*,#2736,.T.);
#1298=ORIENTED_EDGE('',*,*,#2732,.T.);
#1299=ORIENTED_EDGE('',*,*,#2673,.F.);
#1300=ORIENTED_EDGE('',*,*,#2737,.F.);
#1301=ORIENTED_EDGE('',*,*,#2738,.T.);
#1302=ORIENTED_EDGE('',*,*,#2735,.T.);
#1303=ORIENTED_EDGE('',*,*,#2678,.F.);
#1304=ORIENTED_EDGE('',*,*,#2739,.F.);
#1305=ORIENTED_EDGE('',*,*,#2740,.T.);
#1306=ORIENTED_EDGE('',*,*,#2737,.T.);
#1307=ORIENTED_EDGE('',*,*,#2677,.F.);
#1308=ORIENTED_EDGE('',*,*,#2741,.F.);
#1309=ORIENTED_EDGE('',*,*,#2742,.T.);
#1310=ORIENTED_EDGE('',*,*,#2739,.T.);
#1311=ORIENTED_EDGE('',*,*,#2676,.F.);
#1312=ORIENTED_EDGE('',*,*,#2734,.F.);
#1313=ORIENTED_EDGE('',*,*,#2743,.T.);
#1314=ORIENTED_EDGE('',*,*,#2741,.T.);
#1315=ORIENTED_EDGE('',*,*,#2675,.F.);
#1316=ORIENTED_EDGE('',*,*,#2733,.F.);
#1317=ORIENTED_EDGE('',*,*,#2736,.F.);
#1318=ORIENTED_EDGE('',*,*,#2738,.F.);
#1319=ORIENTED_EDGE('',*,*,#2740,.F.);
#1320=ORIENTED_EDGE('',*,*,#2742,.F.);
#1321=ORIENTED_EDGE('',*,*,#2743,.F.);
#1322=ORIENTED_EDGE('',*,*,#2744,.F.);
#1323=ORIENTED_EDGE('',*,*,#2745,.T.);
#1324=ORIENTED_EDGE('',*,*,#2746,.F.);
#1325=ORIENTED_EDGE('',*,*,#2747,.T.);
#1326=ORIENTED_EDGE('',*,*,#2748,.F.);
#1327=ORIENTED_EDGE('',*,*,#2749,.F.);
#1328=ORIENTED_EDGE('',*,*,#2750,.F.);
#1329=ORIENTED_EDGE('',*,*,#2751,.F.);
#1330=ORIENTED_EDGE('',*,*,#2752,.T.);
#1331=ORIENTED_EDGE('',*,*,#2753,.T.);
#1332=ORIENTED_EDGE('',*,*,#2754,.T.);
#1333=ORIENTED_EDGE('',*,*,#2755,.T.);
#1334=ORIENTED_EDGE('',*,*,#2756,.T.);
#1335=ORIENTED_EDGE('',*,*,#2757,.T.);
#1336=ORIENTED_EDGE('',*,*,#2758,.T.);
#1337=ORIENTED_EDGE('',*,*,#2759,.T.);
#1338=ORIENTED_EDGE('',*,*,#2760,.T.);
#1339=ORIENTED_EDGE('',*,*,#2761,.T.);
#1340=ORIENTED_EDGE('',*,*,#2762,.T.);
#1341=ORIENTED_EDGE('',*,*,#2763,.T.);
#1342=ORIENTED_EDGE('',*,*,#2764,.T.);
#1343=ORIENTED_EDGE('',*,*,#2765,.T.);
#1344=ORIENTED_EDGE('',*,*,#2766,.T.);
#1345=ORIENTED_EDGE('',*,*,#2767,.T.);
#1346=ORIENTED_EDGE('',*,*,#2768,.T.);
#1347=ORIENTED_EDGE('',*,*,#2769,.T.);
#1348=ORIENTED_EDGE('',*,*,#2770,.T.);
#1349=ORIENTED_EDGE('',*,*,#2771,.T.);
#1350=ORIENTED_EDGE('',*,*,#2772,.T.);
#1351=ORIENTED_EDGE('',*,*,#2746,.T.);
#1352=ORIENTED_EDGE('',*,*,#2773,.F.);
#1353=ORIENTED_EDGE('',*,*,#2774,.T.);
#1354=ORIENTED_EDGE('',*,*,#2747,.F.);
#1355=ORIENTED_EDGE('',*,*,#2772,.F.);
#1356=ORIENTED_EDGE('',*,*,#2775,.T.);
#1357=ORIENTED_EDGE('',*,*,#2776,.T.);
#1358=ORIENTED_EDGE('',*,*,#2777,.T.);
#1359=ORIENTED_EDGE('',*,*,#2748,.T.);
#1360=ORIENTED_EDGE('',*,*,#2776,.F.);
#1361=ORIENTED_EDGE('',*,*,#2778,.T.);
#1362=ORIENTED_EDGE('',*,*,#2779,.T.);
#1363=ORIENTED_EDGE('',*,*,#2750,.T.);
#1364=ORIENTED_EDGE('',*,*,#2780,.F.);
#1365=ORIENTED_EDGE('',*,*,#2781,.T.);
#1366=ORIENTED_EDGE('',*,*,#2782,.T.);
#1367=ORIENTED_EDGE('',*,*,#2744,.T.);
#1368=ORIENTED_EDGE('',*,*,#2783,.F.);
#1369=ORIENTED_EDGE('',*,*,#2784,.T.);
#1370=ORIENTED_EDGE('',*,*,#2785,.T.);
#1371=ORIENTED_EDGE('',*,*,#2745,.F.);
#1372=ORIENTED_EDGE('',*,*,#2782,.F.);
#1373=ORIENTED_EDGE('',*,*,#2786,.T.);
#1374=ORIENTED_EDGE('',*,*,#2773,.T.);
#1375=ORIENTED_EDGE('',*,*,#2780,.T.);
#1376=ORIENTED_EDGE('',*,*,#2749,.T.);
#1377=ORIENTED_EDGE('',*,*,#2777,.F.);
#1378=ORIENTED_EDGE('',*,*,#2787,.T.);
#1379=ORIENTED_EDGE('',*,*,#2783,.T.);
#1380=ORIENTED_EDGE('',*,*,#2751,.T.);
#1381=ORIENTED_EDGE('',*,*,#2779,.F.);
#1382=ORIENTED_EDGE('',*,*,#2788,.T.);
#1383=ORIENTED_EDGE('',*,*,#2789,.T.);
#1384=ORIENTED_EDGE('',*,*,#2790,.F.);
#1385=ORIENTED_EDGE('',*,*,#2769,.F.);
#1386=ORIENTED_EDGE('',*,*,#2791,.F.);
#1387=ORIENTED_EDGE('',*,*,#2775,.F.);
#1388=ORIENTED_EDGE('',*,*,#2791,.T.);
#1389=ORIENTED_EDGE('',*,*,#2768,.F.);
#1390=ORIENTED_EDGE('',*,*,#2792,.F.);
#1391=ORIENTED_EDGE('',*,*,#2778,.F.);
#1392=ORIENTED_EDGE('',*,*,#2790,.T.);
#1393=ORIENTED_EDGE('',*,*,#2774,.F.);
#1394=ORIENTED_EDGE('',*,*,#2793,.F.);
#1395=ORIENTED_EDGE('',*,*,#2770,.F.);
#1396=ORIENTED_EDGE('',*,*,#2792,.T.);
#1397=ORIENTED_EDGE('',*,*,#2767,.F.);
#1398=ORIENTED_EDGE('',*,*,#2794,.F.);
#1399=ORIENTED_EDGE('',*,*,#2787,.F.);
#1400=ORIENTED_EDGE('',*,*,#2793,.T.);
#1401=ORIENTED_EDGE('',*,*,#2786,.F.);
#1402=ORIENTED_EDGE('',*,*,#2795,.F.);
#1403=ORIENTED_EDGE('',*,*,#2771,.F.);
#1404=ORIENTED_EDGE('',*,*,#2794,.T.);
#1405=ORIENTED_EDGE('',*,*,#2766,.F.);
#1406=ORIENTED_EDGE('',*,*,#2796,.F.);
#1407=ORIENTED_EDGE('',*,*,#2788,.F.);
#1408=ORIENTED_EDGE('',*,*,#2781,.F.);
#1409=ORIENTED_EDGE('',*,*,#2795,.T.);
#1410=ORIENTED_EDGE('',*,*,#2785,.F.);
#1411=ORIENTED_EDGE('',*,*,#2797,.F.);
#1412=ORIENTED_EDGE('',*,*,#2764,.F.);
#1413=ORIENTED_EDGE('',*,*,#2796,.T.);
#1414=ORIENTED_EDGE('',*,*,#2765,.F.);
#1415=ORIENTED_EDGE('',*,*,#2797,.T.);
#1416=ORIENTED_EDGE('',*,*,#2784,.F.);
#1417=ORIENTED_EDGE('',*,*,#2789,.F.);
#1418=ORIENTED_EDGE('',*,*,#2798,.F.);
#1419=ORIENTED_EDGE('',*,*,#2799,.T.);
#1420=ORIENTED_EDGE('',*,*,#2800,.T.);
#1421=ORIENTED_EDGE('',*,*,#2753,.F.);
#1422=ORIENTED_EDGE('',*,*,#2801,.F.);
#1423=ORIENTED_EDGE('',*,*,#2802,.T.);
#1424=ORIENTED_EDGE('',*,*,#2798,.T.);
#1425=ORIENTED_EDGE('',*,*,#2752,.F.);
#1426=ORIENTED_EDGE('',*,*,#2803,.F.);
#1427=ORIENTED_EDGE('',*,*,#2804,.T.);
#1428=ORIENTED_EDGE('',*,*,#2801,.T.);
#1429=ORIENTED_EDGE('',*,*,#2757,.F.);
#1430=ORIENTED_EDGE('',*,*,#2805,.F.);
#1431=ORIENTED_EDGE('',*,*,#2806,.T.);
#1432=ORIENTED_EDGE('',*,*,#2803,.T.);
#1433=ORIENTED_EDGE('',*,*,#2756,.F.);
#1434=ORIENTED_EDGE('',*,*,#2807,.F.);
#1435=ORIENTED_EDGE('',*,*,#2808,.T.);
#1436=ORIENTED_EDGE('',*,*,#2805,.T.);
#1437=ORIENTED_EDGE('',*,*,#2755,.F.);
#1438=ORIENTED_EDGE('',*,*,#2800,.F.);
#1439=ORIENTED_EDGE('',*,*,#2809,.T.);
#1440=ORIENTED_EDGE('',*,*,#2807,.T.);
#1441=ORIENTED_EDGE('',*,*,#2754,.F.);
#1442=ORIENTED_EDGE('',*,*,#2799,.F.);
#1443=ORIENTED_EDGE('',*,*,#2802,.F.);
#1444=ORIENTED_EDGE('',*,*,#2804,.F.);
#1445=ORIENTED_EDGE('',*,*,#2806,.F.);
#1446=ORIENTED_EDGE('',*,*,#2808,.F.);
#1447=ORIENTED_EDGE('',*,*,#2809,.F.);
#1448=ORIENTED_EDGE('',*,*,#2810,.F.);
#1449=ORIENTED_EDGE('',*,*,#2811,.T.);
#1450=ORIENTED_EDGE('',*,*,#2812,.T.);
#1451=ORIENTED_EDGE('',*,*,#2759,.F.);
#1452=ORIENTED_EDGE('',*,*,#2813,.F.);
#1453=ORIENTED_EDGE('',*,*,#2814,.T.);
#1454=ORIENTED_EDGE('',*,*,#2810,.T.);
#1455=ORIENTED_EDGE('',*,*,#2758,.F.);
#1456=ORIENTED_EDGE('',*,*,#2815,.F.);
#1457=ORIENTED_EDGE('',*,*,#2816,.T.);
#1458=ORIENTED_EDGE('',*,*,#2813,.T.);
#1459=ORIENTED_EDGE('',*,*,#2763,.F.);
#1460=ORIENTED_EDGE('',*,*,#2817,.F.);
#1461=ORIENTED_EDGE('',*,*,#2818,.T.);
#1462=ORIENTED_EDGE('',*,*,#2815,.T.);
#1463=ORIENTED_EDGE('',*,*,#2762,.F.);
#1464=ORIENTED_EDGE('',*,*,#2819,.F.);
#1465=ORIENTED_EDGE('',*,*,#2820,.T.);
#1466=ORIENTED_EDGE('',*,*,#2817,.T.);
#1467=ORIENTED_EDGE('',*,*,#2761,.F.);
#1468=ORIENTED_EDGE('',*,*,#2812,.F.);
#1469=ORIENTED_EDGE('',*,*,#2821,.T.);
#1470=ORIENTED_EDGE('',*,*,#2819,.T.);
#1471=ORIENTED_EDGE('',*,*,#2760,.F.);
#1472=ORIENTED_EDGE('',*,*,#2811,.F.);
#1473=ORIENTED_EDGE('',*,*,#2814,.F.);
#1474=ORIENTED_EDGE('',*,*,#2816,.F.);
#1475=ORIENTED_EDGE('',*,*,#2818,.F.);
#1476=ORIENTED_EDGE('',*,*,#2820,.F.);
#1477=ORIENTED_EDGE('',*,*,#2821,.F.);
#1478=ORIENTED_EDGE('',*,*,#2822,.T.);
#1479=ORIENTED_EDGE('',*,*,#2823,.T.);
#1480=ORIENTED_EDGE('',*,*,#2824,.T.);
#1481=ORIENTED_EDGE('',*,*,#2825,.T.);
#1482=ORIENTED_EDGE('',*,*,#2826,.T.);
#1483=ORIENTED_EDGE('',*,*,#2827,.T.);
#1484=ORIENTED_EDGE('',*,*,#2828,.T.);
#1485=ORIENTED_EDGE('',*,*,#2829,.T.);
#1486=ORIENTED_EDGE('',*,*,#2830,.F.);
#1487=ORIENTED_EDGE('',*,*,#2831,.F.);
#1488=ORIENTED_EDGE('',*,*,#2832,.T.);
#1489=ORIENTED_EDGE('',*,*,#2833,.T.);
#1490=ORIENTED_EDGE('',*,*,#2834,.T.);
#1491=ORIENTED_EDGE('',*,*,#2835,.T.);
#1492=ORIENTED_EDGE('',*,*,#2833,.F.);
#1493=ORIENTED_EDGE('',*,*,#2836,.T.);
#1494=ORIENTED_EDGE('',*,*,#2837,.F.);
#1495=ORIENTED_EDGE('',*,*,#2834,.F.);
#1496=ORIENTED_EDGE('',*,*,#2838,.T.);
#1497=ORIENTED_EDGE('',*,*,#2839,.T.);
#1498=ORIENTED_EDGE('',*,*,#2840,.F.);
#1499=ORIENTED_EDGE('',*,*,#2841,.F.);
#1500=ORIENTED_EDGE('',*,*,#2842,.T.);
#1501=ORIENTED_EDGE('',*,*,#2843,.T.);
#1502=ORIENTED_EDGE('',*,*,#2844,.T.);
#1503=ORIENTED_EDGE('',*,*,#2845,.F.);
#1504=ORIENTED_EDGE('',*,*,#2846,.F.);
#1505=ORIENTED_EDGE('',*,*,#2847,.T.);
#1506=ORIENTED_EDGE('',*,*,#2848,.T.);
#1507=ORIENTED_EDGE('',*,*,#2849,.F.);
#1508=ORIENTED_EDGE('',*,*,#2848,.F.);
#1509=ORIENTED_EDGE('',*,*,#2850,.T.);
#1510=ORIENTED_EDGE('',*,*,#2831,.T.);
#1511=ORIENTED_EDGE('',*,*,#2841,.T.);
#1512=ORIENTED_EDGE('',*,*,#2851,.T.);
#1513=ORIENTED_EDGE('',*,*,#2839,.F.);
#1514=ORIENTED_EDGE('',*,*,#2852,.T.);
#1515=ORIENTED_EDGE('',*,*,#2846,.T.);
#1516=ORIENTED_EDGE('',*,*,#2853,.T.);
#1517=ORIENTED_EDGE('',*,*,#2844,.F.);
#1518=ORIENTED_EDGE('',*,*,#2854,.T.);
#1519=ORIENTED_EDGE('',*,*,#2855,.T.);
#1520=ORIENTED_EDGE('',*,*,#2856,.F.);
#1521=ORIENTED_EDGE('',*,*,#2827,.F.);
#1522=ORIENTED_EDGE('',*,*,#2857,.F.);
#1523=ORIENTED_EDGE('',*,*,#2836,.F.);
#1524=ORIENTED_EDGE('',*,*,#2857,.T.);
#1525=ORIENTED_EDGE('',*,*,#2826,.F.);
#1526=ORIENTED_EDGE('',*,*,#2858,.F.);
#1527=ORIENTED_EDGE('',*,*,#2838,.F.);
#1528=ORIENTED_EDGE('',*,*,#2856,.T.);
#1529=ORIENTED_EDGE('',*,*,#2832,.F.);
#1530=ORIENTED_EDGE('',*,*,#2859,.F.);
#1531=ORIENTED_EDGE('',*,*,#2828,.F.);
#1532=ORIENTED_EDGE('',*,*,#2858,.T.);
#1533=ORIENTED_EDGE('',*,*,#2825,.F.);
#1534=ORIENTED_EDGE('',*,*,#2860,.F.);
#1535=ORIENTED_EDGE('',*,*,#2852,.F.);
#1536=ORIENTED_EDGE('',*,*,#2859,.T.);
#1537=ORIENTED_EDGE('',*,*,#2850,.F.);
#1538=ORIENTED_EDGE('',*,*,#2861,.F.);
#1539=ORIENTED_EDGE('',*,*,#2829,.F.);
#1540=ORIENTED_EDGE('',*,*,#2860,.T.);
#1541=ORIENTED_EDGE('',*,*,#2824,.F.);
#1542=ORIENTED_EDGE('',*,*,#2862,.F.);
#1543=ORIENTED_EDGE('',*,*,#2842,.F.);
#1544=ORIENTED_EDGE('',*,*,#2847,.F.);
#1545=ORIENTED_EDGE('',*,*,#2855,.F.);
#1546=ORIENTED_EDGE('',*,*,#2863,.F.);
#1547=ORIENTED_EDGE('',*,*,#2822,.F.);
#1548=ORIENTED_EDGE('',*,*,#2861,.T.);
#1549=ORIENTED_EDGE('',*,*,#2862,.T.);
#1550=ORIENTED_EDGE('',*,*,#2823,.F.);
#1551=ORIENTED_EDGE('',*,*,#2863,.T.);
#1552=ORIENTED_EDGE('',*,*,#2854,.F.);
#1553=ORIENTED_EDGE('',*,*,#2843,.F.);
#1554=ORIENTED_EDGE('',*,*,#2864,.F.);
#1555=ORIENTED_EDGE('',*,*,#2865,.F.);
#1556=ORIENTED_EDGE('',*,*,#2866,.F.);
#1557=ORIENTED_EDGE('',*,*,#2867,.F.);
#1558=ORIENTED_EDGE('',*,*,#2868,.F.);
#1559=ORIENTED_EDGE('',*,*,#2869,.F.);
#1560=ORIENTED_EDGE('',*,*,#2870,.F.);
#1561=ORIENTED_EDGE('',*,*,#2871,.F.);
#1562=ORIENTED_EDGE('',*,*,#2872,.F.);
#1563=ORIENTED_EDGE('',*,*,#2873,.F.);
#1564=ORIENTED_EDGE('',*,*,#2874,.F.);
#1565=ORIENTED_EDGE('',*,*,#2875,.F.);
#1566=ORIENTED_EDGE('',*,*,#2845,.T.);
#1567=ORIENTED_EDGE('',*,*,#2849,.T.);
#1568=ORIENTED_EDGE('',*,*,#2830,.T.);
#1569=ORIENTED_EDGE('',*,*,#2835,.F.);
#1570=ORIENTED_EDGE('',*,*,#2837,.T.);
#1571=ORIENTED_EDGE('',*,*,#2851,.F.);
#1572=ORIENTED_EDGE('',*,*,#2840,.T.);
#1573=ORIENTED_EDGE('',*,*,#2853,.F.);
#1574=ORIENTED_EDGE('',*,*,#2870,.T.);
#1575=ORIENTED_EDGE('',*,*,#2876,.F.);
#1576=ORIENTED_EDGE('',*,*,#2877,.F.);
#1577=ORIENTED_EDGE('',*,*,#2878,.T.);
#1578=ORIENTED_EDGE('',*,*,#2875,.T.);
#1579=ORIENTED_EDGE('',*,*,#2879,.F.);
#1580=ORIENTED_EDGE('',*,*,#2880,.F.);
#1581=ORIENTED_EDGE('',*,*,#2876,.T.);
#1582=ORIENTED_EDGE('',*,*,#2874,.T.);
#1583=ORIENTED_EDGE('',*,*,#2881,.F.);
#1584=ORIENTED_EDGE('',*,*,#2882,.F.);
#1585=ORIENTED_EDGE('',*,*,#2879,.T.);
#1586=ORIENTED_EDGE('',*,*,#2873,.T.);
#1587=ORIENTED_EDGE('',*,*,#2883,.F.);
#1588=ORIENTED_EDGE('',*,*,#2884,.F.);
#1589=ORIENTED_EDGE('',*,*,#2881,.T.);
#1590=ORIENTED_EDGE('',*,*,#2872,.T.);
#1591=ORIENTED_EDGE('',*,*,#2885,.F.);
#1592=ORIENTED_EDGE('',*,*,#2886,.F.);
#1593=ORIENTED_EDGE('',*,*,#2883,.T.);
#1594=ORIENTED_EDGE('',*,*,#2871,.T.);
#1595=ORIENTED_EDGE('',*,*,#2878,.F.);
#1596=ORIENTED_EDGE('',*,*,#2887,.F.);
#1597=ORIENTED_EDGE('',*,*,#2885,.T.);
#1598=ORIENTED_EDGE('',*,*,#2877,.T.);
#1599=ORIENTED_EDGE('',*,*,#2880,.T.);
#1600=ORIENTED_EDGE('',*,*,#2882,.T.);
#1601=ORIENTED_EDGE('',*,*,#2884,.T.);
#1602=ORIENTED_EDGE('',*,*,#2886,.T.);
#1603=ORIENTED_EDGE('',*,*,#2887,.T.);
#1604=ORIENTED_EDGE('',*,*,#2864,.T.);
#1605=ORIENTED_EDGE('',*,*,#2888,.F.);
#1606=ORIENTED_EDGE('',*,*,#2889,.F.);
#1607=ORIENTED_EDGE('',*,*,#2890,.T.);
#1608=ORIENTED_EDGE('',*,*,#2869,.T.);
#1609=ORIENTED_EDGE('',*,*,#2891,.F.);
#1610=ORIENTED_EDGE('',*,*,#2892,.F.);
#1611=ORIENTED_EDGE('',*,*,#2888,.T.);
#1612=ORIENTED_EDGE('',*,*,#2868,.T.);
#1613=ORIENTED_EDGE('',*,*,#2893,.F.);
#1614=ORIENTED_EDGE('',*,*,#2894,.F.);
#1615=ORIENTED_EDGE('',*,*,#2891,.T.);
#1616=ORIENTED_EDGE('',*,*,#2867,.T.);
#1617=ORIENTED_EDGE('',*,*,#2895,.F.);
#1618=ORIENTED_EDGE('',*,*,#2896,.F.);
#1619=ORIENTED_EDGE('',*,*,#2893,.T.);
#1620=ORIENTED_EDGE('',*,*,#2866,.T.);
#1621=ORIENTED_EDGE('',*,*,#2897,.F.);
#1622=ORIENTED_EDGE('',*,*,#2898,.F.);
#1623=ORIENTED_EDGE('',*,*,#2895,.T.);
#1624=ORIENTED_EDGE('',*,*,#2865,.T.);
#1625=ORIENTED_EDGE('',*,*,#2890,.F.);
#1626=ORIENTED_EDGE('',*,*,#2899,.F.);
#1627=ORIENTED_EDGE('',*,*,#2897,.T.);
#1628=ORIENTED_EDGE('',*,*,#2889,.T.);
#1629=ORIENTED_EDGE('',*,*,#2892,.T.);
#1630=ORIENTED_EDGE('',*,*,#2894,.T.);
#1631=ORIENTED_EDGE('',*,*,#2896,.T.);
#1632=ORIENTED_EDGE('',*,*,#2898,.T.);
#1633=ORIENTED_EDGE('',*,*,#2899,.T.);
#1634=ORIENTED_EDGE('',*,*,#2900,.T.);
#1635=ORIENTED_EDGE('',*,*,#2901,.T.);
#1636=ORIENTED_EDGE('',*,*,#2902,.F.);
#1637=ORIENTED_EDGE('',*,*,#2903,.F.);
#1638=ORIENTED_EDGE('',*,*,#2904,.T.);
#1639=ORIENTED_EDGE('',*,*,#2905,.F.);
#1640=ORIENTED_EDGE('',*,*,#2906,.T.);
#1641=ORIENTED_EDGE('',*,*,#2907,.F.);
#1642=ORIENTED_EDGE('',*,*,#2908,.T.);
#1643=ORIENTED_EDGE('',*,*,#2909,.F.);
#1644=ORIENTED_EDGE('',*,*,#2910,.F.);
#1645=ORIENTED_EDGE('',*,*,#2911,.T.);
#1646=ORIENTED_EDGE('',*,*,#2912,.T.);
#1647=ORIENTED_EDGE('',*,*,#2913,.T.);
#1648=ORIENTED_EDGE('',*,*,#2914,.T.);
#1649=ORIENTED_EDGE('',*,*,#2915,.T.);
#1650=ORIENTED_EDGE('',*,*,#2916,.T.);
#1651=ORIENTED_EDGE('',*,*,#2917,.T.);
#1652=ORIENTED_EDGE('',*,*,#2918,.T.);
#1653=ORIENTED_EDGE('',*,*,#2919,.T.);
#1654=ORIENTED_EDGE('',*,*,#2920,.T.);
#1655=ORIENTED_EDGE('',*,*,#2921,.T.);
#1656=ORIENTED_EDGE('',*,*,#2922,.T.);
#1657=ORIENTED_EDGE('',*,*,#2923,.T.);
#1658=ORIENTED_EDGE('',*,*,#2924,.T.);
#1659=ORIENTED_EDGE('',*,*,#2925,.T.);
#1660=ORIENTED_EDGE('',*,*,#2926,.T.);
#1661=ORIENTED_EDGE('',*,*,#2927,.T.);
#1662=ORIENTED_EDGE('',*,*,#2928,.T.);
#1663=ORIENTED_EDGE('',*,*,#2929,.F.);
#1664=ORIENTED_EDGE('',*,*,#2930,.T.);
#1665=ORIENTED_EDGE('',*,*,#2931,.T.);
#1666=ORIENTED_EDGE('',*,*,#2909,.T.);
#1667=ORIENTED_EDGE('',*,*,#2931,.F.);
#1668=ORIENTED_EDGE('',*,*,#2932,.T.);
#1669=ORIENTED_EDGE('',*,*,#2910,.T.);
#1670=ORIENTED_EDGE('',*,*,#2933,.F.);
#1671=ORIENTED_EDGE('',*,*,#2934,.T.);
#1672=ORIENTED_EDGE('',*,*,#2935,.T.);
#1673=ORIENTED_EDGE('',*,*,#2903,.T.);
#1674=ORIENTED_EDGE('',*,*,#2936,.F.);
#1675=ORIENTED_EDGE('',*,*,#2937,.T.);
#1676=ORIENTED_EDGE('',*,*,#2938,.T.);
#1677=ORIENTED_EDGE('',*,*,#2905,.T.);
#1678=ORIENTED_EDGE('',*,*,#2938,.F.);
#1679=ORIENTED_EDGE('',*,*,#2939,.T.);
#1680=ORIENTED_EDGE('',*,*,#2940,.T.);
#1681=ORIENTED_EDGE('',*,*,#2906,.F.);
#1682=ORIENTED_EDGE('',*,*,#2940,.F.);
#1683=ORIENTED_EDGE('',*,*,#2941,.T.);
#1684=ORIENTED_EDGE('',*,*,#2942,.T.);
#1685=ORIENTED_EDGE('',*,*,#2907,.T.);
#1686=ORIENTED_EDGE('',*,*,#2943,.T.);
#1687=ORIENTED_EDGE('',*,*,#2944,.T.);
#1688=ORIENTED_EDGE('',*,*,#2929,.T.);
#1689=ORIENTED_EDGE('',*,*,#2908,.F.);
#1690=ORIENTED_EDGE('',*,*,#2942,.F.);
#1691=ORIENTED_EDGE('',*,*,#2902,.T.);
#1692=ORIENTED_EDGE('',*,*,#2945,.T.);
#1693=ORIENTED_EDGE('',*,*,#2946,.T.);
#1694=ORIENTED_EDGE('',*,*,#2933,.T.);
#1695=ORIENTED_EDGE('',*,*,#2935,.F.);
#1696=ORIENTED_EDGE('',*,*,#2947,.T.);
#1697=ORIENTED_EDGE('',*,*,#2948,.T.);
#1698=ORIENTED_EDGE('',*,*,#2936,.T.);
#1699=ORIENTED_EDGE('',*,*,#2904,.F.);
#1700=ORIENTED_EDGE('',*,*,#2949,.F.);
#1701=ORIENTED_EDGE('',*,*,#2950,.F.);
#1702=ORIENTED_EDGE('',*,*,#2934,.F.);
#1703=ORIENTED_EDGE('',*,*,#2946,.F.);
#1704=ORIENTED_EDGE('',*,*,#2951,.F.);
#1705=ORIENTED_EDGE('',*,*,#2952,.F.);
#1706=ORIENTED_EDGE('',*,*,#2949,.T.);
#1707=ORIENTED_EDGE('',*,*,#2952,.T.);
#1708=ORIENTED_EDGE('',*,*,#2925,.F.);
#1709=ORIENTED_EDGE('',*,*,#2953,.F.);
#1710=ORIENTED_EDGE('',*,*,#2947,.F.);
#1711=ORIENTED_EDGE('',*,*,#2950,.T.);
#1712=ORIENTED_EDGE('',*,*,#2945,.F.);
#1713=ORIENTED_EDGE('',*,*,#2901,.F.);
#1714=ORIENTED_EDGE('',*,*,#2954,.F.);
#1715=ORIENTED_EDGE('',*,*,#2926,.F.);
#1716=ORIENTED_EDGE('',*,*,#2951,.T.);
#1717=ORIENTED_EDGE('',*,*,#2955,.F.);
#1718=ORIENTED_EDGE('',*,*,#2953,.T.);
#1719=ORIENTED_EDGE('',*,*,#2956,.F.);
#1720=ORIENTED_EDGE('',*,*,#2948,.F.);
#1721=ORIENTED_EDGE('',*,*,#2955,.T.);
#1722=ORIENTED_EDGE('',*,*,#2957,.F.);
#1723=ORIENTED_EDGE('',*,*,#2937,.F.);
#1724=ORIENTED_EDGE('',*,*,#2900,.F.);
#1725=ORIENTED_EDGE('',*,*,#2932,.F.);
#1726=ORIENTED_EDGE('',*,*,#2958,.F.);
#1727=ORIENTED_EDGE('',*,*,#2927,.F.);
#1728=ORIENTED_EDGE('',*,*,#2954,.T.);
#1729=ORIENTED_EDGE('',*,*,#2959,.F.);
#1730=ORIENTED_EDGE('',*,*,#2939,.F.);
#1731=ORIENTED_EDGE('',*,*,#2957,.T.);
#1732=ORIENTED_EDGE('',*,*,#2956,.T.);
#1733=ORIENTED_EDGE('',*,*,#2924,.F.);
#1734=ORIENTED_EDGE('',*,*,#2960,.F.);
#1735=ORIENTED_EDGE('',*,*,#2941,.F.);
#1736=ORIENTED_EDGE('',*,*,#2959,.T.);
#1737=ORIENTED_EDGE('',*,*,#2961,.F.);
#1738=ORIENTED_EDGE('',*,*,#2943,.F.);
#1739=ORIENTED_EDGE('',*,*,#2958,.T.);
#1740=ORIENTED_EDGE('',*,*,#2930,.F.);
#1741=ORIENTED_EDGE('',*,*,#2962,.F.);
#1742=ORIENTED_EDGE('',*,*,#2928,.F.);
#1743=ORIENTED_EDGE('',*,*,#2961,.T.);
#1744=ORIENTED_EDGE('',*,*,#2960,.T.);
#1745=ORIENTED_EDGE('',*,*,#2963,.F.);
#1746=ORIENTED_EDGE('',*,*,#2962,.T.);
#1747=ORIENTED_EDGE('',*,*,#2944,.F.);
#1748=ORIENTED_EDGE('',*,*,#2963,.T.);
#1749=ORIENTED_EDGE('',*,*,#2923,.F.);
#1750=ORIENTED_EDGE('',*,*,#2964,.F.);
#1751=ORIENTED_EDGE('',*,*,#2965,.T.);
#1752=ORIENTED_EDGE('',*,*,#2966,.T.);
#1753=ORIENTED_EDGE('',*,*,#2912,.F.);
#1754=ORIENTED_EDGE('',*,*,#2967,.F.);
#1755=ORIENTED_EDGE('',*,*,#2968,.T.);
#1756=ORIENTED_EDGE('',*,*,#2964,.T.);
#1757=ORIENTED_EDGE('',*,*,#2911,.F.);
#1758=ORIENTED_EDGE('',*,*,#2969,.F.);
#1759=ORIENTED_EDGE('',*,*,#2970,.T.);
#1760=ORIENTED_EDGE('',*,*,#2967,.T.);
#1761=ORIENTED_EDGE('',*,*,#2916,.F.);
#1762=ORIENTED_EDGE('',*,*,#2971,.F.);
#1763=ORIENTED_EDGE('',*,*,#2972,.T.);
#1764=ORIENTED_EDGE('',*,*,#2969,.T.);
#1765=ORIENTED_EDGE('',*,*,#2915,.F.);
#1766=ORIENTED_EDGE('',*,*,#2973,.F.);
#1767=ORIENTED_EDGE('',*,*,#2974,.T.);
#1768=ORIENTED_EDGE('',*,*,#2971,.T.);
#1769=ORIENTED_EDGE('',*,*,#2914,.F.);
#1770=ORIENTED_EDGE('',*,*,#2966,.F.);
#1771=ORIENTED_EDGE('',*,*,#2975,.T.);
#1772=ORIENTED_EDGE('',*,*,#2973,.T.);
#1773=ORIENTED_EDGE('',*,*,#2913,.F.);
#1774=ORIENTED_EDGE('',*,*,#2965,.F.);
#1775=ORIENTED_EDGE('',*,*,#2968,.F.);
#1776=ORIENTED_EDGE('',*,*,#2970,.F.);
#1777=ORIENTED_EDGE('',*,*,#2972,.F.);
#1778=ORIENTED_EDGE('',*,*,#2974,.F.);
#1779=ORIENTED_EDGE('',*,*,#2975,.F.);
#1780=ORIENTED_EDGE('',*,*,#2976,.F.);
#1781=ORIENTED_EDGE('',*,*,#2977,.T.);
#1782=ORIENTED_EDGE('',*,*,#2978,.T.);
#1783=ORIENTED_EDGE('',*,*,#2918,.F.);
#1784=ORIENTED_EDGE('',*,*,#2979,.F.);
#1785=ORIENTED_EDGE('',*,*,#2980,.T.);
#1786=ORIENTED_EDGE('',*,*,#2976,.T.);
#1787=ORIENTED_EDGE('',*,*,#2917,.F.);
#1788=ORIENTED_EDGE('',*,*,#2981,.F.);
#1789=ORIENTED_EDGE('',*,*,#2982,.T.);
#1790=ORIENTED_EDGE('',*,*,#2979,.T.);
#1791=ORIENTED_EDGE('',*,*,#2922,.F.);
#1792=ORIENTED_EDGE('',*,*,#2983,.F.);
#1793=ORIENTED_EDGE('',*,*,#2984,.T.);
#1794=ORIENTED_EDGE('',*,*,#2981,.T.);
#1795=ORIENTED_EDGE('',*,*,#2921,.F.);
#1796=ORIENTED_EDGE('',*,*,#2985,.F.);
#1797=ORIENTED_EDGE('',*,*,#2986,.T.);
#1798=ORIENTED_EDGE('',*,*,#2983,.T.);
#1799=ORIENTED_EDGE('',*,*,#2920,.F.);
#1800=ORIENTED_EDGE('',*,*,#2978,.F.);
#1801=ORIENTED_EDGE('',*,*,#2987,.T.);
#1802=ORIENTED_EDGE('',*,*,#2985,.T.);
#1803=ORIENTED_EDGE('',*,*,#2919,.F.);
#1804=ORIENTED_EDGE('',*,*,#2977,.F.);
#1805=ORIENTED_EDGE('',*,*,#2980,.F.);
#1806=ORIENTED_EDGE('',*,*,#2982,.F.);
#1807=ORIENTED_EDGE('',*,*,#2984,.F.);
#1808=ORIENTED_EDGE('',*,*,#2986,.F.);
#1809=ORIENTED_EDGE('',*,*,#2987,.F.);
#1810=ORIENTED_EDGE('',*,*,#2988,.F.);
#1811=ORIENTED_EDGE('',*,*,#2989,.T.);
#1812=ORIENTED_EDGE('',*,*,#2990,.F.);
#1813=ORIENTED_EDGE('',*,*,#2991,.F.);
#1814=ORIENTED_EDGE('',*,*,#2992,.F.);
#1815=ORIENTED_EDGE('',*,*,#2993,.F.);
#1816=ORIENTED_EDGE('',*,*,#2994,.T.);
#1817=ORIENTED_EDGE('',*,*,#2995,.T.);
#1818=ORIENTED_EDGE('',*,*,#2996,.T.);
#1819=ORIENTED_EDGE('',*,*,#2997,.T.);
#1820=ORIENTED_EDGE('',*,*,#2998,.F.);
#1821=ORIENTED_EDGE('',*,*,#2999,.T.);
#1822=ORIENTED_EDGE('',*,*,#3000,.F.);
#1823=ORIENTED_EDGE('',*,*,#3001,.T.);
#1824=ORIENTED_EDGE('',*,*,#3002,.F.);
#1825=ORIENTED_EDGE('',*,*,#3003,.F.);
#1826=ORIENTED_EDGE('',*,*,#3004,.T.);
#1827=ORIENTED_EDGE('',*,*,#3005,.T.);
#1828=ORIENTED_EDGE('',*,*,#3006,.T.);
#1829=ORIENTED_EDGE('',*,*,#3007,.T.);
#1830=ORIENTED_EDGE('',*,*,#3008,.T.);
#1831=ORIENTED_EDGE('',*,*,#3009,.T.);
#1832=ORIENTED_EDGE('',*,*,#3010,.T.);
#1833=ORIENTED_EDGE('',*,*,#3011,.T.);
#1834=ORIENTED_EDGE('',*,*,#3012,.T.);
#1835=ORIENTED_EDGE('',*,*,#3013,.T.);
#1836=ORIENTED_EDGE('',*,*,#3014,.T.);
#1837=ORIENTED_EDGE('',*,*,#3015,.T.);
#1838=ORIENTED_EDGE('',*,*,#3003,.T.);
#1839=ORIENTED_EDGE('',*,*,#3016,.F.);
#1840=ORIENTED_EDGE('',*,*,#3017,.T.);
#1841=ORIENTED_EDGE('',*,*,#3018,.T.);
#1842=ORIENTED_EDGE('',*,*,#3019,.T.);
#1843=ORIENTED_EDGE('',*,*,#2988,.T.);
#1844=ORIENTED_EDGE('',*,*,#3019,.F.);
#1845=ORIENTED_EDGE('',*,*,#3020,.T.);
#1846=ORIENTED_EDGE('',*,*,#3021,.T.);
#1847=ORIENTED_EDGE('',*,*,#3022,.T.);
#1848=ORIENTED_EDGE('',*,*,#3023,.T.);
#1849=ORIENTED_EDGE('',*,*,#3002,.T.);
#1850=ORIENTED_EDGE('',*,*,#3024,.F.);
#1851=ORIENTED_EDGE('',*,*,#3025,.T.);
#1852=ORIENTED_EDGE('',*,*,#3016,.T.);
#1853=ORIENTED_EDGE('',*,*,#3026,.T.);
#1854=ORIENTED_EDGE('',*,*,#2996,.F.);
#1855=ORIENTED_EDGE('',*,*,#3027,.F.);
#1856=ORIENTED_EDGE('',*,*,#3028,.T.);
#1857=ORIENTED_EDGE('',*,*,#3029,.T.);
#1858=ORIENTED_EDGE('',*,*,#3027,.T.);
#1859=ORIENTED_EDGE('',*,*,#2995,.F.);
#1860=ORIENTED_EDGE('',*,*,#3030,.F.);
#1861=ORIENTED_EDGE('',*,*,#3031,.T.);
#1862=ORIENTED_EDGE('',*,*,#3032,.T.);
#1863=ORIENTED_EDGE('',*,*,#3033,.T.);
#1864=ORIENTED_EDGE('',*,*,#3034,.T.);
#1865=ORIENTED_EDGE('',*,*,#3035,.T.);
#1866=ORIENTED_EDGE('',*,*,#3036,.T.);
#1867=ORIENTED_EDGE('',*,*,#3037,.T.);
#1868=ORIENTED_EDGE('',*,*,#3038,.T.);
#1869=ORIENTED_EDGE('',*,*,#3039,.T.);
#1870=ORIENTED_EDGE('',*,*,#3040,.T.);
#1871=ORIENTED_EDGE('',*,*,#3041,.T.);
#1872=ORIENTED_EDGE('',*,*,#3042,.T.);
#1873=ORIENTED_EDGE('',*,*,#3043,.T.);
#1874=ORIENTED_EDGE('',*,*,#3044,.T.);
#1875=ORIENTED_EDGE('',*,*,#3045,.T.);
#1876=ORIENTED_EDGE('',*,*,#3046,.T.);
#1877=ORIENTED_EDGE('',*,*,#3047,.T.);
#1878=ORIENTED_EDGE('',*,*,#3048,.T.);
#1879=ORIENTED_EDGE('',*,*,#2991,.T.);
#1880=ORIENTED_EDGE('',*,*,#3049,.F.);
#1881=ORIENTED_EDGE('',*,*,#3050,.T.);
#1882=ORIENTED_EDGE('',*,*,#3051,.T.);
#1883=ORIENTED_EDGE('',*,*,#2993,.T.);
#1884=ORIENTED_EDGE('',*,*,#3052,.F.);
#1885=ORIENTED_EDGE('',*,*,#3053,.T.);
#1886=ORIENTED_EDGE('',*,*,#2994,.F.);
#1887=ORIENTED_EDGE('',*,*,#3051,.F.);
#1888=ORIENTED_EDGE('',*,*,#3054,.T.);
#1889=ORIENTED_EDGE('',*,*,#3055,.T.);
#1890=ORIENTED_EDGE('',*,*,#3030,.T.);
#1891=ORIENTED_EDGE('',*,*,#2997,.F.);
#1892=ORIENTED_EDGE('',*,*,#3026,.F.);
#1893=ORIENTED_EDGE('',*,*,#3056,.T.);
#1894=ORIENTED_EDGE('',*,*,#3057,.T.);
#1895=ORIENTED_EDGE('',*,*,#3058,.T.);
#1896=ORIENTED_EDGE('',*,*,#2998,.T.);
#1897=ORIENTED_EDGE('',*,*,#3057,.F.);
#1898=ORIENTED_EDGE('',*,*,#3059,.F.);
#1899=ORIENTED_EDGE('',*,*,#3060,.T.);
#1900=ORIENTED_EDGE('',*,*,#3061,.T.);
#1901=ORIENTED_EDGE('',*,*,#3000,.T.);
#1902=ORIENTED_EDGE('',*,*,#3062,.F.);
#1903=ORIENTED_EDGE('',*,*,#3063,.T.);
#1904=ORIENTED_EDGE('',*,*,#3064,.T.);
#1905=ORIENTED_EDGE('',*,*,#2989,.F.);
#1906=ORIENTED_EDGE('',*,*,#3023,.F.);
#1907=ORIENTED_EDGE('',*,*,#3065,.T.);
#1908=ORIENTED_EDGE('',*,*,#3066,.T.);
#1909=ORIENTED_EDGE('',*,*,#3067,.T.);
#1910=ORIENTED_EDGE('',*,*,#3049,.T.);
#1911=ORIENTED_EDGE('',*,*,#2990,.T.);
#1912=ORIENTED_EDGE('',*,*,#3067,.F.);
#1913=ORIENTED_EDGE('',*,*,#3068,.T.);
#1914=ORIENTED_EDGE('',*,*,#3052,.T.);
#1915=ORIENTED_EDGE('',*,*,#2992,.T.);
#1916=ORIENTED_EDGE('',*,*,#3048,.F.);
#1917=ORIENTED_EDGE('',*,*,#3069,.T.);
#1918=ORIENTED_EDGE('',*,*,#2999,.F.);
#1919=ORIENTED_EDGE('',*,*,#3058,.F.);
#1920=ORIENTED_EDGE('',*,*,#3070,.T.);
#1921=ORIENTED_EDGE('',*,*,#3062,.T.);
#1922=ORIENTED_EDGE('',*,*,#3001,.F.);
#1923=ORIENTED_EDGE('',*,*,#3061,.F.);
#1924=ORIENTED_EDGE('',*,*,#3071,.T.);
#1925=ORIENTED_EDGE('',*,*,#3072,.T.);
#1926=ORIENTED_EDGE('',*,*,#3024,.T.);
#1927=ORIENTED_EDGE('',*,*,#3073,.F.);
#1928=ORIENTED_EDGE('',*,*,#3053,.F.);
#1929=ORIENTED_EDGE('',*,*,#3074,.F.);
#1930=ORIENTED_EDGE('',*,*,#3047,.F.);
#1931=ORIENTED_EDGE('',*,*,#3074,.T.);
#1932=ORIENTED_EDGE('',*,*,#3069,.F.);
#1933=ORIENTED_EDGE('',*,*,#3075,.F.);
#1934=ORIENTED_EDGE('',*,*,#3032,.F.);
#1935=ORIENTED_EDGE('',*,*,#3073,.T.);
#1936=ORIENTED_EDGE('',*,*,#3046,.F.);
#1937=ORIENTED_EDGE('',*,*,#3076,.F.);
#1938=ORIENTED_EDGE('',*,*,#3054,.F.);
#1939=ORIENTED_EDGE('',*,*,#3075,.T.);
#1940=ORIENTED_EDGE('',*,*,#3050,.F.);
#1941=ORIENTED_EDGE('',*,*,#3077,.F.);
#1942=ORIENTED_EDGE('',*,*,#3033,.F.);
#1943=ORIENTED_EDGE('',*,*,#3076,.T.);
#1944=ORIENTED_EDGE('',*,*,#3045,.F.);
#1945=ORIENTED_EDGE('',*,*,#3078,.F.);
#1946=ORIENTED_EDGE('',*,*,#3031,.F.);
#1947=ORIENTED_EDGE('',*,*,#3055,.F.);
#1948=ORIENTED_EDGE('',*,*,#3068,.F.);
#1949=ORIENTED_EDGE('',*,*,#3066,.F.);
#1950=ORIENTED_EDGE('',*,*,#3079,.F.);
#1951=ORIENTED_EDGE('',*,*,#3034,.F.);
#1952=ORIENTED_EDGE('',*,*,#3077,.T.);
#1953=ORIENTED_EDGE('',*,*,#3078,.T.);
#1954=ORIENTED_EDGE('',*,*,#3044,.F.);
#1955=ORIENTED_EDGE('',*,*,#3080,.F.);
#1956=ORIENTED_EDGE('',*,*,#3028,.F.);
#1957=ORIENTED_EDGE('',*,*,#3065,.F.);
#1958=ORIENTED_EDGE('',*,*,#3022,.F.);
#1959=ORIENTED_EDGE('',*,*,#3081,.F.);
#1960=ORIENTED_EDGE('',*,*,#3035,.F.);
#1961=ORIENTED_EDGE('',*,*,#3079,.T.);
#1962=ORIENTED_EDGE('',*,*,#3080,.T.);
#1963=ORIENTED_EDGE('',*,*,#3043,.F.);
#1964=ORIENTED_EDGE('',*,*,#3082,.F.);
#1965=ORIENTED_EDGE('',*,*,#3059,.T.);
#1966=ORIENTED_EDGE('',*,*,#3056,.F.);
#1967=ORIENTED_EDGE('',*,*,#3029,.F.);
#1968=ORIENTED_EDGE('',*,*,#3021,.F.);
#1969=ORIENTED_EDGE('',*,*,#3083,.F.);
#1970=ORIENTED_EDGE('',*,*,#3036,.F.);
#1971=ORIENTED_EDGE('',*,*,#3081,.T.);
#1972=ORIENTED_EDGE('',*,*,#3082,.T.);
#1973=ORIENTED_EDGE('',*,*,#3042,.F.);
#1974=ORIENTED_EDGE('',*,*,#3084,.F.);
#1975=ORIENTED_EDGE('',*,*,#3060,.F.);
#1976=ORIENTED_EDGE('',*,*,#3018,.F.);
#1977=ORIENTED_EDGE('',*,*,#3085,.F.);
#1978=ORIENTED_EDGE('',*,*,#3037,.F.);
#1979=ORIENTED_EDGE('',*,*,#3083,.T.);
#1980=ORIENTED_EDGE('',*,*,#3020,.F.);
#1981=ORIENTED_EDGE('',*,*,#3084,.T.);
#1982=ORIENTED_EDGE('',*,*,#3041,.F.);
#1983=ORIENTED_EDGE('',*,*,#3086,.F.);
#1984=ORIENTED_EDGE('',*,*,#3070,.F.);
#1985=ORIENTED_EDGE('',*,*,#3025,.F.);
#1986=ORIENTED_EDGE('',*,*,#3072,.F.);
#1987=ORIENTED_EDGE('',*,*,#3087,.F.);
#1988=ORIENTED_EDGE('',*,*,#3038,.F.);
#1989=ORIENTED_EDGE('',*,*,#3085,.T.);
#1990=ORIENTED_EDGE('',*,*,#3017,.F.);
#1991=ORIENTED_EDGE('',*,*,#3086,.T.);
#1992=ORIENTED_EDGE('',*,*,#3040,.F.);
#1993=ORIENTED_EDGE('',*,*,#3088,.F.);
#1994=ORIENTED_EDGE('',*,*,#3063,.F.);
#1995=ORIENTED_EDGE('',*,*,#3087,.T.);
#1996=ORIENTED_EDGE('',*,*,#3071,.F.);
#1997=ORIENTED_EDGE('',*,*,#3064,.F.);
#1998=ORIENTED_EDGE('',*,*,#3088,.T.);
#1999=ORIENTED_EDGE('',*,*,#3039,.F.);
#2000=ORIENTED_EDGE('',*,*,#3089,.F.);
#2001=ORIENTED_EDGE('',*,*,#3090,.T.);
#2002=ORIENTED_EDGE('',*,*,#3091,.T.);
#2003=ORIENTED_EDGE('',*,*,#3005,.F.);
#2004=ORIENTED_EDGE('',*,*,#3092,.F.);
#2005=ORIENTED_EDGE('',*,*,#3093,.T.);
#2006=ORIENTED_EDGE('',*,*,#3089,.T.);
#2007=ORIENTED_EDGE('',*,*,#3004,.F.);
#2008=ORIENTED_EDGE('',*,*,#3094,.F.);
#2009=ORIENTED_EDGE('',*,*,#3095,.T.);
#2010=ORIENTED_EDGE('',*,*,#3092,.T.);
#2011=ORIENTED_EDGE('',*,*,#3009,.F.);
#2012=ORIENTED_EDGE('',*,*,#3096,.F.);
#2013=ORIENTED_EDGE('',*,*,#3097,.T.);
#2014=ORIENTED_EDGE('',*,*,#3094,.T.);
#2015=ORIENTED_EDGE('',*,*,#3008,.F.);
#2016=ORIENTED_EDGE('',*,*,#3098,.F.);
#2017=ORIENTED_EDGE('',*,*,#3099,.T.);
#2018=ORIENTED_EDGE('',*,*,#3096,.T.);
#2019=ORIENTED_EDGE('',*,*,#3007,.F.);
#2020=ORIENTED_EDGE('',*,*,#3091,.F.);
#2021=ORIENTED_EDGE('',*,*,#3100,.T.);
#2022=ORIENTED_EDGE('',*,*,#3098,.T.);
#2023=ORIENTED_EDGE('',*,*,#3006,.F.);
#2024=ORIENTED_EDGE('',*,*,#3090,.F.);
#2025=ORIENTED_EDGE('',*,*,#3093,.F.);
#2026=ORIENTED_EDGE('',*,*,#3095,.F.);
#2027=ORIENTED_EDGE('',*,*,#3097,.F.);
#2028=ORIENTED_EDGE('',*,*,#3099,.F.);
#2029=ORIENTED_EDGE('',*,*,#3100,.F.);
#2030=ORIENTED_EDGE('',*,*,#3101,.F.);
#2031=ORIENTED_EDGE('',*,*,#3102,.T.);
#2032=ORIENTED_EDGE('',*,*,#3103,.T.);
#2033=ORIENTED_EDGE('',*,*,#3011,.F.);
#2034=ORIENTED_EDGE('',*,*,#3104,.F.);
#2035=ORIENTED_EDGE('',*,*,#3105,.T.);
#2036=ORIENTED_EDGE('',*,*,#3101,.T.);
#2037=ORIENTED_EDGE('',*,*,#3010,.F.);
#2038=ORIENTED_EDGE('',*,*,#3106,.F.);
#2039=ORIENTED_EDGE('',*,*,#3107,.T.);
#2040=ORIENTED_EDGE('',*,*,#3104,.T.);
#2041=ORIENTED_EDGE('',*,*,#3015,.F.);
#2042=ORIENTED_EDGE('',*,*,#3108,.F.);
#2043=ORIENTED_EDGE('',*,*,#3109,.T.);
#2044=ORIENTED_EDGE('',*,*,#3106,.T.);
#2045=ORIENTED_EDGE('',*,*,#3014,.F.);
#2046=ORIENTED_EDGE('',*,*,#3110,.F.);
#2047=ORIENTED_EDGE('',*,*,#3111,.T.);
#2048=ORIENTED_EDGE('',*,*,#3108,.T.);
#2049=ORIENTED_EDGE('',*,*,#3013,.F.);
#2050=ORIENTED_EDGE('',*,*,#3103,.F.);
#2051=ORIENTED_EDGE('',*,*,#3112,.T.);
#2052=ORIENTED_EDGE('',*,*,#3110,.T.);
#2053=ORIENTED_EDGE('',*,*,#3012,.F.);
#2054=ORIENTED_EDGE('',*,*,#3102,.F.);
#2055=ORIENTED_EDGE('',*,*,#3105,.F.);
#2056=ORIENTED_EDGE('',*,*,#3107,.F.);
#2057=ORIENTED_EDGE('',*,*,#3109,.F.);
#2058=ORIENTED_EDGE('',*,*,#3111,.F.);
#2059=ORIENTED_EDGE('',*,*,#3112,.F.);
#2060=ORIENTED_EDGE('',*,*,#3113,.T.);
#2061=ORIENTED_EDGE('',*,*,#3114,.T.);
#2062=ORIENTED_EDGE('',*,*,#3115,.T.);
#2063=ORIENTED_EDGE('',*,*,#3116,.T.);
#2064=ORIENTED_EDGE('',*,*,#3117,.T.);
#2065=ORIENTED_EDGE('',*,*,#3118,.T.);
#2066=ORIENTED_EDGE('',*,*,#3119,.F.);
#2067=ORIENTED_EDGE('',*,*,#3120,.T.);
#2068=ORIENTED_EDGE('',*,*,#3121,.T.);
#2069=ORIENTED_EDGE('',*,*,#3122,.T.);
#2070=ORIENTED_EDGE('',*,*,#3123,.F.);
#2071=ORIENTED_EDGE('',*,*,#3124,.T.);
#2072=ORIENTED_EDGE('',*,*,#3119,.T.);
#2073=ORIENTED_EDGE('',*,*,#3125,.F.);
#2074=ORIENTED_EDGE('',*,*,#3121,.F.);
#2075=ORIENTED_EDGE('',*,*,#3126,.T.);
#2076=ORIENTED_EDGE('',*,*,#3127,.T.);
#2077=ORIENTED_EDGE('',*,*,#3128,.F.);
#2078=ORIENTED_EDGE('',*,*,#3129,.F.);
#2079=ORIENTED_EDGE('',*,*,#3130,.F.);
#2080=ORIENTED_EDGE('',*,*,#3131,.F.);
#2081=ORIENTED_EDGE('',*,*,#3132,.F.);
#2082=ORIENTED_EDGE('',*,*,#3133,.F.);
#2083=ORIENTED_EDGE('',*,*,#3134,.F.);
#2084=ORIENTED_EDGE('',*,*,#3135,.F.);
#2085=ORIENTED_EDGE('',*,*,#3136,.F.);
#2086=ORIENTED_EDGE('',*,*,#3137,.F.);
#2087=ORIENTED_EDGE('',*,*,#3138,.F.);
#2088=ORIENTED_EDGE('',*,*,#3139,.F.);
#2089=ORIENTED_EDGE('',*,*,#3140,.F.);
#2090=ORIENTED_EDGE('',*,*,#3141,.T.);
#2091=ORIENTED_EDGE('',*,*,#3142,.T.);
#2092=ORIENTED_EDGE('',*,*,#3143,.T.);
#2093=ORIENTED_EDGE('',*,*,#3144,.T.);
#2094=ORIENTED_EDGE('',*,*,#3145,.T.);
#2095=ORIENTED_EDGE('',*,*,#3146,.F.);
#2096=ORIENTED_EDGE('',*,*,#3125,.T.);
#2097=ORIENTED_EDGE('',*,*,#3122,.F.);
#2098=ORIENTED_EDGE('',*,*,#3128,.T.);
#2099=ORIENTED_EDGE('',*,*,#3147,.F.);
#2100=ORIENTED_EDGE('',*,*,#3148,.T.);
#2101=ORIENTED_EDGE('',*,*,#3149,.T.);
#2102=ORIENTED_EDGE('',*,*,#3150,.T.);
#2103=ORIENTED_EDGE('',*,*,#3151,.T.);
#2104=ORIENTED_EDGE('',*,*,#3147,.T.);
#2105=ORIENTED_EDGE('',*,*,#3127,.F.);
#2106=ORIENTED_EDGE('',*,*,#3151,.F.);
#2107=ORIENTED_EDGE('',*,*,#3152,.T.);
#2108=ORIENTED_EDGE('',*,*,#3153,.T.);
#2109=ORIENTED_EDGE('',*,*,#3148,.F.);
#2110=ORIENTED_EDGE('',*,*,#3154,.T.);
#2111=ORIENTED_EDGE('',*,*,#3155,.T.);
#2112=ORIENTED_EDGE('',*,*,#3141,.F.);
#2113=ORIENTED_EDGE('',*,*,#3153,.F.);
#2114=ORIENTED_EDGE('',*,*,#3144,.F.);
#2115=ORIENTED_EDGE('',*,*,#3156,.T.);
#2116=ORIENTED_EDGE('',*,*,#3157,.T.);
#2117=ORIENTED_EDGE('',*,*,#3157,.F.);
#2118=ORIENTED_EDGE('',*,*,#3158,.T.);
#2119=ORIENTED_EDGE('',*,*,#3159,.T.);
#2120=ORIENTED_EDGE('',*,*,#3145,.F.);
#2121=ORIENTED_EDGE('',*,*,#3159,.F.);
#2122=ORIENTED_EDGE('',*,*,#3160,.T.);
#2123=ORIENTED_EDGE('',*,*,#3161,.T.);
#2124=ORIENTED_EDGE('',*,*,#3123,.T.);
#2125=ORIENTED_EDGE('',*,*,#3146,.T.);
#2126=ORIENTED_EDGE('',*,*,#3162,.F.);
#2127=ORIENTED_EDGE('',*,*,#3154,.F.);
#2128=ORIENTED_EDGE('',*,*,#3152,.F.);
#2129=ORIENTED_EDGE('',*,*,#3163,.F.);
#2130=ORIENTED_EDGE('',*,*,#3164,.F.);
#2131=ORIENTED_EDGE('',*,*,#3162,.T.);
#2132=ORIENTED_EDGE('',*,*,#3165,.F.);
#2133=ORIENTED_EDGE('',*,*,#3163,.T.);
#2134=ORIENTED_EDGE('',*,*,#3150,.F.);
#2135=ORIENTED_EDGE('',*,*,#3166,.F.);
#2136=ORIENTED_EDGE('',*,*,#3113,.F.);
#2137=ORIENTED_EDGE('',*,*,#3165,.T.);
#2138=ORIENTED_EDGE('',*,*,#3164,.T.);
#2139=ORIENTED_EDGE('',*,*,#3118,.F.);
#2140=ORIENTED_EDGE('',*,*,#3167,.F.);
#2141=ORIENTED_EDGE('',*,*,#3142,.F.);
#2142=ORIENTED_EDGE('',*,*,#3155,.F.);
#2143=ORIENTED_EDGE('',*,*,#3168,.F.);
#2144=ORIENTED_EDGE('',*,*,#3149,.F.);
#2145=ORIENTED_EDGE('',*,*,#3126,.F.);
#2146=ORIENTED_EDGE('',*,*,#3169,.F.);
#2147=ORIENTED_EDGE('',*,*,#3166,.T.);
#2148=ORIENTED_EDGE('',*,*,#3168,.T.);
#2149=ORIENTED_EDGE('',*,*,#3170,.F.);
#2150=ORIENTED_EDGE('',*,*,#3167,.T.);
#2151=ORIENTED_EDGE('',*,*,#3117,.F.);
#2152=ORIENTED_EDGE('',*,*,#3171,.F.);
#2153=ORIENTED_EDGE('',*,*,#3156,.F.);
#2154=ORIENTED_EDGE('',*,*,#3143,.F.);
#2155=ORIENTED_EDGE('',*,*,#3172,.F.);
#2156=ORIENTED_EDGE('',*,*,#3124,.F.);
#2157=ORIENTED_EDGE('',*,*,#3161,.F.);
#2158=ORIENTED_EDGE('',*,*,#3173,.F.);
#2159=ORIENTED_EDGE('',*,*,#3120,.F.);
#2160=ORIENTED_EDGE('',*,*,#3172,.T.);
#2161=ORIENTED_EDGE('',*,*,#3174,.F.);
#2162=ORIENTED_EDGE('',*,*,#3114,.F.);
#2163=ORIENTED_EDGE('',*,*,#3170,.T.);
#2164=ORIENTED_EDGE('',*,*,#3169,.T.);
#2165=ORIENTED_EDGE('',*,*,#3171,.T.);
#2166=ORIENTED_EDGE('',*,*,#3116,.F.);
#2167=ORIENTED_EDGE('',*,*,#3175,.F.);
#2168=ORIENTED_EDGE('',*,*,#3158,.F.);
#2169=ORIENTED_EDGE('',*,*,#3174,.T.);
#2170=ORIENTED_EDGE('',*,*,#3173,.T.);
#2171=ORIENTED_EDGE('',*,*,#3176,.F.);
#2172=ORIENTED_EDGE('',*,*,#3175,.T.);
#2173=ORIENTED_EDGE('',*,*,#3115,.F.);
#2174=ORIENTED_EDGE('',*,*,#3176,.T.);
#2175=ORIENTED_EDGE('',*,*,#3160,.F.);
#2176=ORIENTED_EDGE('',*,*,#3135,.T.);
#2177=ORIENTED_EDGE('',*,*,#3177,.F.);
#2178=ORIENTED_EDGE('',*,*,#3178,.F.);
#2179=ORIENTED_EDGE('',*,*,#3179,.T.);
#2180=ORIENTED_EDGE('',*,*,#3140,.T.);
#2181=ORIENTED_EDGE('',*,*,#3180,.F.);
#2182=ORIENTED_EDGE('',*,*,#3181,.F.);
#2183=ORIENTED_EDGE('',*,*,#3177,.T.);
#2184=ORIENTED_EDGE('',*,*,#3139,.T.);
#2185=ORIENTED_EDGE('',*,*,#3182,.F.);
#2186=ORIENTED_EDGE('',*,*,#3183,.F.);
#2187=ORIENTED_EDGE('',*,*,#3180,.T.);
#2188=ORIENTED_EDGE('',*,*,#3138,.T.);
#2189=ORIENTED_EDGE('',*,*,#3184,.F.);
#2190=ORIENTED_EDGE('',*,*,#3185,.F.);
#2191=ORIENTED_EDGE('',*,*,#3182,.T.);
#2192=ORIENTED_EDGE('',*,*,#3137,.T.);
#2193=ORIENTED_EDGE('',*,*,#3186,.F.);
#2194=ORIENTED_EDGE('',*,*,#3187,.F.);
#2195=ORIENTED_EDGE('',*,*,#3184,.T.);
#2196=ORIENTED_EDGE('',*,*,#3136,.T.);
#2197=ORIENTED_EDGE('',*,*,#3179,.F.);
#2198=ORIENTED_EDGE('',*,*,#3188,.F.);
#2199=ORIENTED_EDGE('',*,*,#3186,.T.);
#2200=ORIENTED_EDGE('',*,*,#3178,.T.);
#2201=ORIENTED_EDGE('',*,*,#3181,.T.);
#2202=ORIENTED_EDGE('',*,*,#3183,.T.);
#2203=ORIENTED_EDGE('',*,*,#3185,.T.);
#2204=ORIENTED_EDGE('',*,*,#3187,.T.);
#2205=ORIENTED_EDGE('',*,*,#3188,.T.);
#2206=ORIENTED_EDGE('',*,*,#3129,.T.);
#2207=ORIENTED_EDGE('',*,*,#3189,.F.);
#2208=ORIENTED_EDGE('',*,*,#3190,.F.);
#2209=ORIENTED_EDGE('',*,*,#3191,.T.);
#2210=ORIENTED_EDGE('',*,*,#3134,.T.);
#2211=ORIENTED_EDGE('',*,*,#3192,.F.);
#2212=ORIENTED_EDGE('',*,*,#3193,.F.);
#2213=ORIENTED_EDGE('',*,*,#3189,.T.);
#2214=ORIENTED_EDGE('',*,*,#3133,.T.);
#2215=ORIENTED_EDGE('',*,*,#3194,.F.);
#2216=ORIENTED_EDGE('',*,*,#3195,.F.);
#2217=ORIENTED_EDGE('',*,*,#3192,.T.);
#2218=ORIENTED_EDGE('',*,*,#3132,.T.);
#2219=ORIENTED_EDGE('',*,*,#3196,.F.);
#2220=ORIENTED_EDGE('',*,*,#3197,.F.);
#2221=ORIENTED_EDGE('',*,*,#3194,.T.);
#2222=ORIENTED_EDGE('',*,*,#3131,.T.);
#2223=ORIENTED_EDGE('',*,*,#3198,.F.);
#2224=ORIENTED_EDGE('',*,*,#3199,.F.);
#2225=ORIENTED_EDGE('',*,*,#3196,.T.);
#2226=ORIENTED_EDGE('',*,*,#3130,.T.);
#2227=ORIENTED_EDGE('',*,*,#3191,.F.);
#2228=ORIENTED_EDGE('',*,*,#3200,.F.);
#2229=ORIENTED_EDGE('',*,*,#3198,.T.);
#2230=ORIENTED_EDGE('',*,*,#3190,.T.);
#2231=ORIENTED_EDGE('',*,*,#3193,.T.);
#2232=ORIENTED_EDGE('',*,*,#3195,.T.);
#2233=ORIENTED_EDGE('',*,*,#3197,.T.);
#2234=ORIENTED_EDGE('',*,*,#3199,.T.);
#2235=ORIENTED_EDGE('',*,*,#3200,.T.);
#2236=ORIENTED_EDGE('',*,*,#3201,.T.);
#2237=ORIENTED_EDGE('',*,*,#3202,.F.);
#2238=ORIENTED_EDGE('',*,*,#3203,.F.);
#2239=ORIENTED_EDGE('',*,*,#3204,.T.);
#2240=ORIENTED_EDGE('',*,*,#3205,.T.);
#2241=ORIENTED_EDGE('',*,*,#3203,.T.);
#2242=ORIENTED_EDGE('',*,*,#3206,.F.);
#2243=ORIENTED_EDGE('',*,*,#3207,.F.);
#2244=ORIENTED_EDGE('',*,*,#3208,.T.);
#2245=ORIENTED_EDGE('',*,*,#3209,.T.);
#2246=ORIENTED_EDGE('',*,*,#3210,.T.);
#2247=ORIENTED_EDGE('',*,*,#3211,.T.);
#2248=ORIENTED_EDGE('',*,*,#3212,.F.);
#2249=ORIENTED_EDGE('',*,*,#3213,.T.);
#2250=ORIENTED_EDGE('',*,*,#3214,.T.);
#2251=ORIENTED_EDGE('',*,*,#3215,.T.);
#2252=ORIENTED_EDGE('',*,*,#3216,.F.);
#2253=ORIENTED_EDGE('',*,*,#3217,.T.);
#2254=ORIENTED_EDGE('',*,*,#3218,.T.);
#2255=ORIENTED_EDGE('',*,*,#3212,.T.);
#2256=ORIENTED_EDGE('',*,*,#3219,.T.);
#2257=ORIENTED_EDGE('',*,*,#3220,.F.);
#2258=ORIENTED_EDGE('',*,*,#3201,.F.);
#2259=ORIENTED_EDGE('',*,*,#3221,.T.);
#2260=ORIENTED_EDGE('',*,*,#3222,.T.);
#2261=ORIENTED_EDGE('',*,*,#3223,.T.);
#2262=ORIENTED_EDGE('',*,*,#3224,.T.);
#2263=ORIENTED_EDGE('',*,*,#3225,.T.);
#2264=ORIENTED_EDGE('',*,*,#3226,.T.);
#2265=ORIENTED_EDGE('',*,*,#3227,.T.);
#2266=ORIENTED_EDGE('',*,*,#3228,.T.);
#2267=ORIENTED_EDGE('',*,*,#3229,.T.);
#2268=ORIENTED_EDGE('',*,*,#3230,.T.);
#2269=ORIENTED_EDGE('',*,*,#3231,.T.);
#2270=ORIENTED_EDGE('',*,*,#3232,.T.);
#2271=ORIENTED_EDGE('',*,*,#3233,.T.);
#2272=ORIENTED_EDGE('',*,*,#3234,.T.);
#2273=ORIENTED_EDGE('',*,*,#3235,.T.);
#2274=ORIENTED_EDGE('',*,*,#3236,.T.);
#2275=ORIENTED_EDGE('',*,*,#3237,.T.);
#2276=ORIENTED_EDGE('',*,*,#3238,.F.);
#2277=ORIENTED_EDGE('',*,*,#3239,.F.);
#2278=ORIENTED_EDGE('',*,*,#3240,.T.);
#2279=ORIENTED_EDGE('',*,*,#3241,.T.);
#2280=ORIENTED_EDGE('',*,*,#3242,.T.);
#2281=ORIENTED_EDGE('',*,*,#3243,.F.);
#2282=ORIENTED_EDGE('',*,*,#3244,.F.);
#2283=ORIENTED_EDGE('',*,*,#3245,.T.);
#2284=ORIENTED_EDGE('',*,*,#3246,.T.);
#2285=ORIENTED_EDGE('',*,*,#3247,.T.);
#2286=ORIENTED_EDGE('',*,*,#3216,.T.);
#2287=ORIENTED_EDGE('',*,*,#3248,.T.);
#2288=ORIENTED_EDGE('',*,*,#3247,.F.);
#2289=ORIENTED_EDGE('',*,*,#3249,.T.);
#2290=ORIENTED_EDGE('',*,*,#3250,.T.);
#2291=ORIENTED_EDGE('',*,*,#3251,.T.);
#2292=ORIENTED_EDGE('',*,*,#3214,.F.);
#2293=ORIENTED_EDGE('',*,*,#3252,.T.);
#2294=ORIENTED_EDGE('',*,*,#3253,.T.);
#2295=ORIENTED_EDGE('',*,*,#3254,.F.);
#2296=ORIENTED_EDGE('',*,*,#3250,.F.);
#2297=ORIENTED_EDGE('',*,*,#3255,.T.);
#2298=ORIENTED_EDGE('',*,*,#3256,.T.);
#2299=ORIENTED_EDGE('',*,*,#3257,.F.);
#2300=ORIENTED_EDGE('',*,*,#3258,.F.);
#2301=ORIENTED_EDGE('',*,*,#3259,.T.);
#2302=ORIENTED_EDGE('',*,*,#3260,.T.);
#2303=ORIENTED_EDGE('',*,*,#3239,.T.);
#2304=ORIENTED_EDGE('',*,*,#3261,.T.);
#2305=ORIENTED_EDGE('',*,*,#3219,.F.);
#2306=ORIENTED_EDGE('',*,*,#3262,.T.);
#2307=ORIENTED_EDGE('',*,*,#3263,.T.);
#2308=ORIENTED_EDGE('',*,*,#3244,.T.);
#2309=ORIENTED_EDGE('',*,*,#3264,.T.);
#2310=ORIENTED_EDGE('',*,*,#3242,.F.);
#2311=ORIENTED_EDGE('',*,*,#3265,.T.);
#2312=ORIENTED_EDGE('',*,*,#3266,.F.);
#2313=ORIENTED_EDGE('',*,*,#3256,.F.);
#2314=ORIENTED_EDGE('',*,*,#3267,.T.);
#2315=ORIENTED_EDGE('',*,*,#3258,.T.);
#2316=ORIENTED_EDGE('',*,*,#3268,.F.);
#2317=ORIENTED_EDGE('',*,*,#3260,.F.);
#2318=ORIENTED_EDGE('',*,*,#3269,.T.);
#2319=ORIENTED_EDGE('',*,*,#3270,.T.);
#2320=ORIENTED_EDGE('',*,*,#3207,.T.);
#2321=ORIENTED_EDGE('',*,*,#3271,.T.);
#2322=ORIENTED_EDGE('',*,*,#3270,.F.);
#2323=ORIENTED_EDGE('',*,*,#3272,.F.);
#2324=ORIENTED_EDGE('',*,*,#3273,.T.);
#2325=ORIENTED_EDGE('',*,*,#3274,.F.);
#2326=ORIENTED_EDGE('',*,*,#3225,.F.);
#2327=ORIENTED_EDGE('',*,*,#3275,.F.);
#2328=ORIENTED_EDGE('',*,*,#3255,.F.);
#2329=ORIENTED_EDGE('',*,*,#3275,.T.);
#2330=ORIENTED_EDGE('',*,*,#3224,.F.);
#2331=ORIENTED_EDGE('',*,*,#3276,.F.);
#2332=ORIENTED_EDGE('',*,*,#3267,.F.);
#2333=ORIENTED_EDGE('',*,*,#3274,.T.);
#2334=ORIENTED_EDGE('',*,*,#3253,.F.);
#2335=ORIENTED_EDGE('',*,*,#3277,.F.);
#2336=ORIENTED_EDGE('',*,*,#3226,.F.);
#2337=ORIENTED_EDGE('',*,*,#3276,.T.);
#2338=ORIENTED_EDGE('',*,*,#3223,.F.);
#2339=ORIENTED_EDGE('',*,*,#3278,.F.);
#2340=ORIENTED_EDGE('',*,*,#3259,.F.);
#2341=ORIENTED_EDGE('',*,*,#3252,.F.);
#2342=ORIENTED_EDGE('',*,*,#3213,.F.);
#2343=ORIENTED_EDGE('',*,*,#3279,.F.);
#2344=ORIENTED_EDGE('',*,*,#3227,.F.);
#2345=ORIENTED_EDGE('',*,*,#3277,.T.);
#2346=ORIENTED_EDGE('',*,*,#3278,.T.);
#2347=ORIENTED_EDGE('',*,*,#3222,.F.);
#2348=ORIENTED_EDGE('',*,*,#3280,.F.);
#2349=ORIENTED_EDGE('',*,*,#3272,.T.);
#2350=ORIENTED_EDGE('',*,*,#3269,.F.);
#2351=ORIENTED_EDGE('',*,*,#3279,.T.);
#2352=ORIENTED_EDGE('',*,*,#3218,.F.);
#2353=ORIENTED_EDGE('',*,*,#3281,.F.);
#2354=ORIENTED_EDGE('',*,*,#3228,.F.);
#2355=ORIENTED_EDGE('',*,*,#3280,.T.);
#2356=ORIENTED_EDGE('',*,*,#3237,.F.);
#2357=ORIENTED_EDGE('',*,*,#3282,.F.);
#2358=ORIENTED_EDGE('',*,*,#3208,.F.);
#2359=ORIENTED_EDGE('',*,*,#3273,.F.);
#2360=ORIENTED_EDGE('',*,*,#3249,.F.);
#2361=ORIENTED_EDGE('',*,*,#3246,.F.);
#2362=ORIENTED_EDGE('',*,*,#3283,.F.);
#2363=ORIENTED_EDGE('',*,*,#3229,.F.);
#2364=ORIENTED_EDGE('',*,*,#3281,.T.);
#2365=ORIENTED_EDGE('',*,*,#3217,.F.);
#2366=ORIENTED_EDGE('',*,*,#3282,.T.);
#2367=ORIENTED_EDGE('',*,*,#3236,.F.);
#2368=ORIENTED_EDGE('',*,*,#3284,.F.);
#2369=ORIENTED_EDGE('',*,*,#3209,.F.);
#2370=ORIENTED_EDGE('',*,*,#3283,.T.);
#2371=ORIENTED_EDGE('',*,*,#3245,.F.);
#2372=ORIENTED_EDGE('',*,*,#3285,.F.);
#2373=ORIENTED_EDGE('',*,*,#3230,.F.);
#2374=ORIENTED_EDGE('',*,*,#3284,.T.);
#2375=ORIENTED_EDGE('',*,*,#3235,.F.);
#2376=ORIENTED_EDGE('',*,*,#3286,.F.);
#2377=ORIENTED_EDGE('',*,*,#3204,.F.);
#2378=ORIENTED_EDGE('',*,*,#3210,.F.);
#2379=ORIENTED_EDGE('',*,*,#3285,.T.);
#2380=ORIENTED_EDGE('',*,*,#3265,.F.);
#2381=ORIENTED_EDGE('',*,*,#3287,.F.);
#2382=ORIENTED_EDGE('',*,*,#3231,.F.);
#2383=ORIENTED_EDGE('',*,*,#3286,.T.);
#2384=ORIENTED_EDGE('',*,*,#3234,.F.);
#2385=ORIENTED_EDGE('',*,*,#3288,.F.);
#2386=ORIENTED_EDGE('',*,*,#3262,.F.);
#2387=ORIENTED_EDGE('',*,*,#3221,.F.);
#2388=ORIENTED_EDGE('',*,*,#3205,.F.);
#2389=ORIENTED_EDGE('',*,*,#3287,.T.);
#2390=ORIENTED_EDGE('',*,*,#3241,.F.);
#2391=ORIENTED_EDGE('',*,*,#3289,.F.);
#2392=ORIENTED_EDGE('',*,*,#3232,.F.);
#2393=ORIENTED_EDGE('',*,*,#3288,.T.);
#2394=ORIENTED_EDGE('',*,*,#3233,.F.);
#2395=ORIENTED_EDGE('',*,*,#3289,.T.);
#2396=ORIENTED_EDGE('',*,*,#3240,.F.);
#2397=ORIENTED_EDGE('',*,*,#3263,.F.);
#2398=ORIENTED_EDGE('',*,*,#3290,.F.);
#2399=ORIENTED_EDGE('',*,*,#3291,.F.);
#2400=ORIENTED_EDGE('',*,*,#3292,.F.);
#2401=ORIENTED_EDGE('',*,*,#3293,.F.);
#2402=ORIENTED_EDGE('',*,*,#3294,.F.);
#2403=ORIENTED_EDGE('',*,*,#3295,.F.);
#2404=ORIENTED_EDGE('',*,*,#3296,.F.);
#2405=ORIENTED_EDGE('',*,*,#3297,.F.);
#2406=ORIENTED_EDGE('',*,*,#3298,.F.);
#2407=ORIENTED_EDGE('',*,*,#3299,.F.);
#2408=ORIENTED_EDGE('',*,*,#3300,.F.);
#2409=ORIENTED_EDGE('',*,*,#3301,.F.);
#2410=ORIENTED_EDGE('',*,*,#3206,.T.);
#2411=ORIENTED_EDGE('',*,*,#3202,.T.);
#2412=ORIENTED_EDGE('',*,*,#3220,.T.);
#2413=ORIENTED_EDGE('',*,*,#3261,.F.);
#2414=ORIENTED_EDGE('',*,*,#3238,.T.);
#2415=ORIENTED_EDGE('',*,*,#3264,.F.);
#2416=ORIENTED_EDGE('',*,*,#3243,.T.);
#2417=ORIENTED_EDGE('',*,*,#3248,.F.);
#2418=ORIENTED_EDGE('',*,*,#3215,.F.);
#2419=ORIENTED_EDGE('',*,*,#3211,.F.);
#2420=ORIENTED_EDGE('',*,*,#3251,.F.);
#2421=ORIENTED_EDGE('',*,*,#3254,.T.);
#2422=ORIENTED_EDGE('',*,*,#3266,.T.);
#2423=ORIENTED_EDGE('',*,*,#3257,.T.);
#2424=ORIENTED_EDGE('',*,*,#3268,.T.);
#2425=ORIENTED_EDGE('',*,*,#3271,.F.);
#2426=ORIENTED_EDGE('',*,*,#3296,.T.);
#2427=ORIENTED_EDGE('',*,*,#3302,.F.);
#2428=ORIENTED_EDGE('',*,*,#3303,.F.);
#2429=ORIENTED_EDGE('',*,*,#3304,.T.);
#2430=ORIENTED_EDGE('',*,*,#3301,.T.);
#2431=ORIENTED_EDGE('',*,*,#3305,.F.);
#2432=ORIENTED_EDGE('',*,*,#3306,.F.);
#2433=ORIENTED_EDGE('',*,*,#3302,.T.);
#2434=ORIENTED_EDGE('',*,*,#3300,.T.);
#2435=ORIENTED_EDGE('',*,*,#3307,.F.);
#2436=ORIENTED_EDGE('',*,*,#3308,.F.);
#2437=ORIENTED_EDGE('',*,*,#3305,.T.);
#2438=ORIENTED_EDGE('',*,*,#3299,.T.);
#2439=ORIENTED_EDGE('',*,*,#3309,.F.);
#2440=ORIENTED_EDGE('',*,*,#3310,.F.);
#2441=ORIENTED_EDGE('',*,*,#3307,.T.);
#2442=ORIENTED_EDGE('',*,*,#3298,.T.);
#2443=ORIENTED_EDGE('',*,*,#3311,.F.);
#2444=ORIENTED_EDGE('',*,*,#3312,.F.);
#2445=ORIENTED_EDGE('',*,*,#3309,.T.);
#2446=ORIENTED_EDGE('',*,*,#3297,.T.);
#2447=ORIENTED_EDGE('',*,*,#3304,.F.);
#2448=ORIENTED_EDGE('',*,*,#3313,.F.);
#2449=ORIENTED_EDGE('',*,*,#3311,.T.);
#2450=ORIENTED_EDGE('',*,*,#3303,.T.);
#2451=ORIENTED_EDGE('',*,*,#3306,.T.);
#2452=ORIENTED_EDGE('',*,*,#3308,.T.);
#2453=ORIENTED_EDGE('',*,*,#3310,.T.);
#2454=ORIENTED_EDGE('',*,*,#3312,.T.);
#2455=ORIENTED_EDGE('',*,*,#3313,.T.);
#2456=ORIENTED_EDGE('',*,*,#3290,.T.);
#2457=ORIENTED_EDGE('',*,*,#3314,.F.);
#2458=ORIENTED_EDGE('',*,*,#3315,.F.);
#2459=ORIENTED_EDGE('',*,*,#3316,.T.);
#2460=ORIENTED_EDGE('',*,*,#3295,.T.);
#2461=ORIENTED_EDGE('',*,*,#3317,.F.);
#2462=ORIENTED_EDGE('',*,*,#3318,.F.);
#2463=ORIENTED_EDGE('',*,*,#3314,.T.);
#2464=ORIENTED_EDGE('',*,*,#3294,.T.);
#2465=ORIENTED_EDGE('',*,*,#3319,.F.);
#2466=ORIENTED_EDGE('',*,*,#3320,.F.);
#2467=ORIENTED_EDGE('',*,*,#3317,.T.);
#2468=ORIENTED_EDGE('',*,*,#3293,.T.);
#2469=ORIENTED_EDGE('',*,*,#3321,.F.);
#2470=ORIENTED_EDGE('',*,*,#3322,.F.);
#2471=ORIENTED_EDGE('',*,*,#3319,.T.);
#2472=ORIENTED_EDGE('',*,*,#3292,.T.);
#2473=ORIENTED_EDGE('',*,*,#3323,.F.);
#2474=ORIENTED_EDGE('',*,*,#3324,.F.);
#2475=ORIENTED_EDGE('',*,*,#3321,.T.);
#2476=ORIENTED_EDGE('',*,*,#3291,.T.);
#2477=ORIENTED_EDGE('',*,*,#3316,.F.);
#2478=ORIENTED_EDGE('',*,*,#3325,.F.);
#2479=ORIENTED_EDGE('',*,*,#3323,.T.);
#2480=ORIENTED_EDGE('',*,*,#3315,.T.);
#2481=ORIENTED_EDGE('',*,*,#3318,.T.);
#2482=ORIENTED_EDGE('',*,*,#3320,.T.);
#2483=ORIENTED_EDGE('',*,*,#3322,.T.);
#2484=ORIENTED_EDGE('',*,*,#3324,.T.);
#2485=ORIENTED_EDGE('',*,*,#3325,.T.);
#2486=ORIENTED_EDGE('',*,*,#3326,.T.);
#2487=ORIENTED_EDGE('',*,*,#3327,.T.);
#2488=ORIENTED_EDGE('',*,*,#3328,.T.);
#2489=ORIENTED_EDGE('',*,*,#3329,.T.);
#2490=ORIENTED_EDGE('',*,*,#3330,.T.);
#2491=ORIENTED_EDGE('',*,*,#3331,.F.);
#2492=ORIENTED_EDGE('',*,*,#3332,.F.);
#2493=ORIENTED_EDGE('',*,*,#3333,.F.);
#2494=ORIENTED_EDGE('',*,*,#3334,.F.);
#2495=ORIENTED_EDGE('',*,*,#3335,.F.);
#2496=ORIENTED_EDGE('',*,*,#3336,.F.);
#2497=ORIENTED_EDGE('',*,*,#3337,.F.);
#2498=ORIENTED_EDGE('',*,*,#3338,.F.);
#2499=ORIENTED_EDGE('',*,*,#3339,.F.);
#2500=ORIENTED_EDGE('',*,*,#3340,.F.);
#2501=ORIENTED_EDGE('',*,*,#3341,.F.);
#2502=ORIENTED_EDGE('',*,*,#3342,.F.);
#2503=ORIENTED_EDGE('',*,*,#3343,.F.);
#2504=ORIENTED_EDGE('',*,*,#3344,.T.);
#2505=ORIENTED_EDGE('',*,*,#3345,.T.);
#2506=ORIENTED_EDGE('',*,*,#3346,.T.);
#2507=ORIENTED_EDGE('',*,*,#3347,.T.);
#2508=ORIENTED_EDGE('',*,*,#3348,.T.);
#2509=ORIENTED_EDGE('',*,*,#3349,.T.);
#2510=ORIENTED_EDGE('',*,*,#3350,.F.);
#2511=ORIENTED_EDGE('',*,*,#3351,.T.);
#2512=ORIENTED_EDGE('',*,*,#3352,.F.);
#2513=ORIENTED_EDGE('',*,*,#3353,.T.);
#2514=ORIENTED_EDGE('',*,*,#3354,.T.);
#2515=ORIENTED_EDGE('',*,*,#3344,.F.);
#2516=ORIENTED_EDGE('',*,*,#3355,.F.);
#2517=ORIENTED_EDGE('',*,*,#3356,.T.);
#2518=ORIENTED_EDGE('',*,*,#3357,.T.);
#2519=ORIENTED_EDGE('',*,*,#3346,.F.);
#2520=ORIENTED_EDGE('',*,*,#3357,.F.);
#2521=ORIENTED_EDGE('',*,*,#3358,.T.);
#2522=ORIENTED_EDGE('',*,*,#3359,.T.);
#2523=ORIENTED_EDGE('',*,*,#3347,.F.);
#2524=ORIENTED_EDGE('',*,*,#3360,.F.);
#2525=ORIENTED_EDGE('',*,*,#3361,.T.);
#2526=ORIENTED_EDGE('',*,*,#3362,.T.);
#2527=ORIENTED_EDGE('',*,*,#3349,.F.);
#2528=ORIENTED_EDGE('',*,*,#3363,.F.);
#2529=ORIENTED_EDGE('',*,*,#3364,.T.);
#2530=ORIENTED_EDGE('',*,*,#3365,.T.);
#2531=ORIENTED_EDGE('',*,*,#3351,.F.);
#2532=ORIENTED_EDGE('',*,*,#3365,.F.);
#2533=ORIENTED_EDGE('',*,*,#3366,.T.);
#2534=ORIENTED_EDGE('',*,*,#3352,.T.);
#2535=ORIENTED_EDGE('',*,*,#3343,.T.);
#2536=ORIENTED_EDGE('',*,*,#3367,.T.);
#2537=ORIENTED_EDGE('',*,*,#3368,.T.);
#2538=ORIENTED_EDGE('',*,*,#3355,.T.);
#2539=ORIENTED_EDGE('',*,*,#3345,.F.);
#2540=ORIENTED_EDGE('',*,*,#3354,.F.);
#2541=ORIENTED_EDGE('',*,*,#3359,.F.);
#2542=ORIENTED_EDGE('',*,*,#3369,.T.);
#2543=ORIENTED_EDGE('',*,*,#3370,.T.);
#2544=ORIENTED_EDGE('',*,*,#3360,.T.);
#2545=ORIENTED_EDGE('',*,*,#3348,.F.);
#2546=ORIENTED_EDGE('',*,*,#3371,.T.);
#2547=ORIENTED_EDGE('',*,*,#3372,.T.);
#2548=ORIENTED_EDGE('',*,*,#3363,.T.);
#2549=ORIENTED_EDGE('',*,*,#3350,.T.);
#2550=ORIENTED_EDGE('',*,*,#3362,.F.);
#2551=ORIENTED_EDGE('',*,*,#3373,.F.);
#2552=ORIENTED_EDGE('',*,*,#3369,.F.);
#2553=ORIENTED_EDGE('',*,*,#3374,.F.);
#2554=ORIENTED_EDGE('',*,*,#3328,.F.);
#2555=ORIENTED_EDGE('',*,*,#3374,.T.);
#2556=ORIENTED_EDGE('',*,*,#3358,.F.);
#2557=ORIENTED_EDGE('',*,*,#3375,.F.);
#2558=ORIENTED_EDGE('',*,*,#3329,.F.);
#2559=ORIENTED_EDGE('',*,*,#3376,.F.);
#2560=ORIENTED_EDGE('',*,*,#3373,.T.);
#2561=ORIENTED_EDGE('',*,*,#3377,.F.);
#2562=ORIENTED_EDGE('',*,*,#3370,.F.);
#2563=ORIENTED_EDGE('',*,*,#3376,.T.);
#2564=ORIENTED_EDGE('',*,*,#3378,.F.);
#2565=ORIENTED_EDGE('',*,*,#3361,.F.);
#2566=ORIENTED_EDGE('',*,*,#3375,.T.);
#2567=ORIENTED_EDGE('',*,*,#3356,.F.);
#2568=ORIENTED_EDGE('',*,*,#3379,.F.);
#2569=ORIENTED_EDGE('',*,*,#3377,.T.);
#2570=ORIENTED_EDGE('',*,*,#3327,.F.);
#2571=ORIENTED_EDGE('',*,*,#3380,.F.);
#2572=ORIENTED_EDGE('',*,*,#3371,.F.);
#2573=ORIENTED_EDGE('',*,*,#3378,.T.);
#2574=ORIENTED_EDGE('',*,*,#3379,.T.);
#2575=ORIENTED_EDGE('',*,*,#3368,.F.);
#2576=ORIENTED_EDGE('',*,*,#3381,.F.);
#2577=ORIENTED_EDGE('',*,*,#3330,.F.);
#2578=ORIENTED_EDGE('',*,*,#3382,.F.);
#2579=ORIENTED_EDGE('',*,*,#3380,.T.);
#2580=ORIENTED_EDGE('',*,*,#3383,.F.);
#2581=ORIENTED_EDGE('',*,*,#3372,.F.);
#2582=ORIENTED_EDGE('',*,*,#3382,.T.);
#2583=ORIENTED_EDGE('',*,*,#3384,.F.);
#2584=ORIENTED_EDGE('',*,*,#3364,.F.);
#2585=ORIENTED_EDGE('',*,*,#3385,.F.);
#2586=ORIENTED_EDGE('',*,*,#3367,.F.);
#2587=ORIENTED_EDGE('',*,*,#3353,.F.);
#2588=ORIENTED_EDGE('',*,*,#3386,.F.);
#2589=ORIENTED_EDGE('',*,*,#3381,.T.);
#2590=ORIENTED_EDGE('',*,*,#3385,.T.);
#2591=ORIENTED_EDGE('',*,*,#3387,.F.);
#2592=ORIENTED_EDGE('',*,*,#3383,.T.);
#2593=ORIENTED_EDGE('',*,*,#3326,.F.);
#2594=ORIENTED_EDGE('',*,*,#3387,.T.);
#2595=ORIENTED_EDGE('',*,*,#3386,.T.);
#2596=ORIENTED_EDGE('',*,*,#3366,.F.);
#2597=ORIENTED_EDGE('',*,*,#3384,.T.);
#2598=ORIENTED_EDGE('',*,*,#3337,.T.);
#2599=ORIENTED_EDGE('',*,*,#3388,.F.);
#2600=ORIENTED_EDGE('',*,*,#3389,.F.);
#2601=ORIENTED_EDGE('',*,*,#3390,.T.);
#2602=ORIENTED_EDGE('',*,*,#3342,.T.);
#2603=ORIENTED_EDGE('',*,*,#3391,.F.);
#2604=ORIENTED_EDGE('',*,*,#3392,.F.);
#2605=ORIENTED_EDGE('',*,*,#3388,.T.);
#2606=ORIENTED_EDGE('',*,*,#3341,.T.);
#2607=ORIENTED_EDGE('',*,*,#3393,.F.);
#2608=ORIENTED_EDGE('',*,*,#3394,.F.);
#2609=ORIENTED_EDGE('',*,*,#3391,.T.);
#2610=ORIENTED_EDGE('',*,*,#3340,.T.);
#2611=ORIENTED_EDGE('',*,*,#3395,.F.);
#2612=ORIENTED_EDGE('',*,*,#3396,.F.);
#2613=ORIENTED_EDGE('',*,*,#3393,.T.);
#2614=ORIENTED_EDGE('',*,*,#3339,.T.);
#2615=ORIENTED_EDGE('',*,*,#3397,.F.);
#2616=ORIENTED_EDGE('',*,*,#3398,.F.);
#2617=ORIENTED_EDGE('',*,*,#3395,.T.);
#2618=ORIENTED_EDGE('',*,*,#3338,.T.);
#2619=ORIENTED_EDGE('',*,*,#3390,.F.);
#2620=ORIENTED_EDGE('',*,*,#3399,.F.);
#2621=ORIENTED_EDGE('',*,*,#3397,.T.);
#2622=ORIENTED_EDGE('',*,*,#3389,.T.);
#2623=ORIENTED_EDGE('',*,*,#3392,.T.);
#2624=ORIENTED_EDGE('',*,*,#3394,.T.);
#2625=ORIENTED_EDGE('',*,*,#3396,.T.);
#2626=ORIENTED_EDGE('',*,*,#3398,.T.);
#2627=ORIENTED_EDGE('',*,*,#3399,.T.);
#2628=ORIENTED_EDGE('',*,*,#3331,.T.);
#2629=ORIENTED_EDGE('',*,*,#3400,.F.);
#2630=ORIENTED_EDGE('',*,*,#3401,.F.);
#2631=ORIENTED_EDGE('',*,*,#3402,.T.);
#2632=ORIENTED_EDGE('',*,*,#3336,.T.);
#2633=ORIENTED_EDGE('',*,*,#3403,.F.);
#2634=ORIENTED_EDGE('',*,*,#3404,.F.);
#2635=ORIENTED_EDGE('',*,*,#3400,.T.);
#2636=ORIENTED_EDGE('',*,*,#3335,.T.);
#2637=ORIENTED_EDGE('',*,*,#3405,.F.);
#2638=ORIENTED_EDGE('',*,*,#3406,.F.);
#2639=ORIENTED_EDGE('',*,*,#3403,.T.);
#2640=ORIENTED_EDGE('',*,*,#3334,.T.);
#2641=ORIENTED_EDGE('',*,*,#3407,.F.);
#2642=ORIENTED_EDGE('',*,*,#3408,.F.);
#2643=ORIENTED_EDGE('',*,*,#3405,.T.);
#2644=ORIENTED_EDGE('',*,*,#3333,.T.);
#2645=ORIENTED_EDGE('',*,*,#3409,.F.);
#2646=ORIENTED_EDGE('',*,*,#3410,.F.);
#2647=ORIENTED_EDGE('',*,*,#3407,.T.);
#2648=ORIENTED_EDGE('',*,*,#3332,.T.);
#2649=ORIENTED_EDGE('',*,*,#3402,.F.);
#2650=ORIENTED_EDGE('',*,*,#3411,.F.);
#2651=ORIENTED_EDGE('',*,*,#3409,.T.);
#2652=ORIENTED_EDGE('',*,*,#3401,.T.);
#2653=ORIENTED_EDGE('',*,*,#3404,.T.);
#2654=ORIENTED_EDGE('',*,*,#3406,.T.);
#2655=ORIENTED_EDGE('',*,*,#3408,.T.);
#2656=ORIENTED_EDGE('',*,*,#3410,.T.);
#2657=ORIENTED_EDGE('',*,*,#3411,.T.);
#2658=EDGE_CURVE('',#3412,#3413,#3890,.T.);
#2659=EDGE_CURVE('',#3414,#3413,#3891,.T.);
#2660=EDGE_CURVE('',#3414,#3415,#342,.T.);
#2661=EDGE_CURVE('',#3416,#3415,#3892,.T.);
#2662=EDGE_CURVE('',#3417,#3416,#343,.T.);
#2663=EDGE_CURVE('',#3418,#3417,#3893,.T.);
#2664=EDGE_CURVE('',#3419,#3418,#3894,.T.);
#2665=EDGE_CURVE('',#3420,#3419,#344,.T.);
#2666=EDGE_CURVE('',#3412,#3420,#3895,.T.);
#2667=EDGE_CURVE('',#3421,#3422,#345,.T.);
#2668=EDGE_CURVE('',#3422,#3423,#346,.T.);
#2669=EDGE_CURVE('',#3423,#3424,#347,.T.);
#2670=EDGE_CURVE('',#3424,#3425,#348,.T.);
#2671=EDGE_CURVE('',#3425,#3426,#349,.T.);
#2672=EDGE_CURVE('',#3426,#3421,#350,.T.);
#2673=EDGE_CURVE('',#3427,#3428,#351,.T.);
#2674=EDGE_CURVE('',#3428,#3429,#352,.T.);
#2675=EDGE_CURVE('',#3429,#3430,#353,.T.);
#2676=EDGE_CURVE('',#3430,#3431,#354,.T.);
#2677=EDGE_CURVE('',#3431,#3432,#355,.T.);
#2678=EDGE_CURVE('',#3432,#3427,#356,.T.);
#2679=EDGE_CURVE('',#3433,#3434,#3896,.T.);
#2680=EDGE_CURVE('',#3434,#3435,#3897,.F.);
#2681=EDGE_CURVE('',#3435,#3436,#3898,.T.);
#2682=EDGE_CURVE('',#3436,#3437,#3899,.T.);
#2683=EDGE_CURVE('',#3437,#3433,#174,.T.);
#2684=EDGE_CURVE('',#3438,#3413,#357,.T.);
#2685=EDGE_CURVE('',#3438,#3439,#3900,.T.);
#2686=EDGE_CURVE('',#3439,#3414,#358,.T.);
#2687=EDGE_CURVE('',#3440,#3412,#359,.T.);
#2688=EDGE_CURVE('',#3440,#3438,#3901,.F.);
#2689=EDGE_CURVE('',#3439,#3441,#175,.T.);
#2690=EDGE_CURVE('',#3441,#3442,#3902,.T.);
#2691=EDGE_CURVE('',#3442,#3415,#360,.T.);
#2692=EDGE_CURVE('',#3442,#3443,#3903,.T.);
#2693=EDGE_CURVE('',#3443,#3416,#361,.T.);
#2694=EDGE_CURVE('',#3443,#3444,#176,.T.);
#2695=EDGE_CURVE('',#3444,#3445,#3904,.F.);
#2696=EDGE_CURVE('',#3445,#3417,#362,.T.);
#2697=EDGE_CURVE('',#3445,#3446,#177,.T.);
#2698=EDGE_CURVE('',#3446,#3418,#363,.T.);
#2699=EDGE_CURVE('',#3446,#3447,#3905,.T.);
#2700=EDGE_CURVE('',#3447,#3419,#364,.T.);
#2701=EDGE_CURVE('',#3447,#3448,#3906,.F.);
#2702=EDGE_CURVE('',#3448,#3449,#178,.T.);
#2703=EDGE_CURVE('',#3449,#3420,#365,.T.);
#2704=EDGE_CURVE('',#3449,#3440,#3907,.T.);
#2705=EDGE_CURVE('',#3434,#3444,#179,.F.);
#2706=EDGE_CURVE('',#3445,#3433,#3908,.T.);
#2707=EDGE_CURVE('',#3446,#3437,#3909,.T.);
#2708=EDGE_CURVE('',#3444,#3450,#3910,.T.);
#2709=EDGE_CURVE('',#3450,#3442,#180,.T.);
#2710=EDGE_CURVE('',#3434,#3450,#181,.F.);
#2711=EDGE_CURVE('',#3447,#3437,#3911,.T.);
#2712=EDGE_CURVE('',#3435,#3441,#182,.F.);
#2713=EDGE_CURVE('',#3448,#3436,#183,.T.);
#2714=EDGE_CURVE('',#3441,#3451,#3912,.T.);
#2715=EDGE_CURVE('',#3451,#3438,#184,.T.);
#2716=EDGE_CURVE('',#3435,#3451,#185,.F.);
#2717=EDGE_CURVE('',#3448,#3452,#3913,.F.);
#2718=EDGE_CURVE('',#3452,#3436,#186,.T.);
#2719=EDGE_CURVE('',#3440,#3452,#187,.T.);
#2720=EDGE_CURVE('',#3453,#3422,#366,.T.);
#2721=EDGE_CURVE('',#3453,#3454,#367,.T.);
#2722=EDGE_CURVE('',#3454,#3423,#368,.T.);
#2723=EDGE_CURVE('',#3455,#3421,#369,.T.);
#2724=EDGE_CURVE('',#3455,#3453,#370,.T.);
#2725=EDGE_CURVE('',#3456,#3426,#371,.T.);
#2726=EDGE_CURVE('',#3456,#3455,#372,.T.);
#2727=EDGE_CURVE('',#3457,#3425,#373,.T.);
#2728=EDGE_CURVE('',#3457,#3456,#374,.T.);
#2729=EDGE_CURVE('',#3458,#3424,#375,.T.);
#2730=EDGE_CURVE('',#3458,#3457,#376,.T.);
#2731=EDGE_CURVE('',#3454,#3458,#377,.T.);
#2732=EDGE_CURVE('',#3459,#3428,#378,.T.);
#2733=EDGE_CURVE('',#3459,#3460,#379,.T.);
#2734=EDGE_CURVE('',#3460,#3429,#380,.T.);
#2735=EDGE_CURVE('',#3461,#3427,#381,.T.);
#2736=EDGE_CURVE('',#3461,#3459,#382,.T.);
#2737=EDGE_CURVE('',#3462,#3432,#383,.T.);
#2738=EDGE_CURVE('',#3462,#3461,#384,.T.);
#2739=EDGE_CURVE('',#3463,#3431,#385,.T.);
#2740=EDGE_CURVE('',#3463,#3462,#386,.T.);
#2741=EDGE_CURVE('',#3464,#3430,#387,.T.);
#2742=EDGE_CURVE('',#3464,#3463,#388,.T.);
#2743=EDGE_CURVE('',#3460,#3464,#389,.T.);
#2744=EDGE_CURVE('',#3465,#3466,#3914,.F.);
#2745=EDGE_CURVE('',#3465,#3467,#390,.T.);
#2746=EDGE_CURVE('',#3468,#3467,#3915,.T.);
#2747=EDGE_CURVE('',#3468,#3469,#3916,.T.);
#2748=EDGE_CURVE('',#3470,#3469,#3917,.T.);
#2749=EDGE_CURVE('',#3471,#3470,#391,.T.);
#2750=EDGE_CURVE('',#3472,#3471,#3918,.T.);
#2751=EDGE_CURVE('',#3466,#3472,#392,.T.);
#2752=EDGE_CURVE('',#3473,#3474,#393,.T.);
#2753=EDGE_CURVE('',#3474,#3475,#394,.T.);
#2754=EDGE_CURVE('',#3475,#3476,#395,.T.);
#2755=EDGE_CURVE('',#3476,#3477,#396,.T.);
#2756=EDGE_CURVE('',#3477,#3478,#397,.T.);
#2757=EDGE_CURVE('',#3478,#3473,#398,.T.);
#2758=EDGE_CURVE('',#3479,#3480,#399,.T.);
#2759=EDGE_CURVE('',#3480,#3481,#400,.T.);
#2760=EDGE_CURVE('',#3481,#3482,#401,.T.);
#2761=EDGE_CURVE('',#3482,#3483,#402,.T.);
#2762=EDGE_CURVE('',#3483,#3484,#403,.T.);
#2763=EDGE_CURVE('',#3484,#3479,#404,.T.);
#2764=EDGE_CURVE('',#3485,#3486,#188,.T.);
#2765=EDGE_CURVE('',#3486,#3487,#3919,.T.);
#2766=EDGE_CURVE('',#3487,#3488,#189,.T.);
#2767=EDGE_CURVE('',#3488,#3489,#3920,.F.);
#2768=EDGE_CURVE('',#3489,#3490,#190,.T.);
#2769=EDGE_CURVE('',#3490,#3491,#3921,.T.);
#2770=EDGE_CURVE('',#3491,#3492,#191,.T.);
#2771=EDGE_CURVE('',#3492,#3485,#3922,.T.);
#2772=EDGE_CURVE('',#3493,#3468,#405,.T.);
#2773=EDGE_CURVE('',#3494,#3467,#406,.T.);
#2774=EDGE_CURVE('',#3494,#3493,#192,.T.);
#2775=EDGE_CURVE('',#3493,#3495,#3923,.F.);
#2776=EDGE_CURVE('',#3495,#3469,#407,.T.);
#2777=EDGE_CURVE('',#3496,#3470,#408,.T.);
#2778=EDGE_CURVE('',#3495,#3496,#193,.T.);
#2779=EDGE_CURVE('',#3497,#3472,#409,.T.);
#2780=EDGE_CURVE('',#3498,#3471,#410,.T.);
#2781=EDGE_CURVE('',#3498,#3497,#194,.T.);
#2782=EDGE_CURVE('',#3499,#3465,#411,.T.);
#2783=EDGE_CURVE('',#3500,#3466,#412,.T.);
#2784=EDGE_CURVE('',#3500,#3501,#195,.T.);
#2785=EDGE_CURVE('',#3501,#3499,#196,.T.);
#2786=EDGE_CURVE('',#3499,#3494,#3924,.T.);
#2787=EDGE_CURVE('',#3496,#3498,#3925,.F.);
#2788=EDGE_CURVE('',#3497,#3502,#197,.T.);
#2789=EDGE_CURVE('',#3502,#3500,#3926,.F.);
#2790=EDGE_CURVE('',#3491,#3493,#3927,.T.);
#2791=EDGE_CURVE('',#3495,#3490,#3928,.T.);
#2792=EDGE_CURVE('',#3496,#3489,#3929,.T.);
#2793=EDGE_CURVE('',#3492,#3494,#3930,.T.);
#2794=EDGE_CURVE('',#3498,#3488,#3931,.T.);
#2795=EDGE_CURVE('',#3485,#3499,#3932,.T.);
#2796=EDGE_CURVE('',#3502,#3487,#198,.T.);
#2797=EDGE_CURVE('',#3486,#3501,#199,.F.);
#2798=EDGE_CURVE('',#3503,#3474,#413,.T.);
#2799=EDGE_CURVE('',#3503,#3504,#414,.T.);
#2800=EDGE_CURVE('',#3504,#3475,#415,.T.);
#2801=EDGE_CURVE('',#3505,#3473,#416,.T.);
#2802=EDGE_CURVE('',#3505,#3503,#417,.T.);
#2803=EDGE_CURVE('',#3506,#3478,#418,.T.);
#2804=EDGE_CURVE('',#3506,#3505,#419,.T.);
#2805=EDGE_CURVE('',#3507,#3477,#420,.T.);
#2806=EDGE_CURVE('',#3507,#3506,#421,.T.);
#2807=EDGE_CURVE('',#3508,#3476,#422,.T.);
#2808=EDGE_CURVE('',#3508,#3507,#423,.T.);
#2809=EDGE_CURVE('',#3504,#3508,#424,.T.);
#2810=EDGE_CURVE('',#3509,#3480,#425,.T.);
#2811=EDGE_CURVE('',#3509,#3510,#426,.T.);
#2812=EDGE_CURVE('',#3510,#3481,#427,.T.);
#2813=EDGE_CURVE('',#3511,#3479,#428,.T.);
#2814=EDGE_CURVE('',#3511,#3509,#429,.T.);
#2815=EDGE_CURVE('',#3512,#3484,#430,.T.);
#2816=EDGE_CURVE('',#3512,#3511,#431,.T.);
#2817=EDGE_CURVE('',#3513,#3483,#432,.T.);
#2818=EDGE_CURVE('',#3513,#3512,#433,.T.);
#2819=EDGE_CURVE('',#3514,#3482,#434,.T.);
#2820=EDGE_CURVE('',#3514,#3513,#435,.T.);
#2821=EDGE_CURVE('',#3510,#3514,#436,.T.);
#2822=EDGE_CURVE('',#3515,#3516,#200,.T.);
#2823=EDGE_CURVE('',#3516,#3517,#3933,.T.);
#2824=EDGE_CURVE('',#3517,#3518,#201,.T.);
#2825=EDGE_CURVE('',#3518,#3519,#3934,.T.);
#2826=EDGE_CURVE('',#3519,#3520,#202,.T.);
#2827=EDGE_CURVE('',#3520,#3521,#3935,.T.);
#2828=EDGE_CURVE('',#3521,#3522,#203,.T.);
#2829=EDGE_CURVE('',#3522,#3515,#3936,.F.);
#2830=EDGE_CURVE('',#3523,#3524,#3937,.T.);
#2831=EDGE_CURVE('',#3525,#3523,#437,.T.);
#2832=EDGE_CURVE('',#3525,#3526,#204,.T.);
#2833=EDGE_CURVE('',#3526,#3524,#438,.T.);
#2834=EDGE_CURVE('',#3527,#3528,#439,.T.);
#2835=EDGE_CURVE('',#3528,#3524,#3938,.T.);
#2836=EDGE_CURVE('',#3526,#3527,#3939,.F.);
#2837=EDGE_CURVE('',#3528,#3529,#3940,.T.);
#2838=EDGE_CURVE('',#3527,#3530,#205,.T.);
#2839=EDGE_CURVE('',#3530,#3529,#440,.T.);
#2840=EDGE_CURVE('',#3531,#3532,#3941,.F.);
#2841=EDGE_CURVE('',#3533,#3531,#441,.T.);
#2842=EDGE_CURVE('',#3533,#3534,#206,.T.);
#2843=EDGE_CURVE('',#3534,#3535,#207,.T.);
#2844=EDGE_CURVE('',#3535,#3532,#442,.T.);
#2845=EDGE_CURVE('',#3536,#3537,#3942,.T.);
#2846=EDGE_CURVE('',#3538,#3536,#443,.T.);
#2847=EDGE_CURVE('',#3538,#3539,#208,.T.);
#2848=EDGE_CURVE('',#3539,#3537,#444,.T.);
#2849=EDGE_CURVE('',#3537,#3523,#445,.T.);
#2850=EDGE_CURVE('',#3539,#3525,#3943,.T.);
#2851=EDGE_CURVE('',#3531,#3529,#446,.T.);
#2852=EDGE_CURVE('',#3530,#3533,#3944,.F.);
#2853=EDGE_CURVE('',#3536,#3532,#447,.T.);
#2854=EDGE_CURVE('',#3535,#3540,#3945,.F.);
#2855=EDGE_CURVE('',#3540,#3538,#209,.T.);
#2856=EDGE_CURVE('',#3521,#3526,#3946,.T.);
#2857=EDGE_CURVE('',#3527,#3520,#3947,.T.);
#2858=EDGE_CURVE('',#3530,#3519,#3948,.T.);
#2859=EDGE_CURVE('',#3522,#3525,#3949,.T.);
#2860=EDGE_CURVE('',#3533,#3518,#3950,.T.);
#2861=EDGE_CURVE('',#3515,#3539,#3951,.T.);
#2862=EDGE_CURVE('',#3534,#3517,#210,.T.);
#2863=EDGE_CURVE('',#3516,#3540,#211,.F.);
#2864=EDGE_CURVE('',#3541,#3542,#448,.T.);
#2865=EDGE_CURVE('',#3543,#3541,#449,.T.);
#2866=EDGE_CURVE('',#3544,#3543,#450,.T.);
#2867=EDGE_CURVE('',#3545,#3544,#451,.T.);
#2868=EDGE_CURVE('',#3546,#3545,#452,.T.);
#2869=EDGE_CURVE('',#3542,#3546,#453,.T.);
#2870=EDGE_CURVE('',#3547,#3548,#454,.T.);
#2871=EDGE_CURVE('',#3549,#3547,#455,.T.);
#2872=EDGE_CURVE('',#3550,#3549,#456,.T.);
#2873=EDGE_CURVE('',#3551,#3550,#457,.T.);
#2874=EDGE_CURVE('',#3552,#3551,#458,.T.);
#2875=EDGE_CURVE('',#3548,#3552,#459,.T.);
#2876=EDGE_CURVE('',#3553,#3548,#460,.T.);
#2877=EDGE_CURVE('',#3554,#3553,#461,.T.);
#2878=EDGE_CURVE('',#3554,#3547,#462,.T.);
#2879=EDGE_CURVE('',#3555,#3552,#463,.T.);
#2880=EDGE_CURVE('',#3553,#3555,#464,.T.);
#2881=EDGE_CURVE('',#3556,#3551,#465,.T.);
#2882=EDGE_CURVE('',#3555,#3556,#466,.T.);
#2883=EDGE_CURVE('',#3557,#3550,#467,.T.);
#2884=EDGE_CURVE('',#3556,#3557,#468,.T.);
#2885=EDGE_CURVE('',#3558,#3549,#469,.T.);
#2886=EDGE_CURVE('',#3557,#3558,#470,.T.);
#2887=EDGE_CURVE('',#3558,#3554,#471,.T.);
#2888=EDGE_CURVE('',#3559,#3542,#472,.T.);
#2889=EDGE_CURVE('',#3560,#3559,#473,.T.);
#2890=EDGE_CURVE('',#3560,#3541,#474,.T.);
#2891=EDGE_CURVE('',#3561,#3546,#475,.T.);
#2892=EDGE_CURVE('',#3559,#3561,#476,.T.);
#2893=EDGE_CURVE('',#3562,#3545,#477,.T.);
#2894=EDGE_CURVE('',#3561,#3562,#478,.T.);
#2895=EDGE_CURVE('',#3563,#3544,#479,.T.);
#2896=EDGE_CURVE('',#3562,#3563,#480,.T.);
#2897=EDGE_CURVE('',#3564,#3543,#481,.T.);
#2898=EDGE_CURVE('',#3563,#3564,#482,.T.);
#2899=EDGE_CURVE('',#3564,#3560,#483,.T.);
#2900=EDGE_CURVE('',#3565,#3566,#212,.T.);
#2901=EDGE_CURVE('',#3566,#3567,#213,.T.);
#2902=EDGE_CURVE('',#3568,#3567,#484,.T.);
#2903=EDGE_CURVE('',#3569,#3568,#3952,.T.);
#2904=EDGE_CURVE('',#3569,#3570,#485,.T.);
#2905=EDGE_CURVE('',#3571,#3570,#3953,.T.);
#2906=EDGE_CURVE('',#3571,#3572,#3954,.T.);
#2907=EDGE_CURVE('',#3573,#3572,#3955,.T.);
#2908=EDGE_CURVE('',#3573,#3574,#486,.T.);
#2909=EDGE_CURVE('',#3575,#3574,#3956,.F.);
#2910=EDGE_CURVE('',#3565,#3575,#3957,.T.);
#2911=EDGE_CURVE('',#3576,#3577,#487,.T.);
#2912=EDGE_CURVE('',#3577,#3578,#488,.T.);
#2913=EDGE_CURVE('',#3578,#3579,#489,.T.);
#2914=EDGE_CURVE('',#3579,#3580,#490,.T.);
#2915=EDGE_CURVE('',#3580,#3581,#491,.T.);
#2916=EDGE_CURVE('',#3581,#3576,#492,.T.);
#2917=EDGE_CURVE('',#3582,#3583,#493,.T.);
#2918=EDGE_CURVE('',#3583,#3584,#494,.T.);
#2919=EDGE_CURVE('',#3584,#3585,#495,.T.);
#2920=EDGE_CURVE('',#3585,#3586,#496,.T.);
#2921=EDGE_CURVE('',#3586,#3587,#497,.T.);
#2922=EDGE_CURVE('',#3587,#3582,#498,.T.);
#2923=EDGE_CURVE('',#3588,#3589,#3958,.F.);
#2924=EDGE_CURVE('',#3589,#3590,#3959,.T.);
#2925=EDGE_CURVE('',#3590,#3591,#3960,.F.);
#2926=EDGE_CURVE('',#3591,#3592,#3961,.T.);
#2927=EDGE_CURVE('',#3592,#3593,#214,.T.);
#2928=EDGE_CURVE('',#3593,#3588,#215,.T.);
#2929=EDGE_CURVE('',#3594,#3574,#499,.T.);
#2930=EDGE_CURVE('',#3594,#3595,#216,.T.);
#2931=EDGE_CURVE('',#3595,#3575,#500,.T.);
#2932=EDGE_CURVE('',#3595,#3565,#217,.T.);
#2933=EDGE_CURVE('',#3596,#3568,#501,.T.);
#2934=EDGE_CURVE('',#3596,#3597,#3962,.T.);
#2935=EDGE_CURVE('',#3597,#3569,#502,.T.);
#2936=EDGE_CURVE('',#3598,#3570,#503,.T.);
#2937=EDGE_CURVE('',#3598,#3599,#3963,.T.);
#2938=EDGE_CURVE('',#3599,#3571,#504,.T.);
#2939=EDGE_CURVE('',#3599,#3600,#3964,.F.);
#2940=EDGE_CURVE('',#3600,#3572,#505,.T.);
#2941=EDGE_CURVE('',#3600,#3601,#3965,.T.);
#2942=EDGE_CURVE('',#3601,#3573,#506,.T.);
#2943=EDGE_CURVE('',#3601,#3602,#218,.T.);
#2944=EDGE_CURVE('',#3602,#3594,#3966,.T.);
#2945=EDGE_CURVE('',#3567,#3603,#3967,.F.);
#2946=EDGE_CURVE('',#3603,#3596,#219,.T.);
#2947=EDGE_CURVE('',#3597,#3604,#3968,.T.);
#2948=EDGE_CURVE('',#3604,#3598,#220,.T.);
#2949=EDGE_CURVE('',#3605,#3603,#3969,.T.);
#2950=EDGE_CURVE('',#3597,#3605,#221,.T.);
#2951=EDGE_CURVE('',#3591,#3603,#222,.F.);
#2952=EDGE_CURVE('',#3605,#3591,#223,.T.);
#2953=EDGE_CURVE('',#3604,#3590,#224,.T.);
#2954=EDGE_CURVE('',#3592,#3566,#3970,.T.);
#2955=EDGE_CURVE('',#3604,#3606,#3971,.F.);
#2956=EDGE_CURVE('',#3606,#3590,#225,.T.);
#2957=EDGE_CURVE('',#3599,#3606,#226,.T.);
#2958=EDGE_CURVE('',#3593,#3595,#3972,.T.);
#2959=EDGE_CURVE('',#3600,#3607,#227,.T.);
#2960=EDGE_CURVE('',#3607,#3589,#228,.T.);
#2961=EDGE_CURVE('',#3602,#3607,#3973,.T.);
#2962=EDGE_CURVE('',#3588,#3594,#3974,.T.);
#2963=EDGE_CURVE('',#3602,#3589,#229,.T.);
#2964=EDGE_CURVE('',#3608,#3577,#507,.T.);
#2965=EDGE_CURVE('',#3608,#3609,#508,.T.);
#2966=EDGE_CURVE('',#3609,#3578,#509,.T.);
#2967=EDGE_CURVE('',#3610,#3576,#510,.T.);
#2968=EDGE_CURVE('',#3610,#3608,#511,.T.);
#2969=EDGE_CURVE('',#3611,#3581,#512,.T.);
#2970=EDGE_CURVE('',#3611,#3610,#513,.T.);
#2971=EDGE_CURVE('',#3612,#3580,#514,.T.);
#2972=EDGE_CURVE('',#3612,#3611,#515,.T.);
#2973=EDGE_CURVE('',#3613,#3579,#516,.T.);
#2974=EDGE_CURVE('',#3613,#3612,#517,.T.);
#2975=EDGE_CURVE('',#3609,#3613,#518,.T.);
#2976=EDGE_CURVE('',#3614,#3583,#519,.T.);
#2977=EDGE_CURVE('',#3614,#3615,#520,.T.);
#2978=EDGE_CURVE('',#3615,#3584,#521,.T.);
#2979=EDGE_CURVE('',#3616,#3582,#522,.T.);
#2980=EDGE_CURVE('',#3616,#3614,#523,.T.);
#2981=EDGE_CURVE('',#3617,#3587,#524,.T.);
#2982=EDGE_CURVE('',#3617,#3616,#525,.T.);
#2983=EDGE_CURVE('',#3618,#3586,#526,.T.);
#2984=EDGE_CURVE('',#3618,#3617,#527,.T.);
#2985=EDGE_CURVE('',#3619,#3585,#528,.T.);
#2986=EDGE_CURVE('',#3619,#3618,#529,.T.);
#2987=EDGE_CURVE('',#3615,#3619,#530,.T.);
#2988=EDGE_CURVE('',#3620,#3621,#3975,.T.);
#2989=EDGE_CURVE('',#3620,#3622,#531,.T.);
#2990=EDGE_CURVE('',#3623,#3622,#532,.T.);
#2991=EDGE_CURVE('',#3624,#3623,#3976,.T.);
#2992=EDGE_CURVE('',#3625,#3624,#533,.T.);
#2993=EDGE_CURVE('',#3626,#3625,#3977,.T.);
#2994=EDGE_CURVE('',#3626,#3627,#3978,.T.);
#2995=EDGE_CURVE('',#3627,#3628,#3979,.T.);
#2996=EDGE_CURVE('',#3628,#3629,#3980,.T.);
#2997=EDGE_CURVE('',#3629,#3630,#3981,.T.);
#2998=EDGE_CURVE('',#3631,#3630,#3982,.T.);
#2999=EDGE_CURVE('',#3631,#3632,#534,.T.);
#3000=EDGE_CURVE('',#3633,#3632,#3983,.T.);
#3001=EDGE_CURVE('',#3633,#3634,#535,.T.);
#3002=EDGE_CURVE('',#3635,#3634,#3984,.T.);
#3003=EDGE_CURVE('',#3621,#3635,#536,.T.);
#3004=EDGE_CURVE('',#3636,#3637,#537,.T.);
#3005=EDGE_CURVE('',#3637,#3638,#538,.T.);
#3006=EDGE_CURVE('',#3638,#3639,#539,.T.);
#3007=EDGE_CURVE('',#3639,#3640,#540,.T.);
#3008=EDGE_CURVE('',#3640,#3641,#541,.T.);
#3009=EDGE_CURVE('',#3641,#3636,#542,.T.);
#3010=EDGE_CURVE('',#3642,#3643,#543,.T.);
#3011=EDGE_CURVE('',#3643,#3644,#544,.T.);
#3012=EDGE_CURVE('',#3644,#3645,#545,.T.);
#3013=EDGE_CURVE('',#3645,#3646,#546,.T.);
#3014=EDGE_CURVE('',#3646,#3647,#547,.T.);
#3015=EDGE_CURVE('',#3647,#3642,#548,.T.);
#3016=EDGE_CURVE('',#3648,#3635,#549,.T.);
#3017=EDGE_CURVE('',#3648,#3649,#230,.T.);
#3018=EDGE_CURVE('',#3649,#3650,#3985,.F.);
#3019=EDGE_CURVE('',#3650,#3621,#550,.T.);
#3020=EDGE_CURVE('',#3650,#3651,#231,.T.);
#3021=EDGE_CURVE('',#3651,#3652,#232,.T.);
#3022=EDGE_CURVE('',#3652,#3653,#233,.T.);
#3023=EDGE_CURVE('',#3653,#3620,#551,.T.);
#3024=EDGE_CURVE('',#3654,#3634,#552,.T.);
#3025=EDGE_CURVE('',#3654,#3648,#234,.T.);
#3026=EDGE_CURVE('',#3655,#3629,#553,.T.);
#3027=EDGE_CURVE('',#3656,#3628,#554,.T.);
#3028=EDGE_CURVE('',#3656,#3657,#235,.T.);
#3029=EDGE_CURVE('',#3657,#3655,#236,.T.);
#3030=EDGE_CURVE('',#3658,#3627,#555,.T.);
#3031=EDGE_CURVE('',#3658,#3656,#237,.T.);
#3032=EDGE_CURVE('',#3659,#3660,#3986,.F.);
#3033=EDGE_CURVE('',#3660,#3661,#238,.T.);
#3034=EDGE_CURVE('',#3661,#3662,#3987,.T.);
#3035=EDGE_CURVE('',#3662,#3663,#3988,.T.);
#3036=EDGE_CURVE('',#3663,#3664,#239,.T.);
#3037=EDGE_CURVE('',#3664,#3665,#3989,.T.);
#3038=EDGE_CURVE('',#3665,#3666,#240,.T.);
#3039=EDGE_CURVE('',#3666,#3667,#3990,.T.);
#3040=EDGE_CURVE('',#3667,#3668,#241,.T.);
#3041=EDGE_CURVE('',#3668,#3669,#3991,.F.);
#3042=EDGE_CURVE('',#3669,#3670,#242,.T.);
#3043=EDGE_CURVE('',#3670,#3671,#3992,.T.);
#3044=EDGE_CURVE('',#3671,#3672,#243,.T.);
#3045=EDGE_CURVE('',#3672,#3673,#244,.T.);
#3046=EDGE_CURVE('',#3673,#3674,#245,.T.);
#3047=EDGE_CURVE('',#3674,#3659,#246,.T.);
#3048=EDGE_CURVE('',#3675,#3624,#556,.T.);
#3049=EDGE_CURVE('',#3676,#3623,#557,.T.);
#3050=EDGE_CURVE('',#3676,#3675,#247,.T.);
#3051=EDGE_CURVE('',#3677,#3626,#558,.T.);
#3052=EDGE_CURVE('',#3678,#3625,#559,.T.);
#3053=EDGE_CURVE('',#3678,#3677,#248,.T.);
#3054=EDGE_CURVE('',#3677,#3679,#249,.T.);
#3055=EDGE_CURVE('',#3679,#3658,#250,.T.);
#3056=EDGE_CURVE('',#3655,#3680,#3993,.F.);
#3057=EDGE_CURVE('',#3680,#3630,#560,.T.);
#3058=EDGE_CURVE('',#3681,#3631,#561,.T.);
#3059=EDGE_CURVE('',#3682,#3680,#562,.T.);
#3060=EDGE_CURVE('',#3682,#3681,#251,.T.);
#3061=EDGE_CURVE('',#3683,#3633,#563,.T.);
#3062=EDGE_CURVE('',#3684,#3632,#564,.T.);
#3063=EDGE_CURVE('',#3684,#3685,#252,.T.);
#3064=EDGE_CURVE('',#3685,#3683,#253,.T.);
#3065=EDGE_CURVE('',#3653,#3686,#3994,.T.);
#3066=EDGE_CURVE('',#3686,#3687,#565,.T.);
#3067=EDGE_CURVE('',#3687,#3622,#566,.T.);
#3068=EDGE_CURVE('',#3687,#3676,#3995,.F.);
#3069=EDGE_CURVE('',#3675,#3678,#3996,.F.);
#3070=EDGE_CURVE('',#3681,#3684,#3997,.T.);
#3071=EDGE_CURVE('',#3683,#3688,#3998,.T.);
#3072=EDGE_CURVE('',#3688,#3654,#254,.T.);
#3073=EDGE_CURVE('',#3677,#3674,#3999,.T.);
#3074=EDGE_CURVE('',#3659,#3678,#4000,.T.);
#3075=EDGE_CURVE('',#3660,#3675,#4001,.T.);
#3076=EDGE_CURVE('',#3679,#3673,#255,.T.);
#3077=EDGE_CURVE('',#3661,#3676,#256,.T.);
#3078=EDGE_CURVE('',#3656,#3672,#4002,.T.);
#3079=EDGE_CURVE('',#3662,#3686,#257,.F.);
#3080=EDGE_CURVE('',#3657,#3671,#258,.T.);
#3081=EDGE_CURVE('',#3663,#3652,#259,.F.);
#3082=EDGE_CURVE('',#3682,#3670,#260,.T.);
#3083=EDGE_CURVE('',#3664,#3651,#261,.F.);
#3084=EDGE_CURVE('',#3681,#3669,#4003,.T.);
#3085=EDGE_CURVE('',#3665,#3649,#262,.F.);
#3086=EDGE_CURVE('',#3684,#3668,#4004,.T.);
#3087=EDGE_CURVE('',#3666,#3688,#263,.F.);
#3088=EDGE_CURVE('',#3685,#3667,#264,.T.);
#3089=EDGE_CURVE('',#3689,#3637,#567,.T.);
#3090=EDGE_CURVE('',#3689,#3690,#568,.T.);
#3091=EDGE_CURVE('',#3690,#3638,#569,.T.);
#3092=EDGE_CURVE('',#3691,#3636,#570,.T.);
#3093=EDGE_CURVE('',#3691,#3689,#571,.T.);
#3094=EDGE_CURVE('',#3692,#3641,#572,.T.);
#3095=EDGE_CURVE('',#3692,#3691,#573,.T.);
#3096=EDGE_CURVE('',#3693,#3640,#574,.T.);
#3097=EDGE_CURVE('',#3693,#3692,#575,.T.);
#3098=EDGE_CURVE('',#3694,#3639,#576,.T.);
#3099=EDGE_CURVE('',#3694,#3693,#577,.T.);
#3100=EDGE_CURVE('',#3690,#3694,#578,.T.);
#3101=EDGE_CURVE('',#3695,#3643,#579,.T.);
#3102=EDGE_CURVE('',#3695,#3696,#580,.T.);
#3103=EDGE_CURVE('',#3696,#3644,#581,.T.);
#3104=EDGE_CURVE('',#3697,#3642,#582,.T.);
#3105=EDGE_CURVE('',#3697,#3695,#583,.T.);
#3106=EDGE_CURVE('',#3698,#3647,#584,.T.);
#3107=EDGE_CURVE('',#3698,#3697,#585,.T.);
#3108=EDGE_CURVE('',#3699,#3646,#586,.T.);
#3109=EDGE_CURVE('',#3699,#3698,#587,.T.);
#3110=EDGE_CURVE('',#3700,#3645,#588,.T.);
#3111=EDGE_CURVE('',#3700,#3699,#589,.T.);
#3112=EDGE_CURVE('',#3696,#3700,#590,.T.);
#3113=EDGE_CURVE('',#3701,#3702,#4005,.F.);
#3114=EDGE_CURVE('',#3702,#3703,#4006,.T.);
#3115=EDGE_CURVE('',#3703,#3704,#4007,.F.);
#3116=EDGE_CURVE('',#3704,#3705,#265,.T.);
#3117=EDGE_CURVE('',#3705,#3706,#266,.T.);
#3118=EDGE_CURVE('',#3706,#3701,#4008,.T.);
#3119=EDGE_CURVE('',#3707,#3708,#591,.T.);
#3120=EDGE_CURVE('',#3707,#3709,#4009,.F.);
#3121=EDGE_CURVE('',#3709,#3710,#592,.T.);
#3122=EDGE_CURVE('',#3710,#3708,#4010,.T.);
#3123=EDGE_CURVE('',#3711,#3712,#593,.T.);
#3124=EDGE_CURVE('',#3711,#3707,#4011,.T.);
#3125=EDGE_CURVE('',#3712,#3708,#4012,.T.);
#3126=EDGE_CURVE('',#3709,#3713,#4013,.T.);
#3127=EDGE_CURVE('',#3713,#3714,#594,.T.);
#3128=EDGE_CURVE('',#3710,#3714,#4014,.T.);
#3129=EDGE_CURVE('',#3715,#3716,#595,.T.);
#3130=EDGE_CURVE('',#3717,#3715,#596,.T.);
#3131=EDGE_CURVE('',#3718,#3717,#597,.T.);
#3132=EDGE_CURVE('',#3719,#3718,#598,.T.);
#3133=EDGE_CURVE('',#3720,#3719,#599,.T.);
#3134=EDGE_CURVE('',#3716,#3720,#600,.T.);
#3135=EDGE_CURVE('',#3721,#3722,#601,.T.);
#3136=EDGE_CURVE('',#3723,#3721,#602,.T.);
#3137=EDGE_CURVE('',#3724,#3723,#603,.T.);
#3138=EDGE_CURVE('',#3725,#3724,#604,.T.);
#3139=EDGE_CURVE('',#3726,#3725,#605,.T.);
#3140=EDGE_CURVE('',#3722,#3726,#606,.T.);
#3141=EDGE_CURVE('',#3727,#3728,#607,.T.);
#3142=EDGE_CURVE('',#3728,#3729,#267,.T.);
#3143=EDGE_CURVE('',#3729,#3730,#268,.T.);
#3144=EDGE_CURVE('',#3730,#3731,#4015,.T.);
#3145=EDGE_CURVE('',#3731,#3732,#4016,.F.);
#3146=EDGE_CURVE('',#3712,#3732,#608,.T.);
#3147=EDGE_CURVE('',#3733,#3714,#609,.T.);
#3148=EDGE_CURVE('',#3733,#3727,#4017,.T.);
#3149=EDGE_CURVE('',#3713,#3734,#269,.T.);
#3150=EDGE_CURVE('',#3734,#3735,#4018,.F.);
#3151=EDGE_CURVE('',#3735,#3733,#610,.T.);
#3152=EDGE_CURVE('',#3735,#3736,#4019,.T.);
#3153=EDGE_CURVE('',#3736,#3727,#611,.T.);
#3154=EDGE_CURVE('',#3736,#3737,#270,.T.);
#3155=EDGE_CURVE('',#3737,#3728,#4020,.T.);
#3156=EDGE_CURVE('',#3730,#3738,#271,.T.);
#3157=EDGE_CURVE('',#3738,#3731,#612,.T.);
#3158=EDGE_CURVE('',#3738,#3739,#272,.T.);
#3159=EDGE_CURVE('',#3739,#3732,#613,.T.);
#3160=EDGE_CURVE('',#3739,#3740,#4021,.F.);
#3161=EDGE_CURVE('',#3740,#3711,#273,.T.);
#3162=EDGE_CURVE('',#3737,#3741,#4022,.T.);
#3163=EDGE_CURVE('',#3741,#3735,#274,.T.);
#3164=EDGE_CURVE('',#3737,#3701,#275,.T.);
#3165=EDGE_CURVE('',#3701,#3741,#276,.F.);
#3166=EDGE_CURVE('',#3702,#3734,#277,.F.);
#3167=EDGE_CURVE('',#3729,#3706,#4023,.T.);
#3168=EDGE_CURVE('',#3734,#3742,#4024,.T.);
#3169=EDGE_CURVE('',#3742,#3709,#278,.T.);
#3170=EDGE_CURVE('',#3702,#3742,#279,.F.);
#3171=EDGE_CURVE('',#3738,#3705,#4025,.T.);
#3172=EDGE_CURVE('',#3707,#3743,#280,.T.);
#3173=EDGE_CURVE('',#3743,#3740,#4026,.T.);
#3174=EDGE_CURVE('',#3703,#3743,#281,.F.);
#3175=EDGE_CURVE('',#3739,#3704,#4027,.T.);
#3176=EDGE_CURVE('',#3703,#3740,#282,.F.);
#3177=EDGE_CURVE('',#3744,#3722,#614,.T.);
#3178=EDGE_CURVE('',#3745,#3744,#615,.T.);
#3179=EDGE_CURVE('',#3745,#3721,#616,.T.);
#3180=EDGE_CURVE('',#3746,#3726,#617,.T.);
#3181=EDGE_CURVE('',#3744,#3746,#618,.T.);
#3182=EDGE_CURVE('',#3747,#3725,#619,.T.);
#3183=EDGE_CURVE('',#3746,#3747,#620,.T.);
#3184=EDGE_CURVE('',#3748,#3724,#621,.T.);
#3185=EDGE_CURVE('',#3747,#3748,#622,.T.);
#3186=EDGE_CURVE('',#3749,#3723,#623,.T.);
#3187=EDGE_CURVE('',#3748,#3749,#624,.T.);
#3188=EDGE_CURVE('',#3749,#3745,#625,.T.);
#3189=EDGE_CURVE('',#3750,#3716,#626,.T.);
#3190=EDGE_CURVE('',#3751,#3750,#627,.T.);
#3191=EDGE_CURVE('',#3751,#3715,#628,.T.);
#3192=EDGE_CURVE('',#3752,#3720,#629,.T.);
#3193=EDGE_CURVE('',#3750,#3752,#630,.T.);
#3194=EDGE_CURVE('',#3753,#3719,#631,.T.);
#3195=EDGE_CURVE('',#3752,#3753,#632,.T.);
#3196=EDGE_CURVE('',#3754,#3718,#633,.T.);
#3197=EDGE_CURVE('',#3753,#3754,#634,.T.);
#3198=EDGE_CURVE('',#3755,#3717,#635,.T.);
#3199=EDGE_CURVE('',#3754,#3755,#636,.T.);
#3200=EDGE_CURVE('',#3755,#3751,#637,.T.);
#3201=EDGE_CURVE('',#3756,#3757,#638,.T.);
#3202=EDGE_CURVE('',#3758,#3757,#639,.T.);
#3203=EDGE_CURVE('',#3759,#3758,#640,.T.);
#3204=EDGE_CURVE('',#3759,#3760,#4028,.T.);
#3205=EDGE_CURVE('',#3760,#3756,#283,.T.);
#3206=EDGE_CURVE('',#3761,#3758,#4029,.T.);
#3207=EDGE_CURVE('',#3762,#3761,#641,.T.);
#3208=EDGE_CURVE('',#3762,#3763,#284,.T.);
#3209=EDGE_CURVE('',#3763,#3764,#285,.T.);
#3210=EDGE_CURVE('',#3764,#3759,#286,.T.);
#3211=EDGE_CURVE('',#3765,#3766,#4030,.T.);
#3212=EDGE_CURVE('',#3767,#3766,#642,.T.);
#3213=EDGE_CURVE('',#3767,#3768,#287,.T.);
#3214=EDGE_CURVE('',#3768,#3765,#643,.T.);
#3215=EDGE_CURVE('',#3766,#3769,#4031,.T.);
#3216=EDGE_CURVE('',#3770,#3769,#644,.T.);
#3217=EDGE_CURVE('',#3770,#3771,#288,.T.);
#3218=EDGE_CURVE('',#3771,#3767,#289,.T.);
#3219=EDGE_CURVE('',#3772,#3773,#645,.T.);
#3220=EDGE_CURVE('',#3757,#3773,#4032,.T.);
#3221=EDGE_CURVE('',#3756,#3772,#290,.T.);
#3222=EDGE_CURVE('',#3774,#3775,#4033,.T.);
#3223=EDGE_CURVE('',#3775,#3776,#291,.T.);
#3224=EDGE_CURVE('',#3776,#3777,#4034,.F.);
#3225=EDGE_CURVE('',#3777,#3778,#292,.T.);
#3226=EDGE_CURVE('',#3778,#3779,#293,.T.);
#3227=EDGE_CURVE('',#3779,#3780,#294,.T.);
#3228=EDGE_CURVE('',#3780,#3781,#295,.T.);
#3229=EDGE_CURVE('',#3781,#3782,#4035,.T.);
#3230=EDGE_CURVE('',#3782,#3783,#296,.T.);
#3231=EDGE_CURVE('',#3783,#3784,#4036,.F.);
#3232=EDGE_CURVE('',#3784,#3785,#297,.T.);
#3233=EDGE_CURVE('',#3785,#3786,#4037,.T.);
#3234=EDGE_CURVE('',#3786,#3787,#298,.T.);
#3235=EDGE_CURVE('',#3787,#3788,#4038,.T.);
#3236=EDGE_CURVE('',#3788,#3789,#299,.T.);
#3237=EDGE_CURVE('',#3789,#3774,#4039,.T.);
#3238=EDGE_CURVE('',#3790,#3791,#4040,.T.);
#3239=EDGE_CURVE('',#3792,#3790,#646,.T.);
#3240=EDGE_CURVE('',#3792,#3793,#300,.T.);
#3241=EDGE_CURVE('',#3793,#3794,#301,.T.);
#3242=EDGE_CURVE('',#3794,#3791,#647,.T.);
#3243=EDGE_CURVE('',#3795,#3796,#4041,.T.);
#3244=EDGE_CURVE('',#3797,#3795,#648,.T.);
#3245=EDGE_CURVE('',#3797,#3798,#302,.T.);
#3246=EDGE_CURVE('',#3798,#3799,#649,.T.);
#3247=EDGE_CURVE('',#3799,#3796,#650,.T.);
#3248=EDGE_CURVE('',#3769,#3796,#4042,.T.);
#3249=EDGE_CURVE('',#3799,#3770,#4043,.F.);
#3250=EDGE_CURVE('',#3800,#3801,#651,.T.);
#3251=EDGE_CURVE('',#3801,#3765,#4044,.T.);
#3252=EDGE_CURVE('',#3768,#3802,#303,.T.);
#3253=EDGE_CURVE('',#3802,#3800,#304,.T.);
#3254=EDGE_CURVE('',#3801,#3803,#4045,.T.);
#3255=EDGE_CURVE('',#3800,#3804,#305,.T.);
#3256=EDGE_CURVE('',#3804,#3803,#652,.T.);
#3257=EDGE_CURVE('',#3805,#3806,#4046,.T.);
#3258=EDGE_CURVE('',#3807,#3805,#653,.T.);
#3259=EDGE_CURVE('',#3807,#3808,#306,.T.);
#3260=EDGE_CURVE('',#3808,#3806,#654,.T.);
#3261=EDGE_CURVE('',#3790,#3773,#655,.T.);
#3262=EDGE_CURVE('',#3772,#3809,#307,.T.);
#3263=EDGE_CURVE('',#3809,#3792,#4047,.F.);
#3264=EDGE_CURVE('',#3795,#3791,#656,.T.);
#3265=EDGE_CURVE('',#3794,#3797,#4048,.F.);
#3266=EDGE_CURVE('',#3803,#3805,#657,.T.);
#3267=EDGE_CURVE('',#3804,#3807,#4049,.T.);
#3268=EDGE_CURVE('',#3806,#3810,#658,.T.);
#3269=EDGE_CURVE('',#3808,#3811,#4050,.T.);
#3270=EDGE_CURVE('',#3811,#3810,#659,.T.);
#3271=EDGE_CURVE('',#3761,#3810,#660,.T.);
#3272=EDGE_CURVE('',#3812,#3811,#661,.T.);
#3273=EDGE_CURVE('',#3812,#3762,#4051,.F.);
#3274=EDGE_CURVE('',#3778,#3800,#4052,.T.);
#3275=EDGE_CURVE('',#3804,#3777,#4053,.T.);
#3276=EDGE_CURVE('',#3807,#3776,#4054,.T.);
#3277=EDGE_CURVE('',#3779,#3802,#308,.F.);
#3278=EDGE_CURVE('',#3808,#3775,#309,.T.);
#3279=EDGE_CURVE('',#3780,#3767,#4055,.T.);
#3280=EDGE_CURVE('',#3812,#3774,#310,.T.);
#3281=EDGE_CURVE('',#3781,#3771,#311,.F.);
#3282=EDGE_CURVE('',#3763,#3789,#312,.T.);
#3283=EDGE_CURVE('',#3782,#3798,#313,.F.);
#3284=EDGE_CURVE('',#3764,#3788,#314,.T.);
#3285=EDGE_CURVE('',#3783,#3797,#4056,.T.);
#3286=EDGE_CURVE('',#3760,#3787,#315,.T.);
#3287=EDGE_CURVE('',#3784,#3794,#4057,.T.);
#3288=EDGE_CURVE('',#3809,#3786,#316,.T.);
#3289=EDGE_CURVE('',#3785,#3793,#317,.F.);
#3290=EDGE_CURVE('',#3813,#3814,#662,.T.);
#3291=EDGE_CURVE('',#3815,#3813,#663,.T.);
#3292=EDGE_CURVE('',#3816,#3815,#664,.T.);
#3293=EDGE_CURVE('',#3817,#3816,#665,.T.);
#3294=EDGE_CURVE('',#3818,#3817,#666,.T.);
#3295=EDGE_CURVE('',#3814,#3818,#667,.T.);
#3296=EDGE_CURVE('',#3819,#3820,#668,.T.);
#3297=EDGE_CURVE('',#3821,#3819,#669,.T.);
#3298=EDGE_CURVE('',#3822,#3821,#670,.T.);
#3299=EDGE_CURVE('',#3823,#3822,#671,.T.);
#3300=EDGE_CURVE('',#3824,#3823,#672,.T.);
#3301=EDGE_CURVE('',#3820,#3824,#673,.T.);
#3302=EDGE_CURVE('',#3825,#3820,#674,.T.);
#3303=EDGE_CURVE('',#3826,#3825,#675,.T.);
#3304=EDGE_CURVE('',#3826,#3819,#676,.T.);
#3305=EDGE_CURVE('',#3827,#3824,#677,.T.);
#3306=EDGE_CURVE('',#3825,#3827,#678,.T.);
#3307=EDGE_CURVE('',#3828,#3823,#679,.T.);
#3308=EDGE_CURVE('',#3827,#3828,#680,.T.);
#3309=EDGE_CURVE('',#3829,#3822,#681,.T.);
#3310=EDGE_CURVE('',#3828,#3829,#682,.T.);
#3311=EDGE_CURVE('',#3830,#3821,#683,.T.);
#3312=EDGE_CURVE('',#3829,#3830,#684,.T.);
#3313=EDGE_CURVE('',#3830,#3826,#685,.T.);
#3314=EDGE_CURVE('',#3831,#3814,#686,.T.);
#3315=EDGE_CURVE('',#3832,#3831,#687,.T.);
#3316=EDGE_CURVE('',#3832,#3813,#688,.T.);
#3317=EDGE_CURVE('',#3833,#3818,#689,.T.);
#3318=EDGE_CURVE('',#3831,#3833,#690,.T.);
#3319=EDGE_CURVE('',#3834,#3817,#691,.T.);
#3320=EDGE_CURVE('',#3833,#3834,#692,.T.);
#3321=EDGE_CURVE('',#3835,#3816,#693,.T.);
#3322=EDGE_CURVE('',#3834,#3835,#694,.T.);
#3323=EDGE_CURVE('',#3836,#3815,#695,.T.);
#3324=EDGE_CURVE('',#3835,#3836,#696,.T.);
#3325=EDGE_CURVE('',#3836,#3832,#697,.T.);
#3326=EDGE_CURVE('',#3837,#3838,#4058,.T.);
#3327=EDGE_CURVE('',#3838,#3839,#4059,.F.);
#3328=EDGE_CURVE('',#3839,#3840,#4060,.T.);
#3329=EDGE_CURVE('',#3840,#3841,#318,.T.);
#3330=EDGE_CURVE('',#3841,#3837,#4061,.T.);
#3331=EDGE_CURVE('',#3842,#3843,#698,.T.);
#3332=EDGE_CURVE('',#3844,#3842,#699,.T.);
#3333=EDGE_CURVE('',#3845,#3844,#700,.T.);
#3334=EDGE_CURVE('',#3846,#3845,#701,.T.);
#3335=EDGE_CURVE('',#3847,#3846,#702,.T.);
#3336=EDGE_CURVE('',#3843,#3847,#703,.T.);
#3337=EDGE_CURVE('',#3848,#3849,#704,.T.);
#3338=EDGE_CURVE('',#3850,#3848,#705,.T.);
#3339=EDGE_CURVE('',#3851,#3850,#706,.T.);
#3340=EDGE_CURVE('',#3852,#3851,#707,.T.);
#3341=EDGE_CURVE('',#3853,#3852,#708,.T.);
#3342=EDGE_CURVE('',#3849,#3853,#709,.T.);
#3343=EDGE_CURVE('',#3854,#3855,#4062,.T.);
#3344=EDGE_CURVE('',#3854,#3856,#4063,.T.);
#3345=EDGE_CURVE('',#3856,#3857,#710,.T.);
#3346=EDGE_CURVE('',#3857,#3858,#4064,.T.);
#3347=EDGE_CURVE('',#3858,#3859,#4065,.T.);
#3348=EDGE_CURVE('',#3859,#3860,#711,.T.);
#3349=EDGE_CURVE('',#3860,#3861,#4066,.T.);
#3350=EDGE_CURVE('',#3862,#3861,#712,.T.);
#3351=EDGE_CURVE('',#3862,#3855,#4067,.T.);
#3352=EDGE_CURVE('',#3863,#3854,#713,.T.);
#3353=EDGE_CURVE('',#3863,#3864,#4068,.T.);
#3354=EDGE_CURVE('',#3864,#3856,#714,.T.);
#3355=EDGE_CURVE('',#3865,#3857,#715,.T.);
#3356=EDGE_CURVE('',#3865,#3866,#4069,.T.);
#3357=EDGE_CURVE('',#3866,#3858,#716,.T.);
#3358=EDGE_CURVE('',#3866,#3867,#319,.T.);
#3359=EDGE_CURVE('',#3867,#3859,#717,.T.);
#3360=EDGE_CURVE('',#3868,#3860,#718,.T.);
#3361=EDGE_CURVE('',#3868,#3869,#4070,.T.);
#3362=EDGE_CURVE('',#3869,#3861,#719,.T.);
#3363=EDGE_CURVE('',#3870,#3862,#720,.T.);
#3364=EDGE_CURVE('',#3870,#3871,#4071,.T.);
#3365=EDGE_CURVE('',#3871,#3855,#721,.T.);
#3366=EDGE_CURVE('',#3871,#3863,#4072,.F.);
#3367=EDGE_CURVE('',#3864,#3872,#320,.T.);
#3368=EDGE_CURVE('',#3872,#3865,#4073,.T.);
#3369=EDGE_CURVE('',#3867,#3873,#4074,.T.);
#3370=EDGE_CURVE('',#3873,#3868,#321,.T.);
#3371=EDGE_CURVE('',#3869,#3874,#4075,.F.);
#3372=EDGE_CURVE('',#3874,#3870,#322,.T.);
#3373=EDGE_CURVE('',#3873,#3839,#323,.T.);
#3374=EDGE_CURVE('',#3840,#3867,#4076,.T.);
#3375=EDGE_CURVE('',#3841,#3866,#4077,.T.);
#3376=EDGE_CURVE('',#3873,#3875,#4078,.F.);
#3377=EDGE_CURVE('',#3875,#3839,#324,.T.);
#3378=EDGE_CURVE('',#3869,#3875,#325,.T.);
#3379=EDGE_CURVE('',#3841,#3865,#4079,.T.);
#3380=EDGE_CURVE('',#3874,#3838,#326,.T.);
#3381=EDGE_CURVE('',#3837,#3872,#327,.F.);
#3382=EDGE_CURVE('',#3874,#3876,#4080,.F.);
#3383=EDGE_CURVE('',#3876,#3838,#328,.T.);
#3384=EDGE_CURVE('',#3871,#3876,#329,.T.);
#3385=EDGE_CURVE('',#3872,#3877,#4081,.T.);
#3386=EDGE_CURVE('',#3877,#3863,#330,.T.);
#3387=EDGE_CURVE('',#3837,#3877,#331,.F.);
#3388=EDGE_CURVE('',#3878,#3849,#722,.T.);
#3389=EDGE_CURVE('',#3879,#3878,#723,.T.);
#3390=EDGE_CURVE('',#3879,#3848,#724,.T.);
#3391=EDGE_CURVE('',#3880,#3853,#725,.T.);
#3392=EDGE_CURVE('',#3878,#3880,#726,.T.);
#3393=EDGE_CURVE('',#3881,#3852,#727,.T.);
#3394=EDGE_CURVE('',#3880,#3881,#728,.T.);
#3395=EDGE_CURVE('',#3882,#3851,#729,.T.);
#3396=EDGE_CURVE('',#3881,#3882,#730,.T.);
#3397=EDGE_CURVE('',#3883,#3850,#731,.T.);
#3398=EDGE_CURVE('',#3882,#3883,#732,.T.);
#3399=EDGE_CURVE('',#3883,#3879,#733,.T.);
#3400=EDGE_CURVE('',#3884,#3843,#734,.T.);
#3401=EDGE_CURVE('',#3885,#3884,#735,.T.);
#3402=EDGE_CURVE('',#3885,#3842,#736,.T.);
#3403=EDGE_CURVE('',#3886,#3847,#737,.T.);
#3404=EDGE_CURVE('',#3884,#3886,#738,.T.);
#3405=EDGE_CURVE('',#3887,#3846,#739,.T.);
#3406=EDGE_CURVE('',#3886,#3887,#740,.T.);
#3407=EDGE_CURVE('',#3888,#3845,#741,.T.);
#3408=EDGE_CURVE('',#3887,#3888,#742,.T.);
#3409=EDGE_CURVE('',#3889,#3844,#743,.T.);
#3410=EDGE_CURVE('',#3888,#3889,#744,.T.);
#3411=EDGE_CURVE('',#3889,#3885,#745,.T.);
#3412=VERTEX_POINT('',#7040);
#3413=VERTEX_POINT('',#7041);
#3414=VERTEX_POINT('',#7043);
#3415=VERTEX_POINT('',#7045);
#3416=VERTEX_POINT('',#7047);
#3417=VERTEX_POINT('',#7049);
#3418=VERTEX_POINT('',#7051);
#3419=VERTEX_POINT('',#7053);
#3420=VERTEX_POINT('',#7055);
#3421=VERTEX_POINT('',#7058);
#3422=VERTEX_POINT('',#7059);
#3423=VERTEX_POINT('',#7061);
#3424=VERTEX_POINT('',#7063);
#3425=VERTEX_POINT('',#7065);
#3426=VERTEX_POINT('',#7067);
#3427=VERTEX_POINT('',#7070);
#3428=VERTEX_POINT('',#7071);
#3429=VERTEX_POINT('',#7073);
#3430=VERTEX_POINT('',#7075);
#3431=VERTEX_POINT('',#7077);
#3432=VERTEX_POINT('',#7079);
#3433=VERTEX_POINT('',#7083);
#3434=VERTEX_POINT('',#7084);
#3435=VERTEX_POINT('',#7086);
#3436=VERTEX_POINT('',#7088);
#3437=VERTEX_POINT('',#7090);
#3438=VERTEX_POINT('',#7098);
#3439=VERTEX_POINT('',#7100);
#3440=VERTEX_POINT('',#7104);
#3441=VERTEX_POINT('',#7111);
#3442=VERTEX_POINT('',#7113);
#3443=VERTEX_POINT('',#7117);
#3444=VERTEX_POINT('',#7124);
#3445=VERTEX_POINT('',#7126);
#3446=VERTEX_POINT('',#7135);
#3447=VERTEX_POINT('',#7139);
#3448=VERTEX_POINT('',#7143);
#3449=VERTEX_POINT('',#7148);
#3450=VERTEX_POINT('',#7191);
#3451=VERTEX_POINT('',#7250);
#3452=VERTEX_POINT('',#7309);
#3453=VERTEX_POINT('',#7335);
#3454=VERTEX_POINT('',#7337);
#3455=VERTEX_POINT('',#7341);
#3456=VERTEX_POINT('',#7345);
#3457=VERTEX_POINT('',#7349);
#3458=VERTEX_POINT('',#7353);
#3459=VERTEX_POINT('',#7360);
#3460=VERTEX_POINT('',#7362);
#3461=VERTEX_POINT('',#7366);
#3462=VERTEX_POINT('',#7370);
#3463=VERTEX_POINT('',#7374);
#3464=VERTEX_POINT('',#7378);
#3465=VERTEX_POINT('',#7386);
#3466=VERTEX_POINT('',#7387);
#3467=VERTEX_POINT('',#7389);
#3468=VERTEX_POINT('',#7391);
#3469=VERTEX_POINT('',#7393);
#3470=VERTEX_POINT('',#7395);
#3471=VERTEX_POINT('',#7397);
#3472=VERTEX_POINT('',#7399);
#3473=VERTEX_POINT('',#7402);
#3474=VERTEX_POINT('',#7403);
#3475=VERTEX_POINT('',#7405);
#3476=VERTEX_POINT('',#7407);
#3477=VERTEX_POINT('',#7409);
#3478=VERTEX_POINT('',#7411);
#3479=VERTEX_POINT('',#7414);
#3480=VERTEX_POINT('',#7415);
#3481=VERTEX_POINT('',#7417);
#3482=VERTEX_POINT('',#7419);
#3483=VERTEX_POINT('',#7421);
#3484=VERTEX_POINT('',#7423);
#3485=VERTEX_POINT('',#7431);
#3486=VERTEX_POINT('',#7432);
#3487=VERTEX_POINT('',#7434);
#3488=VERTEX_POINT('',#7439);
#3489=VERTEX_POINT('',#7441);
#3490=VERTEX_POINT('',#7446);
#3491=VERTEX_POINT('',#7448);
#3492=VERTEX_POINT('',#7453);
#3493=VERTEX_POINT('',#7457);
#3494=VERTEX_POINT('',#7459);
#3495=VERTEX_POINT('',#7467);
#3496=VERTEX_POINT('',#7471);
#3497=VERTEX_POINT('',#7479);
#3498=VERTEX_POINT('',#7481);
#3499=VERTEX_POINT('',#7488);
#3500=VERTEX_POINT('',#7490);
#3501=VERTEX_POINT('',#7495);
#3502=VERTEX_POINT('',#7510);
#3503=VERTEX_POINT('',#7593);
#3504=VERTEX_POINT('',#7595);
#3505=VERTEX_POINT('',#7599);
#3506=VERTEX_POINT('',#7603);
#3507=VERTEX_POINT('',#7607);
#3508=VERTEX_POINT('',#7611);
#3509=VERTEX_POINT('',#7618);
#3510=VERTEX_POINT('',#7620);
#3511=VERTEX_POINT('',#7624);
#3512=VERTEX_POINT('',#7628);
#3513=VERTEX_POINT('',#7632);
#3514=VERTEX_POINT('',#7636);
#3515=VERTEX_POINT('',#7647);
#3516=VERTEX_POINT('',#7648);
#3517=VERTEX_POINT('',#7650);
#3518=VERTEX_POINT('',#7656);
#3519=VERTEX_POINT('',#7658);
#3520=VERTEX_POINT('',#7663);
#3521=VERTEX_POINT('',#7665);
#3522=VERTEX_POINT('',#7670);
#3523=VERTEX_POINT('',#7674);
#3524=VERTEX_POINT('',#7675);
#3525=VERTEX_POINT('',#7677);
#3526=VERTEX_POINT('',#7683);
#3527=VERTEX_POINT('',#7687);
#3528=VERTEX_POINT('',#7688);
#3529=VERTEX_POINT('',#7693);
#3530=VERTEX_POINT('',#7699);
#3531=VERTEX_POINT('',#7703);
#3532=VERTEX_POINT('',#7704);
#3533=VERTEX_POINT('',#7706);
#3534=VERTEX_POINT('',#7712);
#3535=VERTEX_POINT('',#7717);
#3536=VERTEX_POINT('',#7721);
#3537=VERTEX_POINT('',#7722);
#3538=VERTEX_POINT('',#7724);
#3539=VERTEX_POINT('',#7729);
#3540=VERTEX_POINT('',#7740);
#3541=VERTEX_POINT('',#7826);
#3542=VERTEX_POINT('',#7827);
#3543=VERTEX_POINT('',#7829);
#3544=VERTEX_POINT('',#7831);
#3545=VERTEX_POINT('',#7833);
#3546=VERTEX_POINT('',#7835);
#3547=VERTEX_POINT('',#7838);
#3548=VERTEX_POINT('',#7839);
#3549=VERTEX_POINT('',#7841);
#3550=VERTEX_POINT('',#7843);
#3551=VERTEX_POINT('',#7845);
#3552=VERTEX_POINT('',#7847);
#3553=VERTEX_POINT('',#7851);
#3554=VERTEX_POINT('',#7853);
#3555=VERTEX_POINT('',#7857);
#3556=VERTEX_POINT('',#7861);
#3557=VERTEX_POINT('',#7865);
#3558=VERTEX_POINT('',#7869);
#3559=VERTEX_POINT('',#7876);
#3560=VERTEX_POINT('',#7878);
#3561=VERTEX_POINT('',#7882);
#3562=VERTEX_POINT('',#7886);
#3563=VERTEX_POINT('',#7890);
#3564=VERTEX_POINT('',#7894);
#3565=VERTEX_POINT('',#7908);
#3566=VERTEX_POINT('',#7909);
#3567=VERTEX_POINT('',#7914);
#3568=VERTEX_POINT('',#7916);
#3569=VERTEX_POINT('',#7918);
#3570=VERTEX_POINT('',#7920);
#3571=VERTEX_POINT('',#7922);
#3572=VERTEX_POINT('',#7924);
#3573=VERTEX_POINT('',#7926);
#3574=VERTEX_POINT('',#7928);
#3575=VERTEX_POINT('',#7930);
#3576=VERTEX_POINT('',#7933);
#3577=VERTEX_POINT('',#7934);
#3578=VERTEX_POINT('',#7936);
#3579=VERTEX_POINT('',#7938);
#3580=VERTEX_POINT('',#7940);
#3581=VERTEX_POINT('',#7942);
#3582=VERTEX_POINT('',#7945);
#3583=VERTEX_POINT('',#7946);
#3584=VERTEX_POINT('',#7948);
#3585=VERTEX_POINT('',#7950);
#3586=VERTEX_POINT('',#7952);
#3587=VERTEX_POINT('',#7954);
#3588=VERTEX_POINT('',#7958);
#3589=VERTEX_POINT('',#7959);
#3590=VERTEX_POINT('',#7961);
#3591=VERTEX_POINT('',#7963);
#3592=VERTEX_POINT('',#7965);
#3593=VERTEX_POINT('',#7973);
#3594=VERTEX_POINT('',#7980);
#3595=VERTEX_POINT('',#7985);
#3596=VERTEX_POINT('',#7994);
#3597=VERTEX_POINT('',#7996);
#3598=VERTEX_POINT('',#8000);
#3599=VERTEX_POINT('',#8002);
#3600=VERTEX_POINT('',#8006);
#3601=VERTEX_POINT('',#8010);
#3602=VERTEX_POINT('',#8017);
#3603=VERTEX_POINT('',#8021);
#3604=VERTEX_POINT('',#8028);
#3605=VERTEX_POINT('',#8046);
#3606=VERTEX_POINT('',#8115);
#3607=VERTEX_POINT('',#8164);
#3608=VERTEX_POINT('',#8225);
#3609=VERTEX_POINT('',#8227);
#3610=VERTEX_POINT('',#8231);
#3611=VERTEX_POINT('',#8235);
#3612=VERTEX_POINT('',#8239);
#3613=VERTEX_POINT('',#8243);
#3614=VERTEX_POINT('',#8250);
#3615=VERTEX_POINT('',#8252);
#3616=VERTEX_POINT('',#8256);
#3617=VERTEX_POINT('',#8260);
#3618=VERTEX_POINT('',#8264);
#3619=VERTEX_POINT('',#8268);
#3620=VERTEX_POINT('',#8276);
#3621=VERTEX_POINT('',#8277);
#3622=VERTEX_POINT('',#8279);
#3623=VERTEX_POINT('',#8281);
#3624=VERTEX_POINT('',#8283);
#3625=VERTEX_POINT('',#8285);
#3626=VERTEX_POINT('',#8287);
#3627=VERTEX_POINT('',#8289);
#3628=VERTEX_POINT('',#8291);
#3629=VERTEX_POINT('',#8293);
#3630=VERTEX_POINT('',#8295);
#3631=VERTEX_POINT('',#8297);
#3632=VERTEX_POINT('',#8299);
#3633=VERTEX_POINT('',#8301);
#3634=VERTEX_POINT('',#8303);
#3635=VERTEX_POINT('',#8305);
#3636=VERTEX_POINT('',#8308);
#3637=VERTEX_POINT('',#8309);
#3638=VERTEX_POINT('',#8311);
#3639=VERTEX_POINT('',#8313);
#3640=VERTEX_POINT('',#8315);
#3641=VERTEX_POINT('',#8317);
#3642=VERTEX_POINT('',#8320);
#3643=VERTEX_POINT('',#8321);
#3644=VERTEX_POINT('',#8323);
#3645=VERTEX_POINT('',#8325);
#3646=VERTEX_POINT('',#8327);
#3647=VERTEX_POINT('',#8329);
#3648=VERTEX_POINT('',#8333);
#3649=VERTEX_POINT('',#8338);
#3650=VERTEX_POINT('',#8340);
#3651=VERTEX_POINT('',#8347);
#3652=VERTEX_POINT('',#8352);
#3653=VERTEX_POINT('',#8357);
#3654=VERTEX_POINT('',#8361);
#3655=VERTEX_POINT('',#8368);
#3656=VERTEX_POINT('',#8370);
#3657=VERTEX_POINT('',#8375);
#3658=VERTEX_POINT('',#8382);
#3659=VERTEX_POINT('',#8390);
#3660=VERTEX_POINT('',#8391);
#3661=VERTEX_POINT('',#8396);
#3662=VERTEX_POINT('',#8398);
#3663=VERTEX_POINT('',#8400);
#3664=VERTEX_POINT('',#8405);
#3665=VERTEX_POINT('',#8407);
#3666=VERTEX_POINT('',#8412);
#3667=VERTEX_POINT('',#8414);
#3668=VERTEX_POINT('',#8422);
#3669=VERTEX_POINT('',#8424);
#3670=VERTEX_POINT('',#8429);
#3671=VERTEX_POINT('',#8431);
#3672=VERTEX_POINT('',#8436);
#3673=VERTEX_POINT('',#8442);
#3674=VERTEX_POINT('',#8447);
#3675=VERTEX_POINT('',#8454);
#3676=VERTEX_POINT('',#8456);
#3677=VERTEX_POINT('',#8464);
#3678=VERTEX_POINT('',#8466);
#3679=VERTEX_POINT('',#8476);
#3680=VERTEX_POINT('',#8483);
#3681=VERTEX_POINT('',#8487);
#3682=VERTEX_POINT('',#8489);
#3683=VERTEX_POINT('',#8496);
#3684=VERTEX_POINT('',#8498);
#3685=VERTEX_POINT('',#8506);
#3686=VERTEX_POINT('',#8513);
#3687=VERTEX_POINT('',#8515);
#3688=VERTEX_POINT('',#8525);
#3689=VERTEX_POINT('',#8717);
#3690=VERTEX_POINT('',#8719);
#3691=VERTEX_POINT('',#8723);
#3692=VERTEX_POINT('',#8727);
#3693=VERTEX_POINT('',#8731);
#3694=VERTEX_POINT('',#8735);
#3695=VERTEX_POINT('',#8742);
#3696=VERTEX_POINT('',#8744);
#3697=VERTEX_POINT('',#8748);
#3698=VERTEX_POINT('',#8752);
#3699=VERTEX_POINT('',#8756);
#3700=VERTEX_POINT('',#8760);
#3701=VERTEX_POINT('',#8768);
#3702=VERTEX_POINT('',#8769);
#3703=VERTEX_POINT('',#8771);
#3704=VERTEX_POINT('',#8773);
#3705=VERTEX_POINT('',#8778);
#3706=VERTEX_POINT('',#8786);
#3707=VERTEX_POINT('',#8790);
#3708=VERTEX_POINT('',#8791);
#3709=VERTEX_POINT('',#8793);
#3710=VERTEX_POINT('',#8795);
#3711=VERTEX_POINT('',#8799);
#3712=VERTEX_POINT('',#8800);
#3713=VERTEX_POINT('',#8805);
#3714=VERTEX_POINT('',#8807);
#3715=VERTEX_POINT('',#8811);
#3716=VERTEX_POINT('',#8812);
#3717=VERTEX_POINT('',#8814);
#3718=VERTEX_POINT('',#8816);
#3719=VERTEX_POINT('',#8818);
#3720=VERTEX_POINT('',#8820);
#3721=VERTEX_POINT('',#8823);
#3722=VERTEX_POINT('',#8824);
#3723=VERTEX_POINT('',#8826);
#3724=VERTEX_POINT('',#8828);
#3725=VERTEX_POINT('',#8830);
#3726=VERTEX_POINT('',#8832);
#3727=VERTEX_POINT('',#8835);
#3728=VERTEX_POINT('',#8836);
#3729=VERTEX_POINT('',#8841);
#3730=VERTEX_POINT('',#8849);
#3731=VERTEX_POINT('',#8851);
#3732=VERTEX_POINT('',#8853);
#3733=VERTEX_POINT('',#8856);
#3734=VERTEX_POINT('',#8863);
#3735=VERTEX_POINT('',#8865);
#3736=VERTEX_POINT('',#8869);
#3737=VERTEX_POINT('',#8876);
#3738=VERTEX_POINT('',#8883);
#3739=VERTEX_POINT('',#8890);
#3740=VERTEX_POINT('',#8894);
#3741=VERTEX_POINT('',#8912);
#3742=VERTEX_POINT('',#8969);
#3743=VERTEX_POINT('',#9041);
#3744=VERTEX_POINT('',#9091);
#3745=VERTEX_POINT('',#9093);
#3746=VERTEX_POINT('',#9097);
#3747=VERTEX_POINT('',#9101);
#3748=VERTEX_POINT('',#9105);
#3749=VERTEX_POINT('',#9109);
#3750=VERTEX_POINT('',#9116);
#3751=VERTEX_POINT('',#9118);
#3752=VERTEX_POINT('',#9122);
#3753=VERTEX_POINT('',#9126);
#3754=VERTEX_POINT('',#9130);
#3755=VERTEX_POINT('',#9134);
#3756=VERTEX_POINT('',#9142);
#3757=VERTEX_POINT('',#9143);
#3758=VERTEX_POINT('',#9145);
#3759=VERTEX_POINT('',#9147);
#3760=VERTEX_POINT('',#9149);
#3761=VERTEX_POINT('',#9156);
#3762=VERTEX_POINT('',#9158);
#3763=VERTEX_POINT('',#9163);
#3764=VERTEX_POINT('',#9168);
#3765=VERTEX_POINT('',#9175);
#3766=VERTEX_POINT('',#9176);
#3767=VERTEX_POINT('',#9178);
#3768=VERTEX_POINT('',#9184);
#3769=VERTEX_POINT('',#9188);
#3770=VERTEX_POINT('',#9190);
#3771=VERTEX_POINT('',#9195);
#3772=VERTEX_POINT('',#9202);
#3773=VERTEX_POINT('',#9203);
#3774=VERTEX_POINT('',#9211);
#3775=VERTEX_POINT('',#9212);
#3776=VERTEX_POINT('',#9217);
#3777=VERTEX_POINT('',#9219);
#3778=VERTEX_POINT('',#9224);
#3779=VERTEX_POINT('',#9229);
#3780=VERTEX_POINT('',#9235);
#3781=VERTEX_POINT('',#9240);
#3782=VERTEX_POINT('',#9242);
#3783=VERTEX_POINT('',#9247);
#3784=VERTEX_POINT('',#9249);
#3785=VERTEX_POINT('',#9257);
#3786=VERTEX_POINT('',#9259);
#3787=VERTEX_POINT('',#9264);
#3788=VERTEX_POINT('',#9266);
#3789=VERTEX_POINT('',#9271);
#3790=VERTEX_POINT('',#9275);
#3791=VERTEX_POINT('',#9276);
#3792=VERTEX_POINT('',#9278);
#3793=VERTEX_POINT('',#9283);
#3794=VERTEX_POINT('',#9291);
#3795=VERTEX_POINT('',#9295);
#3796=VERTEX_POINT('',#9296);
#3797=VERTEX_POINT('',#9298);
#3798=VERTEX_POINT('',#9303);
#3799=VERTEX_POINT('',#9305);
#3800=VERTEX_POINT('',#9312);
#3801=VERTEX_POINT('',#9313);
#3802=VERTEX_POINT('',#9319);
#3803=VERTEX_POINT('',#9326);
#3804=VERTEX_POINT('',#9331);
#3805=VERTEX_POINT('',#9335);
#3806=VERTEX_POINT('',#9336);
#3807=VERTEX_POINT('',#9338);
#3808=VERTEX_POINT('',#9344);
#3809=VERTEX_POINT('',#9352);
#3810=VERTEX_POINT('',#9362);
#3811=VERTEX_POINT('',#9364);
#3812=VERTEX_POINT('',#9369);
#3813=VERTEX_POINT('',#9558);
#3814=VERTEX_POINT('',#9559);
#3815=VERTEX_POINT('',#9561);
#3816=VERTEX_POINT('',#9563);
#3817=VERTEX_POINT('',#9565);
#3818=VERTEX_POINT('',#9567);
#3819=VERTEX_POINT('',#9570);
#3820=VERTEX_POINT('',#9571);
#3821=VERTEX_POINT('',#9573);
#3822=VERTEX_POINT('',#9575);
#3823=VERTEX_POINT('',#9577);
#3824=VERTEX_POINT('',#9579);
#3825=VERTEX_POINT('',#9583);
#3826=VERTEX_POINT('',#9585);
#3827=VERTEX_POINT('',#9589);
#3828=VERTEX_POINT('',#9593);
#3829=VERTEX_POINT('',#9597);
#3830=VERTEX_POINT('',#9601);
#3831=VERTEX_POINT('',#9608);
#3832=VERTEX_POINT('',#9610);
#3833=VERTEX_POINT('',#9614);
#3834=VERTEX_POINT('',#9618);
#3835=VERTEX_POINT('',#9622);
#3836=VERTEX_POINT('',#9626);
#3837=VERTEX_POINT('',#9634);
#3838=VERTEX_POINT('',#9635);
#3839=VERTEX_POINT('',#9637);
#3840=VERTEX_POINT('',#9639);
#3841=VERTEX_POINT('',#9645);
#3842=VERTEX_POINT('',#9649);
#3843=VERTEX_POINT('',#9650);
#3844=VERTEX_POINT('',#9652);
#3845=VERTEX_POINT('',#9654);
#3846=VERTEX_POINT('',#9656);
#3847=VERTEX_POINT('',#9658);
#3848=VERTEX_POINT('',#9661);
#3849=VERTEX_POINT('',#9662);
#3850=VERTEX_POINT('',#9664);
#3851=VERTEX_POINT('',#9666);
#3852=VERTEX_POINT('',#9668);
#3853=VERTEX_POINT('',#9670);
#3854=VERTEX_POINT('',#9673);
#3855=VERTEX_POINT('',#9674);
#3856=VERTEX_POINT('',#9676);
#3857=VERTEX_POINT('',#9678);
#3858=VERTEX_POINT('',#9680);
#3859=VERTEX_POINT('',#9682);
#3860=VERTEX_POINT('',#9684);
#3861=VERTEX_POINT('',#9686);
#3862=VERTEX_POINT('',#9688);
#3863=VERTEX_POINT('',#9692);
#3864=VERTEX_POINT('',#9694);
#3865=VERTEX_POINT('',#9698);
#3866=VERTEX_POINT('',#9700);
#3867=VERTEX_POINT('',#9709);
#3868=VERTEX_POINT('',#9713);
#3869=VERTEX_POINT('',#9715);
#3870=VERTEX_POINT('',#9719);
#3871=VERTEX_POINT('',#9721);
#3872=VERTEX_POINT('',#9730);
#3873=VERTEX_POINT('',#9734);
#3874=VERTEX_POINT('',#9741);
#3875=VERTEX_POINT('',#9794);
#3876=VERTEX_POINT('',#9853);
#3877=VERTEX_POINT('',#9888);
#3878=VERTEX_POINT('',#9929);
#3879=VERTEX_POINT('',#9931);
#3880=VERTEX_POINT('',#9935);
#3881=VERTEX_POINT('',#9939);
#3882=VERTEX_POINT('',#9943);
#3883=VERTEX_POINT('',#9947);
#3884=VERTEX_POINT('',#9954);
#3885=VERTEX_POINT('',#9956);
#3886=VERTEX_POINT('',#9960);
#3887=VERTEX_POINT('',#9964);
#3888=VERTEX_POINT('',#9968);
#3889=VERTEX_POINT('',#9972);
#3890=CIRCLE('',#5279,0.0292017452255507);
#3891=CIRCLE('',#5280,0.00115);
#3892=CIRCLE('',#5281,0.00115);
#3893=CIRCLE('',#5282,0.0113);
#3894=CIRCLE('',#5283,0.003);
#3895=CIRCLE('',#5284,0.00115);
#3896=CIRCLE('',#5286,0.206412231836672);
#3897=CIRCLE('',#5287,0.209921113682046);
#3898=CIRCLE('',#5288,0.0326684371853413);
#3899=CIRCLE('',#5289,0.20999938911775);
#3900=CIRCLE('',#5291,0.00115);
#3901=CIRCLE('',#5293,0.0292017452255507);
#3902=CIRCLE('',#5295,0.206922240629445);
#3903=CIRCLE('',#5297,0.00115);
#3904=CIRCLE('',#5299,0.203463485667576);
#3905=CIRCLE('',#5302,0.003);
#3906=CIRCLE('',#5304,0.20699939784464);
#3907=CIRCLE('',#5306,0.00115);
#3908=CIRCLE('',#5308,0.003);
#3909=CIRCLE('',#5309,0.003);
#3910=CIRCLE('',#5310,0.00115);
#3911=CIRCLE('',#5312,0.003);
#3912=CIRCLE('',#5315,0.00115);
#3913=CIRCLE('',#5316,0.00115);
#3914=CIRCLE('',#5334,0.003);
#3915=CIRCLE('',#5335,0.00115);
#3916=CIRCLE('',#5336,0.0292017452255507);
#3917=CIRCLE('',#5337,0.00115);
#3918=CIRCLE('',#5338,0.00114999999999998);
#3919=CIRCLE('',#5340,0.204867100220504);
#3920=CIRCLE('',#5341,0.209980474298866);
#3921=CIRCLE('',#5342,0.0303462511835677);
#3922=CIRCLE('',#5343,0.209722083644827);
#3923=CIRCLE('',#5346,0.0292017452255507);
#3924=CIRCLE('',#5351,0.208723407056042);
#3925=CIRCLE('',#5353,0.208980567278396);
#3926=CIRCLE('',#5355,0.203891542600407);
#3927=CIRCLE('',#5357,0.001);
#3928=CIRCLE('',#5358,0.001);
#3929=CIRCLE('',#5359,0.001);
#3930=CIRCLE('',#5360,0.001);
#3931=CIRCLE('',#5362,0.001);
#3932=CIRCLE('',#5364,0.001);
#3933=CIRCLE('',#5382,0.204867100220504);
#3934=CIRCLE('',#5383,0.209722083644827);
#3935=CIRCLE('',#5384,0.0303462511835677);
#3936=CIRCLE('',#5385,0.209980474298866);
#3937=CIRCLE('',#5387,0.00115);
#3938=CIRCLE('',#5389,0.0292017452255507);
#3939=CIRCLE('',#5390,0.0292017452255507);
#3940=CIRCLE('',#5392,0.00115);
#3941=CIRCLE('',#5394,0.003);
#3942=CIRCLE('',#5396,0.00114999999999998);
#3943=CIRCLE('',#5398,0.208980567278396);
#3944=CIRCLE('',#5400,0.208723407056042);
#3945=CIRCLE('',#5402,0.203891542600407);
#3946=CIRCLE('',#5404,0.001);
#3947=CIRCLE('',#5405,0.001);
#3948=CIRCLE('',#5406,0.001);
#3949=CIRCLE('',#5407,0.001);
#3950=CIRCLE('',#5409,0.001);
#3951=CIRCLE('',#5411,0.001);
#3952=CIRCLE('',#5430,0.00115);
#3953=CIRCLE('',#5431,0.00115);
#3954=CIRCLE('',#5432,0.0292017452255507);
#3955=CIRCLE('',#5433,0.00115);
#3956=CIRCLE('',#5434,0.0035);
#3957=CIRCLE('',#5435,0.0063);
#3958=CIRCLE('',#5437,0.209222248195775);
#3959=CIRCLE('',#5438,0.0326684371853413);
#3960=CIRCLE('',#5439,0.209972057680248);
#3961=CIRCLE('',#5440,0.206412231836672);
#3962=CIRCLE('',#5444,0.00115);
#3963=CIRCLE('',#5446,0.00115);
#3964=CIRCLE('',#5448,0.0292017452255507);
#3965=CIRCLE('',#5450,0.00115);
#3966=CIRCLE('',#5452,0.206233358935835);
#3967=CIRCLE('',#5454,0.203463485667576);
#3968=CIRCLE('',#5456,0.206972456856245);
#3969=CIRCLE('',#5457,0.00115);
#3970=CIRCLE('',#5460,0.003);
#3971=CIRCLE('',#5461,0.00115);
#3972=CIRCLE('',#5462,0.003);
#3973=CIRCLE('',#5464,0.00115);
#3974=CIRCLE('',#5465,0.003);
#3975=CIRCLE('',#5483,0.00300000000000007);
#3976=CIRCLE('',#5484,0.00115);
#3977=CIRCLE('',#5485,0.00115);
#3978=CIRCLE('',#5486,0.0002);
#3979=CIRCLE('',#5487,0.0292017452255507);
#3980=CIRCLE('',#5488,0.0002);
#3981=CIRCLE('',#5489,0.0292017452255507);
#3982=CIRCLE('',#5490,0.00115);
#3983=CIRCLE('',#5491,0.004);
#3984=CIRCLE('',#5492,0.003);
#3985=CIRCLE('',#5494,0.205469691014547);
#3986=CIRCLE('',#5500,0.209980474298866);
#3987=CIRCLE('',#5501,0.2064437916623);
#3988=CIRCLE('',#5502,0.206441621308526);
#3989=CIRCLE('',#5503,0.206452799583994);
#3990=CIRCLE('',#5504,0.206441621308526);
#3991=CIRCLE('',#5505,0.2098629588987);
#3992=CIRCLE('',#5506,0.0303462511835677);
#3993=CIRCLE('',#5511,0.0292017452255507);
#3994=CIRCLE('',#5515,0.205458565968962);
#3995=CIRCLE('',#5517,0.205460725987718);
#3996=CIRCLE('',#5519,0.208980567278396);
#3997=CIRCLE('',#5521,0.208863611475373);
#3998=CIRCLE('',#5523,0.205458565968962);
#3999=CIRCLE('',#5524,0.001);
#4000=CIRCLE('',#5525,0.001);
#4001=CIRCLE('',#5527,0.001);
#4002=CIRCLE('',#5528,0.001);
#4003=CIRCLE('',#5532,0.001);
#4004=CIRCLE('',#5535,0.001);
#4005=CIRCLE('',#5553,0.209972057680248);
#4006=CIRCLE('',#5554,0.0326684371853413);
#4007=CIRCLE('',#5555,0.209222248195775);
#4008=CIRCLE('',#5556,0.206412231836672);
#4009=CIRCLE('',#5558,0.0292017452255507);
#4010=CIRCLE('',#5559,0.0292017452255507);
#4011=CIRCLE('',#5561,0.00115);
#4012=CIRCLE('',#5562,0.00115);
#4013=CIRCLE('',#5564,0.00115);
#4014=CIRCLE('',#5565,0.00115);
#4015=CIRCLE('',#5567,0.0063);
#4016=CIRCLE('',#5568,0.0035);
#4017=CIRCLE('',#5569,0.00115);
#4018=CIRCLE('',#5571,0.206972456856245);
#4019=CIRCLE('',#5573,0.00115);
#4020=CIRCLE('',#5575,0.203463485667576);
#4021=CIRCLE('',#5579,0.206233358935835);
#4022=CIRCLE('',#5580,0.00115);
#4023=CIRCLE('',#5583,0.003);
#4024=CIRCLE('',#5584,0.00115);
#4025=CIRCLE('',#5585,0.003);
#4026=CIRCLE('',#5586,0.00115);
#4027=CIRCLE('',#5588,0.003);
#4028=CIRCLE('',#5606,0.205469691014547);
#4029=CIRCLE('',#5608,0.00300000000000007);
#4030=CIRCLE('',#5610,0.0292017452255507);
#4031=CIRCLE('',#5612,0.0002);
#4032=CIRCLE('',#5614,0.003);
#4033=CIRCLE('',#5616,0.2064437916623);
#4034=CIRCLE('',#5617,0.209980474298866);
#4035=CIRCLE('',#5618,0.0303462511835677);
#4036=CIRCLE('',#5619,0.2098629588987);
#4037=CIRCLE('',#5620,0.206441621308526);
#4038=CIRCLE('',#5621,0.206452799583994);
#4039=CIRCLE('',#5622,0.206441621308526);
#4040=CIRCLE('',#5624,0.004);
#4041=CIRCLE('',#5626,0.00115);
#4042=CIRCLE('',#5628,0.0292017452255507);
#4043=CIRCLE('',#5629,0.0292017452255507);
#4044=CIRCLE('',#5631,0.0002);
#4045=CIRCLE('',#5633,0.00115);
#4046=CIRCLE('',#5635,0.00115);
#4047=CIRCLE('',#5637,0.205458565968962);
#4048=CIRCLE('',#5639,0.208863611475373);
#4049=CIRCLE('',#5641,0.208980567278396);
#4050=CIRCLE('',#5643,0.205460725987718);
#4051=CIRCLE('',#5645,0.205458565968962);
#4052=CIRCLE('',#5646,0.001);
#4053=CIRCLE('',#5647,0.001);
#4054=CIRCLE('',#5649,0.001);
#4055=CIRCLE('',#5650,0.001);
#4056=CIRCLE('',#5654,0.001);
#4057=CIRCLE('',#5657,0.001);
#4058=CIRCLE('',#5676,0.0326684371853413);
#4059=CIRCLE('',#5677,0.209921113682046);
#4060=CIRCLE('',#5678,0.206412231836672);
#4061=CIRCLE('',#5679,0.20999938911775);
#4062=CIRCLE('',#5681,0.0292017452255507);
#4063=CIRCLE('',#5682,0.00115);
#4064=CIRCLE('',#5683,0.003);
#4065=CIRCLE('',#5684,0.0113);
#4066=CIRCLE('',#5685,0.00115);
#4067=CIRCLE('',#5686,0.00115);
#4068=CIRCLE('',#5688,0.00115);
#4069=CIRCLE('',#5690,0.003);
#4070=CIRCLE('',#5693,0.00115);
#4071=CIRCLE('',#5695,0.00115);
#4072=CIRCLE('',#5697,0.0292017452255507);
#4073=CIRCLE('',#5699,0.20699939784464);
#4074=CIRCLE('',#5701,0.203463485667576);
#4075=CIRCLE('',#5703,0.206922240629445);
#4076=CIRCLE('',#5705,0.003);
#4077=CIRCLE('',#5706,0.003);
#4078=CIRCLE('',#5707,0.00115);
#4079=CIRCLE('',#5709,0.003);
#4080=CIRCLE('',#5712,0.00115);
#4081=CIRCLE('',#5713,0.00115);
#4082=EDGE_LOOP('',(#1150,#1151,#1152,#1153,#1154,#1155,#1156,#1157,#1158));
#4083=EDGE_LOOP('',(#1159,#1160,#1161,#1162,#1163,#1164));
#4084=EDGE_LOOP('',(#1165,#1166,#1167,#1168,#1169,#1170));
#4085=EDGE_LOOP('',(#1171,#1172,#1173,#1174,#1175));
#4086=EDGE_LOOP('',(#1176,#1177,#1178,#1179));
#4087=EDGE_LOOP('',(#1180,#1181,#1182,#1183));
#4088=EDGE_LOOP('',(#1184,#1185,#1186,#1187,#1188));
#4089=EDGE_LOOP('',(#1189,#1190,#1191,#1192));
#4090=EDGE_LOOP('',(#1193,#1194,#1195,#1196,#1197));
#4091=EDGE_LOOP('',(#1198,#1199,#1200,#1201));
#4092=EDGE_LOOP('',(#1202,#1203,#1204,#1205));
#4093=EDGE_LOOP('',(#1206,#1207,#1208,#1209,#1210));
#4094=EDGE_LOOP('',(#1211,#1212,#1213,#1214));
#4095=EDGE_LOOP('',(#1215,#1216,#1217,#1218));
#4096=EDGE_LOOP('',(#1219,#1220,#1221,#1222));
#4097=EDGE_LOOP('',(#1223,#1224,#1225,#1226));
#4098=EDGE_LOOP('',(#1227,#1228,#1229));
#4099=EDGE_LOOP('',(#1230,#1231,#1232));
#4100=EDGE_LOOP('',(#1233,#1234,#1235,#1236,#1237));
#4101=EDGE_LOOP('',(#1238,#1239,#1240,#1241));
#4102=EDGE_LOOP('',(#1242,#1243,#1244,#1245));
#4103=EDGE_LOOP('',(#1246,#1247,#1248));
#4104=EDGE_LOOP('',(#1249,#1250,#1251));
#4105=EDGE_LOOP('',(#1252,#1253,#1254,#1255));
#4106=EDGE_LOOP('',(#1256,#1257,#1258,#1259,#1260,#1261));
#4107=EDGE_LOOP('',(#1262,#1263,#1264,#1265));
#4108=EDGE_LOOP('',(#1266,#1267,#1268,#1269));
#4109=EDGE_LOOP('',(#1270,#1271,#1272,#1273));
#4110=EDGE_LOOP('',(#1274,#1275,#1276,#1277));
#4111=EDGE_LOOP('',(#1278,#1279,#1280,#1281));
#4112=EDGE_LOOP('',(#1282,#1283,#1284,#1285));
#4113=EDGE_LOOP('',(#1286,#1287,#1288,#1289,#1290,#1291));
#4114=EDGE_LOOP('',(#1292,#1293,#1294,#1295));
#4115=EDGE_LOOP('',(#1296,#1297,#1298,#1299));
#4116=EDGE_LOOP('',(#1300,#1301,#1302,#1303));
#4117=EDGE_LOOP('',(#1304,#1305,#1306,#1307));
#4118=EDGE_LOOP('',(#1308,#1309,#1310,#1311));
#4119=EDGE_LOOP('',(#1312,#1313,#1314,#1315));
#4120=EDGE_LOOP('',(#1316,#1317,#1318,#1319,#1320,#1321));
#4121=EDGE_LOOP('',(#1322,#1323,#1324,#1325,#1326,#1327,#1328,#1329));
#4122=EDGE_LOOP('',(#1330,#1331,#1332,#1333,#1334,#1335));
#4123=EDGE_LOOP('',(#1336,#1337,#1338,#1339,#1340,#1341));
#4124=EDGE_LOOP('',(#1342,#1343,#1344,#1345,#1346,#1347,#1348,#1349));
#4125=EDGE_LOOP('',(#1350,#1351,#1352,#1353));
#4126=EDGE_LOOP('',(#1354,#1355,#1356,#1357));
#4127=EDGE_LOOP('',(#1358,#1359,#1360,#1361));
#4128=EDGE_LOOP('',(#1362,#1363,#1364,#1365));
#4129=EDGE_LOOP('',(#1366,#1367,#1368,#1369,#1370));
#4130=EDGE_LOOP('',(#1371,#1372,#1373,#1374));
#4131=EDGE_LOOP('',(#1375,#1376,#1377,#1378));
#4132=EDGE_LOOP('',(#1379,#1380,#1381,#1382,#1383));
#4133=EDGE_LOOP('',(#1384,#1385,#1386,#1387));
#4134=EDGE_LOOP('',(#1388,#1389,#1390,#1391));
#4135=EDGE_LOOP('',(#1392,#1393,#1394,#1395));
#4136=EDGE_LOOP('',(#1396,#1397,#1398,#1399));
#4137=EDGE_LOOP('',(#1400,#1401,#1402,#1403));
#4138=EDGE_LOOP('',(#1404,#1405,#1406,#1407,#1408));
#4139=EDGE_LOOP('',(#1409,#1410,#1411,#1412));
#4140=EDGE_LOOP('',(#1413,#1414,#1415,#1416,#1417));
#4141=EDGE_LOOP('',(#1418,#1419,#1420,#1421));
#4142=EDGE_LOOP('',(#1422,#1423,#1424,#1425));
#4143=EDGE_LOOP('',(#1426,#1427,#1428,#1429));
#4144=EDGE_LOOP('',(#1430,#1431,#1432,#1433));
#4145=EDGE_LOOP('',(#1434,#1435,#1436,#1437));
#4146=EDGE_LOOP('',(#1438,#1439,#1440,#1441));
#4147=EDGE_LOOP('',(#1442,#1443,#1444,#1445,#1446,#1447));
#4148=EDGE_LOOP('',(#1448,#1449,#1450,#1451));
#4149=EDGE_LOOP('',(#1452,#1453,#1454,#1455));
#4150=EDGE_LOOP('',(#1456,#1457,#1458,#1459));
#4151=EDGE_LOOP('',(#1460,#1461,#1462,#1463));
#4152=EDGE_LOOP('',(#1464,#1465,#1466,#1467));
#4153=EDGE_LOOP('',(#1468,#1469,#1470,#1471));
#4154=EDGE_LOOP('',(#1472,#1473,#1474,#1475,#1476,#1477));
#4155=EDGE_LOOP('',(#1478,#1479,#1480,#1481,#1482,#1483,#1484,#1485));
#4156=EDGE_LOOP('',(#1486,#1487,#1488,#1489));
#4157=EDGE_LOOP('',(#1490,#1491,#1492,#1493));
#4158=EDGE_LOOP('',(#1494,#1495,#1496,#1497));
#4159=EDGE_LOOP('',(#1498,#1499,#1500,#1501,#1502));
#4160=EDGE_LOOP('',(#1503,#1504,#1505,#1506));
#4161=EDGE_LOOP('',(#1507,#1508,#1509,#1510));
#4162=EDGE_LOOP('',(#1511,#1512,#1513,#1514));
#4163=EDGE_LOOP('',(#1515,#1516,#1517,#1518,#1519));
#4164=EDGE_LOOP('',(#1520,#1521,#1522,#1523));
#4165=EDGE_LOOP('',(#1524,#1525,#1526,#1527));
#4166=EDGE_LOOP('',(#1528,#1529,#1530,#1531));
#4167=EDGE_LOOP('',(#1532,#1533,#1534,#1535));
#4168=EDGE_LOOP('',(#1536,#1537,#1538,#1539));
#4169=EDGE_LOOP('',(#1540,#1541,#1542,#1543));
#4170=EDGE_LOOP('',(#1544,#1545,#1546,#1547,#1548));
#4171=EDGE_LOOP('',(#1549,#1550,#1551,#1552,#1553));
#4172=EDGE_LOOP('',(#1554,#1555,#1556,#1557,#1558,#1559));
#4173=EDGE_LOOP('',(#1560,#1561,#1562,#1563,#1564,#1565));
#4174=EDGE_LOOP('',(#1566,#1567,#1568,#1569,#1570,#1571,#1572,#1573));
#4175=EDGE_LOOP('',(#1574,#1575,#1576,#1577));
#4176=EDGE_LOOP('',(#1578,#1579,#1580,#1581));
#4177=EDGE_LOOP('',(#1582,#1583,#1584,#1585));
#4178=EDGE_LOOP('',(#1586,#1587,#1588,#1589));
#4179=EDGE_LOOP('',(#1590,#1591,#1592,#1593));
#4180=EDGE_LOOP('',(#1594,#1595,#1596,#1597));
#4181=EDGE_LOOP('',(#1598,#1599,#1600,#1601,#1602,#1603));
#4182=EDGE_LOOP('',(#1604,#1605,#1606,#1607));
#4183=EDGE_LOOP('',(#1608,#1609,#1610,#1611));
#4184=EDGE_LOOP('',(#1612,#1613,#1614,#1615));
#4185=EDGE_LOOP('',(#1616,#1617,#1618,#1619));
#4186=EDGE_LOOP('',(#1620,#1621,#1622,#1623));
#4187=EDGE_LOOP('',(#1624,#1625,#1626,#1627));
#4188=EDGE_LOOP('',(#1628,#1629,#1630,#1631,#1632,#1633));
#4189=EDGE_LOOP('',(#1634,#1635,#1636,#1637,#1638,#1639,#1640,#1641,#1642,#1643,#1644));
#4190=EDGE_LOOP('',(#1645,#1646,#1647,#1648,#1649,#1650));
#4191=EDGE_LOOP('',(#1651,#1652,#1653,#1654,#1655,#1656));
#4192=EDGE_LOOP('',(#1657,#1658,#1659,#1660,#1661,#1662));
#4193=EDGE_LOOP('',(#1663,#1664,#1665,#1666));
#4194=EDGE_LOOP('',(#1667,#1668,#1669));
#4195=EDGE_LOOP('',(#1670,#1671,#1672,#1673));
#4196=EDGE_LOOP('',(#1674,#1675,#1676,#1677));
#4197=EDGE_LOOP('',(#1678,#1679,#1680,#1681));
#4198=EDGE_LOOP('',(#1682,#1683,#1684,#1685));
#4199=EDGE_LOOP('',(#1686,#1687,#1688,#1689,#1690));
#4200=EDGE_LOOP('',(#1691,#1692,#1693,#1694));
#4201=EDGE_LOOP('',(#1695,#1696,#1697,#1698,#1699));
#4202=EDGE_LOOP('',(#1700,#1701,#1702,#1703));
#4203=EDGE_LOOP('',(#1704,#1705,#1706));
#4204=EDGE_LOOP('',(#1707,#1708,#1709,#1710,#1711));
#4205=EDGE_LOOP('',(#1712,#1713,#1714,#1715,#1716));
#4206=EDGE_LOOP('',(#1717,#1718,#1719));
#4207=EDGE_LOOP('',(#1720,#1721,#1722,#1723));
#4208=EDGE_LOOP('',(#1724,#1725,#1726,#1727,#1728));
#4209=EDGE_LOOP('',(#1729,#1730,#1731,#1732,#1733,#1734));
#4210=EDGE_LOOP('',(#1735,#1736,#1737,#1738));
#4211=EDGE_LOOP('',(#1739,#1740,#1741,#1742));
#4212=EDGE_LOOP('',(#1743,#1744,#1745));
#4213=EDGE_LOOP('',(#1746,#1747,#1748,#1749));
#4214=EDGE_LOOP('',(#1750,#1751,#1752,#1753));
#4215=EDGE_LOOP('',(#1754,#1755,#1756,#1757));
#4216=EDGE_LOOP('',(#1758,#1759,#1760,#1761));
#4217=EDGE_LOOP('',(#1762,#1763,#1764,#1765));
#4218=EDGE_LOOP('',(#1766,#1767,#1768,#1769));
#4219=EDGE_LOOP('',(#1770,#1771,#1772,#1773));
#4220=EDGE_LOOP('',(#1774,#1775,#1776,#1777,#1778,#1779));
#4221=EDGE_LOOP('',(#1780,#1781,#1782,#1783));
#4222=EDGE_LOOP('',(#1784,#1785,#1786,#1787));
#4223=EDGE_LOOP('',(#1788,#1789,#1790,#1791));
#4224=EDGE_LOOP('',(#1792,#1793,#1794,#1795));
#4225=EDGE_LOOP('',(#1796,#1797,#1798,#1799));
#4226=EDGE_LOOP('',(#1800,#1801,#1802,#1803));
#4227=EDGE_LOOP('',(#1804,#1805,#1806,#1807,#1808,#1809));
#4228=EDGE_LOOP('',(#1810,#1811,#1812,#1813,#1814,#1815,#1816,#1817,#1818,#1819,#1820,#1821,#1822,#1823,#1824,#1825));
#4229=EDGE_LOOP('',(#1826,#1827,#1828,#1829,#1830,#1831));
#4230=EDGE_LOOP('',(#1832,#1833,#1834,#1835,#1836,#1837));
#4231=EDGE_LOOP('',(#1838,#1839,#1840,#1841,#1842));
#4232=EDGE_LOOP('',(#1843,#1844,#1845,#1846,#1847,#1848));
#4233=EDGE_LOOP('',(#1849,#1850,#1851,#1852));
#4234=EDGE_LOOP('',(#1853,#1854,#1855,#1856,#1857));
#4235=EDGE_LOOP('',(#1858,#1859,#1860,#1861));
#4236=EDGE_LOOP('',(#1862,#1863,#1864,#1865,#1866,#1867,#1868,#1869,#1870,#1871,#1872,#1873,#1874,#1875,#1876,#1877));
#4237=EDGE_LOOP('',(#1878,#1879,#1880,#1881));
#4238=EDGE_LOOP('',(#1882,#1883,#1884,#1885));
#4239=EDGE_LOOP('',(#1886,#1887,#1888,#1889,#1890));
#4240=EDGE_LOOP('',(#1891,#1892,#1893,#1894));
#4241=EDGE_LOOP('',(#1895,#1896,#1897,#1898,#1899));
#4242=EDGE_LOOP('',(#1900,#1901,#1902,#1903,#1904));
#4243=EDGE_LOOP('',(#1905,#1906,#1907,#1908,#1909));
#4244=EDGE_LOOP('',(#1910,#1911,#1912,#1913));
#4245=EDGE_LOOP('',(#1914,#1915,#1916,#1917));
#4246=EDGE_LOOP('',(#1918,#1919,#1920,#1921));
#4247=EDGE_LOOP('',(#1922,#1923,#1924,#1925,#1926));
#4248=EDGE_LOOP('',(#1927,#1928,#1929,#1930));
#4249=EDGE_LOOP('',(#1931,#1932,#1933,#1934));
#4250=EDGE_LOOP('',(#1935,#1936,#1937,#1938));
#4251=EDGE_LOOP('',(#1939,#1940,#1941,#1942));
#4252=EDGE_LOOP('',(#1943,#1944,#1945,#1946,#1947));
#4253=EDGE_LOOP('',(#1948,#1949,#1950,#1951,#1952));
#4254=EDGE_LOOP('',(#1953,#1954,#1955,#1956));
#4255=EDGE_LOOP('',(#1957,#1958,#1959,#1960,#1961));
#4256=EDGE_LOOP('',(#1962,#1963,#1964,#1965,#1966,#1967));
#4257=EDGE_LOOP('',(#1968,#1969,#1970,#1971));
#4258=EDGE_LOOP('',(#1972,#1973,#1974,#1975));
#4259=EDGE_LOOP('',(#1976,#1977,#1978,#1979,#1980));
#4260=EDGE_LOOP('',(#1981,#1982,#1983,#1984));
#4261=EDGE_LOOP('',(#1985,#1986,#1987,#1988,#1989,#1990));
#4262=EDGE_LOOP('',(#1991,#1992,#1993,#1994));
#4263=EDGE_LOOP('',(#1995,#1996,#1997,#1998,#1999));
#4264=EDGE_LOOP('',(#2000,#2001,#2002,#2003));
#4265=EDGE_LOOP('',(#2004,#2005,#2006,#2007));
#4266=EDGE_LOOP('',(#2008,#2009,#2010,#2011));
#4267=EDGE_LOOP('',(#2012,#2013,#2014,#2015));
#4268=EDGE_LOOP('',(#2016,#2017,#2018,#2019));
#4269=EDGE_LOOP('',(#2020,#2021,#2022,#2023));
#4270=EDGE_LOOP('',(#2024,#2025,#2026,#2027,#2028,#2029));
#4271=EDGE_LOOP('',(#2030,#2031,#2032,#2033));
#4272=EDGE_LOOP('',(#2034,#2035,#2036,#2037));
#4273=EDGE_LOOP('',(#2038,#2039,#2040,#2041));
#4274=EDGE_LOOP('',(#2042,#2043,#2044,#2045));
#4275=EDGE_LOOP('',(#2046,#2047,#2048,#2049));
#4276=EDGE_LOOP('',(#2050,#2051,#2052,#2053));
#4277=EDGE_LOOP('',(#2054,#2055,#2056,#2057,#2058,#2059));
#4278=EDGE_LOOP('',(#2060,#2061,#2062,#2063,#2064,#2065));
#4279=EDGE_LOOP('',(#2066,#2067,#2068,#2069));
#4280=EDGE_LOOP('',(#2070,#2071,#2072,#2073));
#4281=EDGE_LOOP('',(#2074,#2075,#2076,#2077));
#4282=EDGE_LOOP('',(#2078,#2079,#2080,#2081,#2082,#2083));
#4283=EDGE_LOOP('',(#2084,#2085,#2086,#2087,#2088,#2089));
#4284=EDGE_LOOP('',(#2090,#2091,#2092,#2093,#2094,#2095,#2096,#2097,#2098,#2099,#2100));
#4285=EDGE_LOOP('',(#2101,#2102,#2103,#2104,#2105));
#4286=EDGE_LOOP('',(#2106,#2107,#2108,#2109));
#4287=EDGE_LOOP('',(#2110,#2111,#2112,#2113));
#4288=EDGE_LOOP('',(#2114,#2115,#2116));
#4289=EDGE_LOOP('',(#2117,#2118,#2119,#2120));
#4290=EDGE_LOOP('',(#2121,#2122,#2123,#2124,#2125));
#4291=EDGE_LOOP('',(#2126,#2127,#2128,#2129));
#4292=EDGE_LOOP('',(#2130,#2131,#2132));
#4293=EDGE_LOOP('',(#2133,#2134,#2135,#2136,#2137));
#4294=EDGE_LOOP('',(#2138,#2139,#2140,#2141,#2142));
#4295=EDGE_LOOP('',(#2143,#2144,#2145,#2146));
#4296=EDGE_LOOP('',(#2147,#2148,#2149));
#4297=EDGE_LOOP('',(#2150,#2151,#2152,#2153,#2154));
#4298=EDGE_LOOP('',(#2155,#2156,#2157,#2158));
#4299=EDGE_LOOP('',(#2159,#2160,#2161,#2162,#2163,#2164));
#4300=EDGE_LOOP('',(#2165,#2166,#2167,#2168));
#4301=EDGE_LOOP('',(#2169,#2170,#2171));
#4302=EDGE_LOOP('',(#2172,#2173,#2174,#2175));
#4303=EDGE_LOOP('',(#2176,#2177,#2178,#2179));
#4304=EDGE_LOOP('',(#2180,#2181,#2182,#2183));
#4305=EDGE_LOOP('',(#2184,#2185,#2186,#2187));
#4306=EDGE_LOOP('',(#2188,#2189,#2190,#2191));
#4307=EDGE_LOOP('',(#2192,#2193,#2194,#2195));
#4308=EDGE_LOOP('',(#2196,#2197,#2198,#2199));
#4309=EDGE_LOOP('',(#2200,#2201,#2202,#2203,#2204,#2205));
#4310=EDGE_LOOP('',(#2206,#2207,#2208,#2209));
#4311=EDGE_LOOP('',(#2210,#2211,#2212,#2213));
#4312=EDGE_LOOP('',(#2214,#2215,#2216,#2217));
#4313=EDGE_LOOP('',(#2218,#2219,#2220,#2221));
#4314=EDGE_LOOP('',(#2222,#2223,#2224,#2225));
#4315=EDGE_LOOP('',(#2226,#2227,#2228,#2229));
#4316=EDGE_LOOP('',(#2230,#2231,#2232,#2233,#2234,#2235));
#4317=EDGE_LOOP('',(#2236,#2237,#2238,#2239,#2240));
#4318=EDGE_LOOP('',(#2241,#2242,#2243,#2244,#2245,#2246));
#4319=EDGE_LOOP('',(#2247,#2248,#2249,#2250));
#4320=EDGE_LOOP('',(#2251,#2252,#2253,#2254,#2255));
#4321=EDGE_LOOP('',(#2256,#2257,#2258,#2259));
#4322=EDGE_LOOP('',(#2260,#2261,#2262,#2263,#2264,#2265,#2266,#2267,#2268,#2269,#2270,#2271,#2272,#2273,#2274,#2275));
#4323=EDGE_LOOP('',(#2276,#2277,#2278,#2279,#2280));
#4324=EDGE_LOOP('',(#2281,#2282,#2283,#2284,#2285));
#4325=EDGE_LOOP('',(#2286,#2287,#2288,#2289));
#4326=EDGE_LOOP('',(#2290,#2291,#2292,#2293,#2294));
#4327=EDGE_LOOP('',(#2295,#2296,#2297,#2298));
#4328=EDGE_LOOP('',(#2299,#2300,#2301,#2302));
#4329=EDGE_LOOP('',(#2303,#2304,#2305,#2306,#2307));
#4330=EDGE_LOOP('',(#2308,#2309,#2310,#2311));
#4331=EDGE_LOOP('',(#2312,#2313,#2314,#2315));
#4332=EDGE_LOOP('',(#2316,#2317,#2318,#2319));
#4333=EDGE_LOOP('',(#2320,#2321,#2322,#2323,#2324));
#4334=EDGE_LOOP('',(#2325,#2326,#2327,#2328));
#4335=EDGE_LOOP('',(#2329,#2330,#2331,#2332));
#4336=EDGE_LOOP('',(#2333,#2334,#2335,#2336));
#4337=EDGE_LOOP('',(#2337,#2338,#2339,#2340));
#4338=EDGE_LOOP('',(#2341,#2342,#2343,#2344,#2345));
#4339=EDGE_LOOP('',(#2346,#2347,#2348,#2349,#2350));
#4340=EDGE_LOOP('',(#2351,#2352,#2353,#2354));
#4341=EDGE_LOOP('',(#2355,#2356,#2357,#2358,#2359));
#4342=EDGE_LOOP('',(#2360,#2361,#2362,#2363,#2364,#2365));
#4343=EDGE_LOOP('',(#2366,#2367,#2368,#2369));
#4344=EDGE_LOOP('',(#2370,#2371,#2372,#2373));
#4345=EDGE_LOOP('',(#2374,#2375,#2376,#2377,#2378));
#4346=EDGE_LOOP('',(#2379,#2380,#2381,#2382));
#4347=EDGE_LOOP('',(#2383,#2384,#2385,#2386,#2387,#2388));
#4348=EDGE_LOOP('',(#2389,#2390,#2391,#2392));
#4349=EDGE_LOOP('',(#2393,#2394,#2395,#2396,#2397));
#4350=EDGE_LOOP('',(#2398,#2399,#2400,#2401,#2402,#2403));
#4351=EDGE_LOOP('',(#2404,#2405,#2406,#2407,#2408,#2409));
#4352=EDGE_LOOP('',(#2410,#2411,#2412,#2413,#2414,#2415,#2416,#2417,#2418,#2419,#2420,#2421,#2422,#2423,#2424,#2425));
#4353=EDGE_LOOP('',(#2426,#2427,#2428,#2429));
#4354=EDGE_LOOP('',(#2430,#2431,#2432,#2433));
#4355=EDGE_LOOP('',(#2434,#2435,#2436,#2437));
#4356=EDGE_LOOP('',(#2438,#2439,#2440,#2441));
#4357=EDGE_LOOP('',(#2442,#2443,#2444,#2445));
#4358=EDGE_LOOP('',(#2446,#2447,#2448,#2449));
#4359=EDGE_LOOP('',(#2450,#2451,#2452,#2453,#2454,#2455));
#4360=EDGE_LOOP('',(#2456,#2457,#2458,#2459));
#4361=EDGE_LOOP('',(#2460,#2461,#2462,#2463));
#4362=EDGE_LOOP('',(#2464,#2465,#2466,#2467));
#4363=EDGE_LOOP('',(#2468,#2469,#2470,#2471));
#4364=EDGE_LOOP('',(#2472,#2473,#2474,#2475));
#4365=EDGE_LOOP('',(#2476,#2477,#2478,#2479));
#4366=EDGE_LOOP('',(#2480,#2481,#2482,#2483,#2484,#2485));
#4367=EDGE_LOOP('',(#2486,#2487,#2488,#2489,#2490));
#4368=EDGE_LOOP('',(#2491,#2492,#2493,#2494,#2495,#2496));
#4369=EDGE_LOOP('',(#2497,#2498,#2499,#2500,#2501,#2502));
#4370=EDGE_LOOP('',(#2503,#2504,#2505,#2506,#2507,#2508,#2509,#2510,#2511));
#4371=EDGE_LOOP('',(#2512,#2513,#2514,#2515));
#4372=EDGE_LOOP('',(#2516,#2517,#2518,#2519));
#4373=EDGE_LOOP('',(#2520,#2521,#2522,#2523));
#4374=EDGE_LOOP('',(#2524,#2525,#2526,#2527));
#4375=EDGE_LOOP('',(#2528,#2529,#2530,#2531));
#4376=EDGE_LOOP('',(#2532,#2533,#2534,#2535));
#4377=EDGE_LOOP('',(#2536,#2537,#2538,#2539,#2540));
#4378=EDGE_LOOP('',(#2541,#2542,#2543,#2544,#2545));
#4379=EDGE_LOOP('',(#2546,#2547,#2548,#2549,#2550));
#4380=EDGE_LOOP('',(#2551,#2552,#2553,#2554));
#4381=EDGE_LOOP('',(#2555,#2556,#2557,#2558));
#4382=EDGE_LOOP('',(#2559,#2560,#2561));
#4383=EDGE_LOOP('',(#2562,#2563,#2564,#2565));
#4384=EDGE_LOOP('',(#2566,#2567,#2568));
#4385=EDGE_LOOP('',(#2569,#2570,#2571,#2572,#2573));
#4386=EDGE_LOOP('',(#2574,#2575,#2576,#2577));
#4387=EDGE_LOOP('',(#2578,#2579,#2580));
#4388=EDGE_LOOP('',(#2581,#2582,#2583,#2584));
#4389=EDGE_LOOP('',(#2585,#2586,#2587,#2588));
#4390=EDGE_LOOP('',(#2589,#2590,#2591));
#4391=EDGE_LOOP('',(#2592,#2593,#2594,#2595,#2596,#2597));
#4392=EDGE_LOOP('',(#2598,#2599,#2600,#2601));
#4393=EDGE_LOOP('',(#2602,#2603,#2604,#2605));
#4394=EDGE_LOOP('',(#2606,#2607,#2608,#2609));
#4395=EDGE_LOOP('',(#2610,#2611,#2612,#2613));
#4396=EDGE_LOOP('',(#2614,#2615,#2616,#2617));
#4397=EDGE_LOOP('',(#2618,#2619,#2620,#2621));
#4398=EDGE_LOOP('',(#2622,#2623,#2624,#2625,#2626,#2627));
#4399=EDGE_LOOP('',(#2628,#2629,#2630,#2631));
#4400=EDGE_LOOP('',(#2632,#2633,#2634,#2635));
#4401=EDGE_LOOP('',(#2636,#2637,#2638,#2639));
#4402=EDGE_LOOP('',(#2640,#2641,#2642,#2643));
#4403=EDGE_LOOP('',(#2644,#2645,#2646,#2647));
#4404=EDGE_LOOP('',(#2648,#2649,#2650,#2651));
#4405=EDGE_LOOP('',(#2652,#2653,#2654,#2655,#2656,#2657));
#4406=FACE_BOUND('',#4082,.T.);
#4407=FACE_BOUND('',#4083,.T.);
#4408=FACE_BOUND('',#4084,.T.);
#4409=FACE_BOUND('',#4085,.T.);
#4410=FACE_BOUND('',#4086,.T.);
#4411=FACE_BOUND('',#4087,.T.);
#4412=FACE_BOUND('',#4088,.T.);
#4413=FACE_BOUND('',#4089,.T.);
#4414=FACE_BOUND('',#4090,.T.);
#4415=FACE_BOUND('',#4091,.T.);
#4416=FACE_BOUND('',#4092,.T.);
#4417=FACE_BOUND('',#4093,.T.);
#4418=FACE_BOUND('',#4094,.T.);
#4419=FACE_BOUND('',#4095,.T.);
#4420=FACE_BOUND('',#4096,.T.);
#4421=FACE_BOUND('',#4097,.T.);
#4422=FACE_BOUND('',#4098,.T.);
#4423=FACE_BOUND('',#4099,.T.);
#4424=FACE_BOUND('',#4100,.T.);
#4425=FACE_BOUND('',#4101,.T.);
#4426=FACE_BOUND('',#4102,.T.);
#4427=FACE_BOUND('',#4103,.T.);
#4428=FACE_BOUND('',#4104,.T.);
#4429=FACE_BOUND('',#4105,.T.);
#4430=FACE_BOUND('',#4106,.T.);
#4431=FACE_BOUND('',#4107,.T.);
#4432=FACE_BOUND('',#4108,.T.);
#4433=FACE_BOUND('',#4109,.T.);
#4434=FACE_BOUND('',#4110,.T.);
#4435=FACE_BOUND('',#4111,.T.);
#4436=FACE_BOUND('',#4112,.T.);
#4437=FACE_BOUND('',#4113,.T.);
#4438=FACE_BOUND('',#4114,.T.);
#4439=FACE_BOUND('',#4115,.T.);
#4440=FACE_BOUND('',#4116,.T.);
#4441=FACE_BOUND('',#4117,.T.);
#4442=FACE_BOUND('',#4118,.T.);
#4443=FACE_BOUND('',#4119,.T.);
#4444=FACE_BOUND('',#4120,.T.);
#4445=FACE_BOUND('',#4121,.T.);
#4446=FACE_BOUND('',#4122,.T.);
#4447=FACE_BOUND('',#4123,.T.);
#4448=FACE_BOUND('',#4124,.T.);
#4449=FACE_BOUND('',#4125,.T.);
#4450=FACE_BOUND('',#4126,.T.);
#4451=FACE_BOUND('',#4127,.T.);
#4452=FACE_BOUND('',#4128,.T.);
#4453=FACE_BOUND('',#4129,.T.);
#4454=FACE_BOUND('',#4130,.T.);
#4455=FACE_BOUND('',#4131,.T.);
#4456=FACE_BOUND('',#4132,.T.);
#4457=FACE_BOUND('',#4133,.T.);
#4458=FACE_BOUND('',#4134,.T.);
#4459=FACE_BOUND('',#4135,.T.);
#4460=FACE_BOUND('',#4136,.T.);
#4461=FACE_BOUND('',#4137,.T.);
#4462=FACE_BOUND('',#4138,.T.);
#4463=FACE_BOUND('',#4139,.T.);
#4464=FACE_BOUND('',#4140,.T.);
#4465=FACE_BOUND('',#4141,.T.);
#4466=FACE_BOUND('',#4142,.T.);
#4467=FACE_BOUND('',#4143,.T.);
#4468=FACE_BOUND('',#4144,.T.);
#4469=FACE_BOUND('',#4145,.T.);
#4470=FACE_BOUND('',#4146,.T.);
#4471=FACE_BOUND('',#4147,.T.);
#4472=FACE_BOUND('',#4148,.T.);
#4473=FACE_BOUND('',#4149,.T.);
#4474=FACE_BOUND('',#4150,.T.);
#4475=FACE_BOUND('',#4151,.T.);
#4476=FACE_BOUND('',#4152,.T.);
#4477=FACE_BOUND('',#4153,.T.);
#4478=FACE_BOUND('',#4154,.T.);
#4479=FACE_BOUND('',#4155,.T.);
#4480=FACE_BOUND('',#4156,.T.);
#4481=FACE_BOUND('',#4157,.T.);
#4482=FACE_BOUND('',#4158,.T.);
#4483=FACE_BOUND('',#4159,.T.);
#4484=FACE_BOUND('',#4160,.T.);
#4485=FACE_BOUND('',#4161,.T.);
#4486=FACE_BOUND('',#4162,.T.);
#4487=FACE_BOUND('',#4163,.T.);
#4488=FACE_BOUND('',#4164,.T.);
#4489=FACE_BOUND('',#4165,.T.);
#4490=FACE_BOUND('',#4166,.T.);
#4491=FACE_BOUND('',#4167,.T.);
#4492=FACE_BOUND('',#4168,.T.);
#4493=FACE_BOUND('',#4169,.T.);
#4494=FACE_BOUND('',#4170,.T.);
#4495=FACE_BOUND('',#4171,.T.);
#4496=FACE_BOUND('',#4172,.T.);
#4497=FACE_BOUND('',#4173,.T.);
#4498=FACE_BOUND('',#4174,.T.);
#4499=FACE_BOUND('',#4175,.T.);
#4500=FACE_BOUND('',#4176,.T.);
#4501=FACE_BOUND('',#4177,.T.);
#4502=FACE_BOUND('',#4178,.T.);
#4503=FACE_BOUND('',#4179,.T.);
#4504=FACE_BOUND('',#4180,.T.);
#4505=FACE_BOUND('',#4181,.T.);
#4506=FACE_BOUND('',#4182,.T.);
#4507=FACE_BOUND('',#4183,.T.);
#4508=FACE_BOUND('',#4184,.T.);
#4509=FACE_BOUND('',#4185,.T.);
#4510=FACE_BOUND('',#4186,.T.);
#4511=FACE_BOUND('',#4187,.T.);
#4512=FACE_BOUND('',#4188,.T.);
#4513=FACE_BOUND('',#4189,.T.);
#4514=FACE_BOUND('',#4190,.T.);
#4515=FACE_BOUND('',#4191,.T.);
#4516=FACE_BOUND('',#4192,.T.);
#4517=FACE_BOUND('',#4193,.T.);
#4518=FACE_BOUND('',#4194,.T.);
#4519=FACE_BOUND('',#4195,.T.);
#4520=FACE_BOUND('',#4196,.T.);
#4521=FACE_BOUND('',#4197,.T.);
#4522=FACE_BOUND('',#4198,.T.);
#4523=FACE_BOUND('',#4199,.T.);
#4524=FACE_BOUND('',#4200,.T.);
#4525=FACE_BOUND('',#4201,.T.);
#4526=FACE_BOUND('',#4202,.T.);
#4527=FACE_BOUND('',#4203,.T.);
#4528=FACE_BOUND('',#4204,.T.);
#4529=FACE_BOUND('',#4205,.T.);
#4530=FACE_BOUND('',#4206,.T.);
#4531=FACE_BOUND('',#4207,.T.);
#4532=FACE_BOUND('',#4208,.T.);
#4533=FACE_BOUND('',#4209,.T.);
#4534=FACE_BOUND('',#4210,.T.);
#4535=FACE_BOUND('',#4211,.T.);
#4536=FACE_BOUND('',#4212,.T.);
#4537=FACE_BOUND('',#4213,.T.);
#4538=FACE_BOUND('',#4214,.T.);
#4539=FACE_BOUND('',#4215,.T.);
#4540=FACE_BOUND('',#4216,.T.);
#4541=FACE_BOUND('',#4217,.T.);
#4542=FACE_BOUND('',#4218,.T.);
#4543=FACE_BOUND('',#4219,.T.);
#4544=FACE_BOUND('',#4220,.T.);
#4545=FACE_BOUND('',#4221,.T.);
#4546=FACE_BOUND('',#4222,.T.);
#4547=FACE_BOUND('',#4223,.T.);
#4548=FACE_BOUND('',#4224,.T.);
#4549=FACE_BOUND('',#4225,.T.);
#4550=FACE_BOUND('',#4226,.T.);
#4551=FACE_BOUND('',#4227,.T.);
#4552=FACE_BOUND('',#4228,.T.);
#4553=FACE_BOUND('',#4229,.T.);
#4554=FACE_BOUND('',#4230,.T.);
#4555=FACE_BOUND('',#4231,.T.);
#4556=FACE_BOUND('',#4232,.T.);
#4557=FACE_BOUND('',#4233,.T.);
#4558=FACE_BOUND('',#4234,.T.);
#4559=FACE_BOUND('',#4235,.T.);
#4560=FACE_BOUND('',#4236,.T.);
#4561=FACE_BOUND('',#4237,.T.);
#4562=FACE_BOUND('',#4238,.T.);
#4563=FACE_BOUND('',#4239,.T.);
#4564=FACE_BOUND('',#4240,.T.);
#4565=FACE_BOUND('',#4241,.T.);
#4566=FACE_BOUND('',#4242,.T.);
#4567=FACE_BOUND('',#4243,.T.);
#4568=FACE_BOUND('',#4244,.T.);
#4569=FACE_BOUND('',#4245,.T.);
#4570=FACE_BOUND('',#4246,.T.);
#4571=FACE_BOUND('',#4247,.T.);
#4572=FACE_BOUND('',#4248,.T.);
#4573=FACE_BOUND('',#4249,.T.);
#4574=FACE_BOUND('',#4250,.T.);
#4575=FACE_BOUND('',#4251,.T.);
#4576=FACE_BOUND('',#4252,.T.);
#4577=FACE_BOUND('',#4253,.T.);
#4578=FACE_BOUND('',#4254,.T.);
#4579=FACE_BOUND('',#4255,.T.);
#4580=FACE_BOUND('',#4256,.T.);
#4581=FACE_BOUND('',#4257,.T.);
#4582=FACE_BOUND('',#4258,.T.);
#4583=FACE_BOUND('',#4259,.T.);
#4584=FACE_BOUND('',#4260,.T.);
#4585=FACE_BOUND('',#4261,.T.);
#4586=FACE_BOUND('',#4262,.T.);
#4587=FACE_BOUND('',#4263,.T.);
#4588=FACE_BOUND('',#4264,.T.);
#4589=FACE_BOUND('',#4265,.T.);
#4590=FACE_BOUND('',#4266,.T.);
#4591=FACE_BOUND('',#4267,.T.);
#4592=FACE_BOUND('',#4268,.T.);
#4593=FACE_BOUND('',#4269,.T.);
#4594=FACE_BOUND('',#4270,.T.);
#4595=FACE_BOUND('',#4271,.T.);
#4596=FACE_BOUND('',#4272,.T.);
#4597=FACE_BOUND('',#4273,.T.);
#4598=FACE_BOUND('',#4274,.T.);
#4599=FACE_BOUND('',#4275,.T.);
#4600=FACE_BOUND('',#4276,.T.);
#4601=FACE_BOUND('',#4277,.T.);
#4602=FACE_BOUND('',#4278,.T.);
#4603=FACE_BOUND('',#4279,.T.);
#4604=FACE_BOUND('',#4280,.T.);
#4605=FACE_BOUND('',#4281,.T.);
#4606=FACE_BOUND('',#4282,.T.);
#4607=FACE_BOUND('',#4283,.T.);
#4608=FACE_BOUND('',#4284,.T.);
#4609=FACE_BOUND('',#4285,.T.);
#4610=FACE_BOUND('',#4286,.T.);
#4611=FACE_BOUND('',#4287,.T.);
#4612=FACE_BOUND('',#4288,.T.);
#4613=FACE_BOUND('',#4289,.T.);
#4614=FACE_BOUND('',#4290,.T.);
#4615=FACE_BOUND('',#4291,.T.);
#4616=FACE_BOUND('',#4292,.T.);
#4617=FACE_BOUND('',#4293,.T.);
#4618=FACE_BOUND('',#4294,.T.);
#4619=FACE_BOUND('',#4295,.T.);
#4620=FACE_BOUND('',#4296,.T.);
#4621=FACE_BOUND('',#4297,.T.);
#4622=FACE_BOUND('',#4298,.T.);
#4623=FACE_BOUND('',#4299,.T.);
#4624=FACE_BOUND('',#4300,.T.);
#4625=FACE_BOUND('',#4301,.T.);
#4626=FACE_BOUND('',#4302,.T.);
#4627=FACE_BOUND('',#4303,.T.);
#4628=FACE_BOUND('',#4304,.T.);
#4629=FACE_BOUND('',#4305,.T.);
#4630=FACE_BOUND('',#4306,.T.);
#4631=FACE_BOUND('',#4307,.T.);
#4632=FACE_BOUND('',#4308,.T.);
#4633=FACE_BOUND('',#4309,.T.);
#4634=FACE_BOUND('',#4310,.T.);
#4635=FACE_BOUND('',#4311,.T.);
#4636=FACE_BOUND('',#4312,.T.);
#4637=FACE_BOUND('',#4313,.T.);
#4638=FACE_BOUND('',#4314,.T.);
#4639=FACE_BOUND('',#4315,.T.);
#4640=FACE_BOUND('',#4316,.T.);
#4641=FACE_BOUND('',#4317,.T.);
#4642=FACE_BOUND('',#4318,.T.);
#4643=FACE_BOUND('',#4319,.T.);
#4644=FACE_BOUND('',#4320,.T.);
#4645=FACE_BOUND('',#4321,.T.);
#4646=FACE_BOUND('',#4322,.T.);
#4647=FACE_BOUND('',#4323,.T.);
#4648=FACE_BOUND('',#4324,.T.);
#4649=FACE_BOUND('',#4325,.T.);
#4650=FACE_BOUND('',#4326,.T.);
#4651=FACE_BOUND('',#4327,.T.);
#4652=FACE_BOUND('',#4328,.T.);
#4653=FACE_BOUND('',#4329,.T.);
#4654=FACE_BOUND('',#4330,.T.);
#4655=FACE_BOUND('',#4331,.T.);
#4656=FACE_BOUND('',#4332,.T.);
#4657=FACE_BOUND('',#4333,.T.);
#4658=FACE_BOUND('',#4334,.T.);
#4659=FACE_BOUND('',#4335,.T.);
#4660=FACE_BOUND('',#4336,.T.);
#4661=FACE_BOUND('',#4337,.T.);
#4662=FACE_BOUND('',#4338,.T.);
#4663=FACE_BOUND('',#4339,.T.);
#4664=FACE_BOUND('',#4340,.T.);
#4665=FACE_BOUND('',#4341,.T.);
#4666=FACE_BOUND('',#4342,.T.);
#4667=FACE_BOUND('',#4343,.T.);
#4668=FACE_BOUND('',#4344,.T.);
#4669=FACE_BOUND('',#4345,.T.);
#4670=FACE_BOUND('',#4346,.T.);
#4671=FACE_BOUND('',#4347,.T.);
#4672=FACE_BOUND('',#4348,.T.);
#4673=FACE_BOUND('',#4349,.T.);
#4674=FACE_BOUND('',#4350,.T.);
#4675=FACE_BOUND('',#4351,.T.);
#4676=FACE_BOUND('',#4352,.T.);
#4677=FACE_BOUND('',#4353,.T.);
#4678=FACE_BOUND('',#4354,.T.);
#4679=FACE_BOUND('',#4355,.T.);
#4680=FACE_BOUND('',#4356,.T.);
#4681=FACE_BOUND('',#4357,.T.);
#4682=FACE_BOUND('',#4358,.T.);
#4683=FACE_BOUND('',#4359,.T.);
#4684=FACE_BOUND('',#4360,.T.);
#4685=FACE_BOUND('',#4361,.T.);
#4686=FACE_BOUND('',#4362,.T.);
#4687=FACE_BOUND('',#4363,.T.);
#4688=FACE_BOUND('',#4364,.T.);
#4689=FACE_BOUND('',#4365,.T.);
#4690=FACE_BOUND('',#4366,.T.);
#4691=FACE_BOUND('',#4367,.T.);
#4692=FACE_BOUND('',#4368,.T.);
#4693=FACE_BOUND('',#4369,.T.);
#4694=FACE_BOUND('',#4370,.T.);
#4695=FACE_BOUND('',#4371,.T.);
#4696=FACE_BOUND('',#4372,.T.);
#4697=FACE_BOUND('',#4373,.T.);
#4698=FACE_BOUND('',#4374,.T.);
#4699=FACE_BOUND('',#4375,.T.);
#4700=FACE_BOUND('',#4376,.T.);
#4701=FACE_BOUND('',#4377,.T.);
#4702=FACE_BOUND('',#4378,.T.);
#4703=FACE_BOUND('',#4379,.T.);
#4704=FACE_BOUND('',#4380,.T.);
#4705=FACE_BOUND('',#4381,.T.);
#4706=FACE_BOUND('',#4382,.T.);
#4707=FACE_BOUND('',#4383,.T.);
#4708=FACE_BOUND('',#4384,.T.);
#4709=FACE_BOUND('',#4385,.T.);
#4710=FACE_BOUND('',#4386,.T.);
#4711=FACE_BOUND('',#4387,.T.);
#4712=FACE_BOUND('',#4388,.T.);
#4713=FACE_BOUND('',#4389,.T.);
#4714=FACE_BOUND('',#4390,.T.);
#4715=FACE_BOUND('',#4391,.T.);
#4716=FACE_BOUND('',#4392,.T.);
#4717=FACE_BOUND('',#4393,.T.);
#4718=FACE_BOUND('',#4394,.T.);
#4719=FACE_BOUND('',#4395,.T.);
#4720=FACE_BOUND('',#4396,.T.);
#4721=FACE_BOUND('',#4397,.T.);
#4722=FACE_BOUND('',#4398,.T.);
#4723=FACE_BOUND('',#4399,.T.);
#4724=FACE_BOUND('',#4400,.T.);
#4725=FACE_BOUND('',#4401,.T.);
#4726=FACE_BOUND('',#4402,.T.);
#4727=FACE_BOUND('',#4403,.T.);
#4728=FACE_BOUND('',#4404,.T.);
#4729=FACE_BOUND('',#4405,.T.);
#4730=PLANE('',#5278);
#4731=PLANE('',#5294);
#4732=PLANE('',#5298);
#4733=PLANE('',#5303);
#4734=PLANE('',#5318);
#4735=PLANE('',#5319);
#4736=PLANE('',#5320);
#4737=PLANE('',#5321);
#4738=PLANE('',#5322);
#4739=PLANE('',#5323);
#4740=PLANE('',#5324);
#4741=PLANE('',#5325);
#4742=PLANE('',#5326);
#4743=PLANE('',#5327);
#4744=PLANE('',#5328);
#4745=PLANE('',#5329);
#4746=PLANE('',#5330);
#4747=PLANE('',#5331);
#4748=PLANE('',#5333);
#4749=PLANE('',#5350);
#4750=PLANE('',#5352);
#4751=PLANE('',#5354);
#4752=PLANE('',#5366);
#4753=PLANE('',#5367);
#4754=PLANE('',#5368);
#4755=PLANE('',#5369);
#4756=PLANE('',#5370);
#4757=PLANE('',#5371);
#4758=PLANE('',#5372);
#4759=PLANE('',#5373);
#4760=PLANE('',#5374);
#4761=PLANE('',#5375);
#4762=PLANE('',#5376);
#4763=PLANE('',#5377);
#4764=PLANE('',#5378);
#4765=PLANE('',#5379);
#4766=PLANE('',#5397);
#4767=PLANE('',#5399);
#4768=PLANE('',#5401);
#4769=PLANE('',#5413);
#4770=PLANE('',#5414);
#4771=PLANE('',#5415);
#4772=PLANE('',#5416);
#4773=PLANE('',#5417);
#4774=PLANE('',#5418);
#4775=PLANE('',#5419);
#4776=PLANE('',#5420);
#4777=PLANE('',#5421);
#4778=PLANE('',#5422);
#4779=PLANE('',#5423);
#4780=PLANE('',#5424);
#4781=PLANE('',#5425);
#4782=PLANE('',#5426);
#4783=PLANE('',#5427);
#4784=PLANE('',#5429);
#4785=PLANE('',#5451);
#4786=PLANE('',#5453);
#4787=PLANE('',#5455);
#4788=PLANE('',#5467);
#4789=PLANE('',#5468);
#4790=PLANE('',#5469);
#4791=PLANE('',#5470);
#4792=PLANE('',#5471);
#4793=PLANE('',#5472);
#4794=PLANE('',#5473);
#4795=PLANE('',#5474);
#4796=PLANE('',#5475);
#4797=PLANE('',#5476);
#4798=PLANE('',#5477);
#4799=PLANE('',#5478);
#4800=PLANE('',#5479);
#4801=PLANE('',#5480);
#4802=PLANE('',#5482);
#4803=PLANE('',#5493);
#4804=PLANE('',#5514);
#4805=PLANE('',#5516);
#4806=PLANE('',#5518);
#4807=PLANE('',#5520);
#4808=PLANE('',#5522);
#4809=PLANE('',#5537);
#4810=PLANE('',#5538);
#4811=PLANE('',#5539);
#4812=PLANE('',#5540);
#4813=PLANE('',#5541);
#4814=PLANE('',#5542);
#4815=PLANE('',#5543);
#4816=PLANE('',#5544);
#4817=PLANE('',#5545);
#4818=PLANE('',#5546);
#4819=PLANE('',#5547);
#4820=PLANE('',#5548);
#4821=PLANE('',#5549);
#4822=PLANE('',#5550);
#4823=PLANE('',#5566);
#4824=PLANE('',#5570);
#4825=PLANE('',#5574);
#4826=PLANE('',#5578);
#4827=PLANE('',#5590);
#4828=PLANE('',#5591);
#4829=PLANE('',#5592);
#4830=PLANE('',#5593);
#4831=PLANE('',#5594);
#4832=PLANE('',#5595);
#4833=PLANE('',#5596);
#4834=PLANE('',#5597);
#4835=PLANE('',#5598);
#4836=PLANE('',#5599);
#4837=PLANE('',#5600);
#4838=PLANE('',#5601);
#4839=PLANE('',#5602);
#4840=PLANE('',#5603);
#4841=PLANE('',#5605);
#4842=PLANE('',#5636);
#4843=PLANE('',#5638);
#4844=PLANE('',#5640);
#4845=PLANE('',#5642);
#4846=PLANE('',#5644);
#4847=PLANE('',#5659);
#4848=PLANE('',#5660);
#4849=PLANE('',#5661);
#4850=PLANE('',#5662);
#4851=PLANE('',#5663);
#4852=PLANE('',#5664);
#4853=PLANE('',#5665);
#4854=PLANE('',#5666);
#4855=PLANE('',#5667);
#4856=PLANE('',#5668);
#4857=PLANE('',#5669);
#4858=PLANE('',#5670);
#4859=PLANE('',#5671);
#4860=PLANE('',#5672);
#4861=PLANE('',#5673);
#4862=PLANE('',#5680);
#4863=PLANE('',#5698);
#4864=PLANE('',#5700);
#4865=PLANE('',#5702);
#4866=PLANE('',#5715);
#4867=PLANE('',#5716);
#4868=PLANE('',#5717);
#4869=PLANE('',#5718);
#4870=PLANE('',#5719);
#4871=PLANE('',#5720);
#4872=PLANE('',#5721);
#4873=PLANE('',#5722);
#4874=PLANE('',#5723);
#4875=PLANE('',#5724);
#4876=PLANE('',#5725);
#4877=PLANE('',#5726);
#4878=PLANE('',#5727);
#4879=PLANE('',#5728);
#4880=ADVANCED_FACE('',(#4406,#4407,#4408),#4730,.T.);
#4881=ADVANCED_FACE('',(#4409),#332,.T.);
#4882=ADVANCED_FACE('',(#4410),#120,.T.);
#4883=ADVANCED_FACE('',(#4411),#121,.F.);
#4884=ADVANCED_FACE('',(#4412),#4731,.T.);
#4885=ADVANCED_FACE('',(#4413),#122,.T.);
#4886=ADVANCED_FACE('',(#4414),#4732,.F.);
#4887=ADVANCED_FACE('',(#4415),#123,.T.);
#4888=ADVANCED_FACE('',(#4416),#124,.T.);
#4889=ADVANCED_FACE('',(#4417),#4733,.F.);
#4890=ADVANCED_FACE('',(#4418),#125,.T.);
#4891=ADVANCED_FACE('',(#4419),#82,.T.);
#4892=ADVANCED_FACE('',(#4420),#26,.T.);
#4893=ADVANCED_FACE('',(#4421),#27,.T.);
#4894=ADVANCED_FACE('',(#4422),#28,.T.);
#4895=ADVANCED_FACE('',(#4423),#333,.T.);
#4896=ADVANCED_FACE('',(#4424),#83,.T.);
#4897=ADVANCED_FACE('',(#4425),#84,.T.);
#4898=ADVANCED_FACE('',(#4426),#29,.T.);
#4899=ADVANCED_FACE('',(#4427),#30,.T.);
#4900=ADVANCED_FACE('',(#4428),#31,.T.);
#4901=ADVANCED_FACE('',(#4429),#32,.T.);
#4902=ADVANCED_FACE('',(#4430),#85,.T.);
#4903=ADVANCED_FACE('',(#4431),#4734,.T.);
#4904=ADVANCED_FACE('',(#4432),#4735,.T.);
#4905=ADVANCED_FACE('',(#4433),#4736,.T.);
#4906=ADVANCED_FACE('',(#4434),#4737,.T.);
#4907=ADVANCED_FACE('',(#4435),#4738,.T.);
#4908=ADVANCED_FACE('',(#4436),#4739,.T.);
#4909=ADVANCED_FACE('',(#4437),#4740,.T.);
#4910=ADVANCED_FACE('',(#4438),#4741,.T.);
#4911=ADVANCED_FACE('',(#4439),#4742,.T.);
#4912=ADVANCED_FACE('',(#4440),#4743,.T.);
#4913=ADVANCED_FACE('',(#4441),#4744,.T.);
#4914=ADVANCED_FACE('',(#4442),#4745,.T.);
#4915=ADVANCED_FACE('',(#4443),#4746,.T.);
#4916=ADVANCED_FACE('',(#4444),#4747,.T.);
#4917=ADVANCED_FACE('',(#4445,#4446,#4447),#4748,.T.);
#4918=ADVANCED_FACE('',(#4448),#334,.T.);
#4919=ADVANCED_FACE('',(#4449),#126,.T.);
#4920=ADVANCED_FACE('',(#4450),#127,.F.);
#4921=ADVANCED_FACE('',(#4451),#128,.T.);
#4922=ADVANCED_FACE('',(#4452),#129,.T.);
#4923=ADVANCED_FACE('',(#4453),#130,.T.);
#4924=ADVANCED_FACE('',(#4454),#4749,.T.);
#4925=ADVANCED_FACE('',(#4455),#4750,.F.);
#4926=ADVANCED_FACE('',(#4456),#4751,.F.);
#4927=ADVANCED_FACE('',(#4457),#86,.T.);
#4928=ADVANCED_FACE('',(#4458),#33,.T.);
#4929=ADVANCED_FACE('',(#4459),#34,.T.);
#4930=ADVANCED_FACE('',(#4460),#87,.T.);
#4931=ADVANCED_FACE('',(#4461),#88,.T.);
#4932=ADVANCED_FACE('',(#4462),#35,.T.);
#4933=ADVANCED_FACE('',(#4463),#36,.T.);
#4934=ADVANCED_FACE('',(#4464),#89,.T.);
#4935=ADVANCED_FACE('',(#4465),#4752,.T.);
#4936=ADVANCED_FACE('',(#4466),#4753,.T.);
#4937=ADVANCED_FACE('',(#4467),#4754,.T.);
#4938=ADVANCED_FACE('',(#4468),#4755,.T.);
#4939=ADVANCED_FACE('',(#4469),#4756,.T.);
#4940=ADVANCED_FACE('',(#4470),#4757,.T.);
#4941=ADVANCED_FACE('',(#4471),#4758,.T.);
#4942=ADVANCED_FACE('',(#4472),#4759,.T.);
#4943=ADVANCED_FACE('',(#4473),#4760,.T.);
#4944=ADVANCED_FACE('',(#4474),#4761,.T.);
#4945=ADVANCED_FACE('',(#4475),#4762,.T.);
#4946=ADVANCED_FACE('',(#4476),#4763,.T.);
#4947=ADVANCED_FACE('',(#4477),#4764,.T.);
#4948=ADVANCED_FACE('',(#4478),#4765,.T.);
#4949=ADVANCED_FACE('',(#4479),#335,.T.);
#4950=ADVANCED_FACE('',(#4480),#131,.T.);
#4951=ADVANCED_FACE('',(#4481),#132,.F.);
#4952=ADVANCED_FACE('',(#4482),#133,.T.);
#4953=ADVANCED_FACE('',(#4483),#134,.T.);
#4954=ADVANCED_FACE('',(#4484),#135,.T.);
#4955=ADVANCED_FACE('',(#4485),#4766,.T.);
#4956=ADVANCED_FACE('',(#4486),#4767,.F.);
#4957=ADVANCED_FACE('',(#4487),#4768,.F.);
#4958=ADVANCED_FACE('',(#4488),#90,.T.);
#4959=ADVANCED_FACE('',(#4489),#37,.T.);
#4960=ADVANCED_FACE('',(#4490),#38,.T.);
#4961=ADVANCED_FACE('',(#4491),#91,.T.);
#4962=ADVANCED_FACE('',(#4492),#92,.T.);
#4963=ADVANCED_FACE('',(#4493),#39,.T.);
#4964=ADVANCED_FACE('',(#4494),#40,.T.);
#4965=ADVANCED_FACE('',(#4495),#93,.T.);
#4966=ADVANCED_FACE('',(#4496,#4497,#4498),#4769,.T.);
#4967=ADVANCED_FACE('',(#4499),#4770,.F.);
#4968=ADVANCED_FACE('',(#4500),#4771,.F.);
#4969=ADVANCED_FACE('',(#4501),#4772,.F.);
#4970=ADVANCED_FACE('',(#4502),#4773,.F.);
#4971=ADVANCED_FACE('',(#4503),#4774,.F.);
#4972=ADVANCED_FACE('',(#4504),#4775,.F.);
#4973=ADVANCED_FACE('',(#4505),#4776,.T.);
#4974=ADVANCED_FACE('',(#4506),#4777,.F.);
#4975=ADVANCED_FACE('',(#4507),#4778,.F.);
#4976=ADVANCED_FACE('',(#4508),#4779,.F.);
#4977=ADVANCED_FACE('',(#4509),#4780,.F.);
#4978=ADVANCED_FACE('',(#4510),#4781,.F.);
#4979=ADVANCED_FACE('',(#4511),#4782,.F.);
#4980=ADVANCED_FACE('',(#4512),#4783,.T.);
#4981=ADVANCED_FACE('',(#4513,#4514,#4515),#4784,.T.);
#4982=ADVANCED_FACE('',(#4516),#336,.T.);
#4983=ADVANCED_FACE('',(#4517),#136,.T.);
#4984=ADVANCED_FACE('',(#4518),#137,.T.);
#4985=ADVANCED_FACE('',(#4519),#138,.T.);
#4986=ADVANCED_FACE('',(#4520),#139,.T.);
#4987=ADVANCED_FACE('',(#4521),#140,.F.);
#4988=ADVANCED_FACE('',(#4522),#141,.T.);
#4989=ADVANCED_FACE('',(#4523),#4785,.T.);
#4990=ADVANCED_FACE('',(#4524),#4786,.F.);
#4991=ADVANCED_FACE('',(#4525),#4787,.T.);
#4992=ADVANCED_FACE('',(#4526),#41,.T.);
#4993=ADVANCED_FACE('',(#4527),#42,.T.);
#4994=ADVANCED_FACE('',(#4528),#94,.T.);
#4995=ADVANCED_FACE('',(#4529),#95,.T.);
#4996=ADVANCED_FACE('',(#4530),#43,.T.);
#4997=ADVANCED_FACE('',(#4531),#44,.T.);
#4998=ADVANCED_FACE('',(#4532),#45,.T.);
#4999=ADVANCED_FACE('',(#4533),#96,.T.);
#5000=ADVANCED_FACE('',(#4534),#46,.T.);
#5001=ADVANCED_FACE('',(#4535),#47,.T.);
#5002=ADVANCED_FACE('',(#4536),#48,.T.);
#5003=ADVANCED_FACE('',(#4537),#97,.T.);
#5004=ADVANCED_FACE('',(#4538),#4788,.T.);
#5005=ADVANCED_FACE('',(#4539),#4789,.T.);
#5006=ADVANCED_FACE('',(#4540),#4790,.T.);
#5007=ADVANCED_FACE('',(#4541),#4791,.T.);
#5008=ADVANCED_FACE('',(#4542),#4792,.T.);
#5009=ADVANCED_FACE('',(#4543),#4793,.T.);
#5010=ADVANCED_FACE('',(#4544),#4794,.T.);
#5011=ADVANCED_FACE('',(#4545),#4795,.T.);
#5012=ADVANCED_FACE('',(#4546),#4796,.T.);
#5013=ADVANCED_FACE('',(#4547),#4797,.T.);
#5014=ADVANCED_FACE('',(#4548),#4798,.T.);
#5015=ADVANCED_FACE('',(#4549),#4799,.T.);
#5016=ADVANCED_FACE('',(#4550),#4800,.T.);
#5017=ADVANCED_FACE('',(#4551),#4801,.T.);
#5018=ADVANCED_FACE('',(#4552,#4553,#4554),#4802,.T.);
#5019=ADVANCED_FACE('',(#4555),#4803,.F.);
#5020=ADVANCED_FACE('',(#4556),#142,.F.);
#5021=ADVANCED_FACE('',(#4557),#143,.F.);
#5022=ADVANCED_FACE('',(#4558),#144,.F.);
#5023=ADVANCED_FACE('',(#4559),#145,.F.);
#5024=ADVANCED_FACE('',(#4560),#337,.T.);
#5025=ADVANCED_FACE('',(#4561),#146,.T.);
#5026=ADVANCED_FACE('',(#4562),#147,.T.);
#5027=ADVANCED_FACE('',(#4563),#148,.F.);
#5028=ADVANCED_FACE('',(#4564),#149,.F.);
#5029=ADVANCED_FACE('',(#4565),#150,.T.);
#5030=ADVANCED_FACE('',(#4566),#151,.T.);
#5031=ADVANCED_FACE('',(#4567),#4804,.T.);
#5032=ADVANCED_FACE('',(#4568),#4805,.F.);
#5033=ADVANCED_FACE('',(#4569),#4806,.F.);
#5034=ADVANCED_FACE('',(#4570),#4807,.T.);
#5035=ADVANCED_FACE('',(#4571),#4808,.T.);
#5036=ADVANCED_FACE('',(#4572),#49,.T.);
#5037=ADVANCED_FACE('',(#4573),#98,.T.);
#5038=ADVANCED_FACE('',(#4574),#50,.T.);
#5039=ADVANCED_FACE('',(#4575),#51,.T.);
#5040=ADVANCED_FACE('',(#4576),#52,.T.);
#5041=ADVANCED_FACE('',(#4577),#99,.T.);
#5042=ADVANCED_FACE('',(#4578),#53,.T.);
#5043=ADVANCED_FACE('',(#4579),#100,.T.);
#5044=ADVANCED_FACE('',(#4580),#101,.T.);
#5045=ADVANCED_FACE('',(#4581),#54,.T.);
#5046=ADVANCED_FACE('',(#4582),#55,.T.);
#5047=ADVANCED_FACE('',(#4583),#102,.T.);
#5048=ADVANCED_FACE('',(#4584),#103,.T.);
#5049=ADVANCED_FACE('',(#4585),#56,.T.);
#5050=ADVANCED_FACE('',(#4586),#57,.T.);
#5051=ADVANCED_FACE('',(#4587),#104,.T.);
#5052=ADVANCED_FACE('',(#4588),#4809,.T.);
#5053=ADVANCED_FACE('',(#4589),#4810,.T.);
#5054=ADVANCED_FACE('',(#4590),#4811,.T.);
#5055=ADVANCED_FACE('',(#4591),#4812,.T.);
#5056=ADVANCED_FACE('',(#4592),#4813,.T.);
#5057=ADVANCED_FACE('',(#4593),#4814,.T.);
#5058=ADVANCED_FACE('',(#4594),#4815,.T.);
#5059=ADVANCED_FACE('',(#4595),#4816,.T.);
#5060=ADVANCED_FACE('',(#4596),#4817,.T.);
#5061=ADVANCED_FACE('',(#4597),#4818,.T.);
#5062=ADVANCED_FACE('',(#4598),#4819,.T.);
#5063=ADVANCED_FACE('',(#4599),#4820,.T.);
#5064=ADVANCED_FACE('',(#4600),#4821,.T.);
#5065=ADVANCED_FACE('',(#4601),#4822,.T.);
#5066=ADVANCED_FACE('',(#4602),#338,.T.);
#5067=ADVANCED_FACE('',(#4603),#152,.F.);
#5068=ADVANCED_FACE('',(#4604),#153,.T.);
#5069=ADVANCED_FACE('',(#4605),#154,.T.);
#5070=ADVANCED_FACE('',(#4606,#4607,#4608),#4823,.T.);
#5071=ADVANCED_FACE('',(#4609),#4824,.F.);
#5072=ADVANCED_FACE('',(#4610),#155,.T.);
#5073=ADVANCED_FACE('',(#4611),#4825,.T.);
#5074=ADVANCED_FACE('',(#4612),#156,.T.);
#5075=ADVANCED_FACE('',(#4613),#157,.T.);
#5076=ADVANCED_FACE('',(#4614),#4826,.F.);
#5077=ADVANCED_FACE('',(#4615),#58,.T.);
#5078=ADVANCED_FACE('',(#4616),#59,.T.);
#5079=ADVANCED_FACE('',(#4617),#105,.T.);
#5080=ADVANCED_FACE('',(#4618),#106,.T.);
#5081=ADVANCED_FACE('',(#4619),#60,.T.);
#5082=ADVANCED_FACE('',(#4620),#61,.T.);
#5083=ADVANCED_FACE('',(#4621),#62,.T.);
#5084=ADVANCED_FACE('',(#4622),#63,.T.);
#5085=ADVANCED_FACE('',(#4623),#107,.T.);
#5086=ADVANCED_FACE('',(#4624),#64,.T.);
#5087=ADVANCED_FACE('',(#4625),#65,.T.);
#5088=ADVANCED_FACE('',(#4626),#108,.T.);
#5089=ADVANCED_FACE('',(#4627),#4827,.F.);
#5090=ADVANCED_FACE('',(#4628),#4828,.F.);
#5091=ADVANCED_FACE('',(#4629),#4829,.F.);
#5092=ADVANCED_FACE('',(#4630),#4830,.F.);
#5093=ADVANCED_FACE('',(#4631),#4831,.F.);
#5094=ADVANCED_FACE('',(#4632),#4832,.F.);
#5095=ADVANCED_FACE('',(#4633),#4833,.T.);
#5096=ADVANCED_FACE('',(#4634),#4834,.F.);
#5097=ADVANCED_FACE('',(#4635),#4835,.F.);
#5098=ADVANCED_FACE('',(#4636),#4836,.F.);
#5099=ADVANCED_FACE('',(#4637),#4837,.F.);
#5100=ADVANCED_FACE('',(#4638),#4838,.F.);
#5101=ADVANCED_FACE('',(#4639),#4839,.F.);
#5102=ADVANCED_FACE('',(#4640),#4840,.T.);
#5103=ADVANCED_FACE('',(#4641),#4841,.T.);
#5104=ADVANCED_FACE('',(#4642),#158,.F.);
#5105=ADVANCED_FACE('',(#4643),#159,.F.);
#5106=ADVANCED_FACE('',(#4644),#160,.F.);
#5107=ADVANCED_FACE('',(#4645),#161,.F.);
#5108=ADVANCED_FACE('',(#4646),#339,.T.);
#5109=ADVANCED_FACE('',(#4647),#162,.T.);
#5110=ADVANCED_FACE('',(#4648),#163,.T.);
#5111=ADVANCED_FACE('',(#4649),#164,.F.);
#5112=ADVANCED_FACE('',(#4650),#165,.F.);
#5113=ADVANCED_FACE('',(#4651),#166,.T.);
#5114=ADVANCED_FACE('',(#4652),#167,.T.);
#5115=ADVANCED_FACE('',(#4653),#4842,.F.);
#5116=ADVANCED_FACE('',(#4654),#4843,.F.);
#5117=ADVANCED_FACE('',(#4655),#4844,.T.);
#5118=ADVANCED_FACE('',(#4656),#4845,.T.);
#5119=ADVANCED_FACE('',(#4657),#4846,.F.);
#5120=ADVANCED_FACE('',(#4658),#66,.T.);
#5121=ADVANCED_FACE('',(#4659),#109,.T.);
#5122=ADVANCED_FACE('',(#4660),#67,.T.);
#5123=ADVANCED_FACE('',(#4661),#68,.T.);
#5124=ADVANCED_FACE('',(#4662),#69,.T.);
#5125=ADVANCED_FACE('',(#4663),#110,.T.);
#5126=ADVANCED_FACE('',(#4664),#70,.T.);
#5127=ADVANCED_FACE('',(#4665),#111,.T.);
#5128=ADVANCED_FACE('',(#4666),#112,.T.);
#5129=ADVANCED_FACE('',(#4667),#71,.T.);
#5130=ADVANCED_FACE('',(#4668),#72,.T.);
#5131=ADVANCED_FACE('',(#4669),#113,.T.);
#5132=ADVANCED_FACE('',(#4670),#114,.T.);
#5133=ADVANCED_FACE('',(#4671),#73,.T.);
#5134=ADVANCED_FACE('',(#4672),#74,.T.);
#5135=ADVANCED_FACE('',(#4673),#115,.T.);
#5136=ADVANCED_FACE('',(#4674,#4675,#4676),#4847,.T.);
#5137=ADVANCED_FACE('',(#4677),#4848,.F.);
#5138=ADVANCED_FACE('',(#4678),#4849,.F.);
#5139=ADVANCED_FACE('',(#4679),#4850,.F.);
#5140=ADVANCED_FACE('',(#4680),#4851,.F.);
#5141=ADVANCED_FACE('',(#4681),#4852,.F.);
#5142=ADVANCED_FACE('',(#4682),#4853,.F.);
#5143=ADVANCED_FACE('',(#4683),#4854,.T.);
#5144=ADVANCED_FACE('',(#4684),#4855,.F.);
#5145=ADVANCED_FACE('',(#4685),#4856,.F.);
#5146=ADVANCED_FACE('',(#4686),#4857,.F.);
#5147=ADVANCED_FACE('',(#4687),#4858,.F.);
#5148=ADVANCED_FACE('',(#4688),#4859,.F.);
#5149=ADVANCED_FACE('',(#4689),#4860,.F.);
#5150=ADVANCED_FACE('',(#4690),#4861,.T.);
#5151=ADVANCED_FACE('',(#4691),#340,.T.);
#5152=ADVANCED_FACE('',(#4692,#4693,#4694),#4862,.T.);
#5153=ADVANCED_FACE('',(#4695),#168,.T.);
#5154=ADVANCED_FACE('',(#4696),#169,.T.);
#5155=ADVANCED_FACE('',(#4697),#170,.T.);
#5156=ADVANCED_FACE('',(#4698),#171,.T.);
#5157=ADVANCED_FACE('',(#4699),#172,.T.);
#5158=ADVANCED_FACE('',(#4700),#173,.F.);
#5159=ADVANCED_FACE('',(#4701),#4863,.T.);
#5160=ADVANCED_FACE('',(#4702),#4864,.T.);
#5161=ADVANCED_FACE('',(#4703),#4865,.F.);
#5162=ADVANCED_FACE('',(#4704),#116,.T.);
#5163=ADVANCED_FACE('',(#4705),#75,.T.);
#5164=ADVANCED_FACE('',(#4706),#76,.T.);
#5165=ADVANCED_FACE('',(#4707),#77,.T.);
#5166=ADVANCED_FACE('',(#4708),#341,.T.);
#5167=ADVANCED_FACE('',(#4709),#117,.T.);
#5168=ADVANCED_FACE('',(#4710),#118,.T.);
#5169=ADVANCED_FACE('',(#4711),#78,.T.);
#5170=ADVANCED_FACE('',(#4712),#79,.T.);
#5171=ADVANCED_FACE('',(#4713),#80,.T.);
#5172=ADVANCED_FACE('',(#4714),#81,.T.);
#5173=ADVANCED_FACE('',(#4715),#119,.T.);
#5174=ADVANCED_FACE('',(#4716),#4866,.F.);
#5175=ADVANCED_FACE('',(#4717),#4867,.F.);
#5176=ADVANCED_FACE('',(#4718),#4868,.F.);
#5177=ADVANCED_FACE('',(#4719),#4869,.F.);
#5178=ADVANCED_FACE('',(#4720),#4870,.F.);
#5179=ADVANCED_FACE('',(#4721),#4871,.F.);
#5180=ADVANCED_FACE('',(#4722),#4872,.T.);
#5181=ADVANCED_FACE('',(#4723),#4873,.F.);
#5182=ADVANCED_FACE('',(#4724),#4874,.F.);
#5183=ADVANCED_FACE('',(#4725),#4875,.F.);
#5184=ADVANCED_FACE('',(#4726),#4876,.F.);
#5185=ADVANCED_FACE('',(#4727),#4877,.F.);
#5186=ADVANCED_FACE('',(#4728),#4878,.F.);
#5187=ADVANCED_FACE('',(#4729),#4879,.T.);
#5188=CLOSED_SHELL('',(#4880,#4881,#4882,#4883,#4884,#4885,#4886,#4887,#4888,#4889,#4890,#4891,#4892,#4893,#4894,#4895,#4896,#4897,#4898,#4899,#4900,#4901,#4902,#4903,#4904,#4905,#4906,#4907,#4908,#4909,#4910,#4911,#4912,#4913,#4914,#4915,#4916));
#5189=CLOSED_SHELL('',(#4917,#4918,#4919,#4920,#4921,#4922,#4923,#4924,#4925,#4926,#4927,#4928,#4929,#4930,#4931,#4932,#4933,#4934,#4935,#4936,#4937,#4938,#4939,#4940,#4941,#4942,#4943,#4944,#4945,#4946,#4947,#4948));
#5190=CLOSED_SHELL('',(#4949,#4950,#4951,#4952,#4953,#4954,#4955,#4956,#4957,#4958,#4959,#4960,#4961,#4962,#4963,#4964,#4965,#4966,#4967,#4968,#4969,#4970,#4971,#4972,#4973,#4974,#4975,#4976,#4977,#4978,#4979,#4980));
#5191=CLOSED_SHELL('',(#4981,#4982,#4983,#4984,#4985,#4986,#4987,#4988,#4989,#4990,#4991,#4992,#4993,#4994,#4995,#4996,#4997,#4998,#4999,#5000,#5001,#5002,#5003,#5004,#5005,#5006,#5007,#5008,#5009,#5010,#5011,#5012,#5013,#5014,#5015,#5016,#5017));
#5192=CLOSED_SHELL('',(#5018,#5019,#5020,#5021,#5022,#5023,#5024,#5025,#5026,#5027,#5028,#5029,#5030,#5031,#5032,#5033,#5034,#5035,#5036,#5037,#5038,#5039,#5040,#5041,#5042,#5043,#5044,#5045,#5046,#5047,#5048,#5049,#5050,#5051,#5052,#5053,#5054,#5055,#5056,#5057,#5058,#5059,#5060,#5061,#5062,#5063,#5064,#5065));
#5193=CLOSED_SHELL('',(#5066,#5067,#5068,#5069,#5070,#5071,#5072,#5073,#5074,#5075,#5076,#5077,#5078,#5079,#5080,#5081,#5082,#5083,#5084,#5085,#5086,#5087,#5088,#5089,#5090,#5091,#5092,#5093,#5094,#5095,#5096,#5097,#5098,#5099,#5100,#5101,#5102));
#5194=CLOSED_SHELL('',(#5103,#5104,#5105,#5106,#5107,#5108,#5109,#5110,#5111,#5112,#5113,#5114,#5115,#5116,#5117,#5118,#5119,#5120,#5121,#5122,#5123,#5124,#5125,#5126,#5127,#5128,#5129,#5130,#5131,#5132,#5133,#5134,#5135,#5136,#5137,#5138,#5139,#5140,#5141,#5142,#5143,#5144,#5145,#5146,#5147,#5148,#5149,#5150));
#5195=CLOSED_SHELL('',(#5151,#5152,#5153,#5154,#5155,#5156,#5157,#5158,#5159,#5160,#5161,#5162,#5163,#5164,#5165,#5166,#5167,#5168,#5169,#5170,#5171,#5172,#5173,#5174,#5175,#5176,#5177,#5178,#5179,#5180,#5181,#5182,#5183,#5184,#5185,#5186,#5187));
#5196=STYLED_ITEM('',(#5204),#5253);
#5197=STYLED_ITEM('',(#5205),#5254);
#5198=STYLED_ITEM('',(#5206),#5255);
#5199=STYLED_ITEM('',(#5207),#5256);
#5200=STYLED_ITEM('',(#5208),#5257);
#5201=STYLED_ITEM('',(#5209),#5258);
#5202=STYLED_ITEM('',(#5210),#5259);
#5203=STYLED_ITEM('',(#5211),#5260);
#5204=PRESENTATION_STYLE_ASSIGNMENT((#5212));
#5205=PRESENTATION_STYLE_ASSIGNMENT((#5213));
#5206=PRESENTATION_STYLE_ASSIGNMENT((#5214));
#5207=PRESENTATION_STYLE_ASSIGNMENT((#5215));
#5208=PRESENTATION_STYLE_ASSIGNMENT((#5216));
#5209=PRESENTATION_STYLE_ASSIGNMENT((#5217));
#5210=PRESENTATION_STYLE_ASSIGNMENT((#5218));
#5211=PRESENTATION_STYLE_ASSIGNMENT((#5219));
#5212=SURFACE_STYLE_USAGE(.BOTH.,#5220);
#5213=SURFACE_STYLE_USAGE(.BOTH.,#5221);
#5214=SURFACE_STYLE_USAGE(.BOTH.,#5222);
#5215=SURFACE_STYLE_USAGE(.BOTH.,#5223);
#5216=SURFACE_STYLE_USAGE(.BOTH.,#5224);
#5217=SURFACE_STYLE_USAGE(.BOTH.,#5225);
#5218=SURFACE_STYLE_USAGE(.BOTH.,#5226);
#5219=SURFACE_STYLE_USAGE(.BOTH.,#5227);
#5220=SURFACE_SIDE_STYLE('',(#5228));
#5221=SURFACE_SIDE_STYLE('',(#5229));
#5222=SURFACE_SIDE_STYLE('',(#5230));
#5223=SURFACE_SIDE_STYLE('',(#5231));
#5224=SURFACE_SIDE_STYLE('',(#5232));
#5225=SURFACE_SIDE_STYLE('',(#5233));
#5226=SURFACE_SIDE_STYLE('',(#5234));
#5227=SURFACE_SIDE_STYLE('',(#5235));
#5228=SURFACE_STYLE_FILL_AREA(#5236);
#5229=SURFACE_STYLE_FILL_AREA(#5237);
#5230=SURFACE_STYLE_FILL_AREA(#5238);
#5231=SURFACE_STYLE_FILL_AREA(#5239);
#5232=SURFACE_STYLE_FILL_AREA(#5240);
#5233=SURFACE_STYLE_FILL_AREA(#5241);
#5234=SURFACE_STYLE_FILL_AREA(#5242);
#5235=SURFACE_STYLE_FILL_AREA(#5243);
#5236=FILL_AREA_STYLE('',(#5244));
#5237=FILL_AREA_STYLE('',(#5245));
#5238=FILL_AREA_STYLE('',(#5246));
#5239=FILL_AREA_STYLE('',(#5247));
#5240=FILL_AREA_STYLE('',(#5248));
#5241=FILL_AREA_STYLE('',(#5249));
#5242=FILL_AREA_STYLE('',(#5250));
#5243=FILL_AREA_STYLE('',(#5251));
#5244=FILL_AREA_STYLE_COLOUR('',#5252);
#5245=FILL_AREA_STYLE_COLOUR('',#5252);
#5246=FILL_AREA_STYLE_COLOUR('',#5252);
#5247=FILL_AREA_STYLE_COLOUR('',#5252);
#5248=FILL_AREA_STYLE_COLOUR('',#5252);
#5249=FILL_AREA_STYLE_COLOUR('',#5252);
#5250=FILL_AREA_STYLE_COLOUR('',#5252);
#5251=FILL_AREA_STYLE_COLOUR('',#5252);
#5252=COLOUR_RGB('',0.713725490196078,0.76078431372549,0.8);
#5253=MANIFOLD_SOLID_BREP('Keycap',#5188);
#5254=MANIFOLD_SOLID_BREP('Keycap',#5189);
#5255=MANIFOLD_SOLID_BREP('Keycap',#5190);
#5256=MANIFOLD_SOLID_BREP('Keycap',#5191);
#5257=MANIFOLD_SOLID_BREP('Keycap',#5192);
#5258=MANIFOLD_SOLID_BREP('Keycap',#5193);
#5259=MANIFOLD_SOLID_BREP('Keycap',#5194);
#5260=MANIFOLD_SOLID_BREP('Keycap',#5195);
#5261=SHAPE_DEFINITION_REPRESENTATION(#10025,#5269);
#5262=SHAPE_DEFINITION_REPRESENTATION(#10026,#5270);
#5263=SHAPE_DEFINITION_REPRESENTATION(#10027,#5271);
#5264=SHAPE_DEFINITION_REPRESENTATION(#10028,#5272);
#5265=SHAPE_DEFINITION_REPRESENTATION(#10029,#5273);
#5266=SHAPE_DEFINITION_REPRESENTATION(#10030,#5274);
#5267=SHAPE_DEFINITION_REPRESENTATION(#10031,#5275);
#5268=SHAPE_DEFINITION_REPRESENTATION(#10032,#5276);
#5269=SHAPE_REPRESENTATION('Keycap',(#5277),#9985);
#5270=SHAPE_REPRESENTATION('Keycap',(#5332),#9986);
#5271=SHAPE_REPRESENTATION('Keycap',(#5380),#9987);
#5272=SHAPE_REPRESENTATION('Keycap',(#5428),#9988);
#5273=SHAPE_REPRESENTATION('Keycap',(#5481),#9989);
#5274=SHAPE_REPRESENTATION('Keycap',(#5551),#9990);
#5275=SHAPE_REPRESENTATION('Keycap',(#5604),#9991);
#5276=SHAPE_REPRESENTATION('Keycap',(#5674),#9992);
#5277=AXIS2_PLACEMENT_3D('',#7037,#5729,#5730);
#5278=AXIS2_PLACEMENT_3D('',#7038,#5731,#5732);
#5279=AXIS2_PLACEMENT_3D('',#7039,#5733,#5734);
#5280=AXIS2_PLACEMENT_3D('',#7042,#5735,#5736);
#5281=AXIS2_PLACEMENT_3D('',#7046,#5738,#5739);
#5282=AXIS2_PLACEMENT_3D('',#7050,#5741,#5742);
#5283=AXIS2_PLACEMENT_3D('',#7052,#5743,#5744);
#5284=AXIS2_PLACEMENT_3D('',#7056,#5746,#5747);
#5285=AXIS2_PLACEMENT_3D('',#7081,#5760,#5761);
#5286=AXIS2_PLACEMENT_3D('',#7082,#5762,#5763);
#5287=AXIS2_PLACEMENT_3D('',#7085,#5764,#5765);
#5288=AXIS2_PLACEMENT_3D('',#7087,#5766,#5767);
#5289=AXIS2_PLACEMENT_3D('',#7089,#5768,#5769);
#5290=AXIS2_PLACEMENT_3D('',#7096,#5770,#5771);
#5291=AXIS2_PLACEMENT_3D('',#7099,#5773,#5774);
#5292=AXIS2_PLACEMENT_3D('',#7102,#5776,#5777);
#5293=AXIS2_PLACEMENT_3D('',#7105,#5779,#5780);
#5294=AXIS2_PLACEMENT_3D('',#7106,#5781,#5782);
#5295=AXIS2_PLACEMENT_3D('',#7112,#5783,#5784);
#5296=AXIS2_PLACEMENT_3D('',#7115,#5786,#5787);
#5297=AXIS2_PLACEMENT_3D('',#7116,#5788,#5789);
#5298=AXIS2_PLACEMENT_3D('',#7119,#5791,#5792);
#5299=AXIS2_PLACEMENT_3D('',#7125,#5793,#5794);
#5300=AXIS2_PLACEMENT_3D('',#7128,#5796,#5797);
#5301=AXIS2_PLACEMENT_3D('',#7137,#5799,#5800);
#5302=AXIS2_PLACEMENT_3D('',#7138,#5801,#5802);
#5303=AXIS2_PLACEMENT_3D('',#7141,#5804,#5805);
#5304=AXIS2_PLACEMENT_3D('',#7142,#5806,#5807);
#5305=AXIS2_PLACEMENT_3D('',#7150,#5809,#5810);
#5306=AXIS2_PLACEMENT_3D('',#7151,#5811,#5812);
#5307=AXIS2_PLACEMENT_3D('',#7152,#5813,#5814);
#5308=AXIS2_PLACEMENT_3D('',#7158,#5815,#5816);
#5309=AXIS2_PLACEMENT_3D('',#7177,#5817,#5818);
#5310=AXIS2_PLACEMENT_3D('',#7190,#5819,#5820);
#5311=AXIS2_PLACEMENT_3D('',#7222,#5821,#5822);
#5312=AXIS2_PLACEMENT_3D('',#7223,#5823,#5824);
#5313=AXIS2_PLACEMENT_3D('',#7224,#5825,#5826);
#5314=AXIS2_PLACEMENT_3D('',#7230,#5827,#5828);
#5315=AXIS2_PLACEMENT_3D('',#7249,#5829,#5830);
#5316=AXIS2_PLACEMENT_3D('',#7308,#5831,#5832);
#5317=AXIS2_PLACEMENT_3D('',#7332,#5833,#5834);
#5318=AXIS2_PLACEMENT_3D('',#7333,#5835,#5836);
#5319=AXIS2_PLACEMENT_3D('',#7339,#5840,#5841);
#5320=AXIS2_PLACEMENT_3D('',#7343,#5844,#5845);
#5321=AXIS2_PLACEMENT_3D('',#7347,#5848,#5849);
#5322=AXIS2_PLACEMENT_3D('',#7351,#5852,#5853);
#5323=AXIS2_PLACEMENT_3D('',#7355,#5856,#5857);
#5324=AXIS2_PLACEMENT_3D('',#7357,#5859,#5860);
#5325=AXIS2_PLACEMENT_3D('',#7358,#5861,#5862);
#5326=AXIS2_PLACEMENT_3D('',#7364,#5866,#5867);
#5327=AXIS2_PLACEMENT_3D('',#7368,#5870,#5871);
#5328=AXIS2_PLACEMENT_3D('',#7372,#5874,#5875);
#5329=AXIS2_PLACEMENT_3D('',#7376,#5878,#5879);
#5330=AXIS2_PLACEMENT_3D('',#7380,#5882,#5883);
#5331=AXIS2_PLACEMENT_3D('',#7382,#5885,#5886);
#5332=AXIS2_PLACEMENT_3D('',#7383,#5887,#5888);
#5333=AXIS2_PLACEMENT_3D('',#7384,#5889,#5890);
#5334=AXIS2_PLACEMENT_3D('',#7385,#5891,#5892);
#5335=AXIS2_PLACEMENT_3D('',#7390,#5894,#5895);
#5336=AXIS2_PLACEMENT_3D('',#7392,#5896,#5897);
#5337=AXIS2_PLACEMENT_3D('',#7394,#5898,#5899);
#5338=AXIS2_PLACEMENT_3D('',#7398,#5901,#5902);
#5339=AXIS2_PLACEMENT_3D('',#7425,#5916,#5917);
#5340=AXIS2_PLACEMENT_3D('',#7433,#5918,#5919);
#5341=AXIS2_PLACEMENT_3D('',#7440,#5920,#5921);
#5342=AXIS2_PLACEMENT_3D('',#7447,#5922,#5923);
#5343=AXIS2_PLACEMENT_3D('',#7454,#5924,#5925);
#5344=AXIS2_PLACEMENT_3D('',#7455,#5926,#5927);
#5345=AXIS2_PLACEMENT_3D('',#7465,#5930,#5931);
#5346=AXIS2_PLACEMENT_3D('',#7466,#5932,#5933);
#5347=AXIS2_PLACEMENT_3D('',#7469,#5935,#5936);
#5348=AXIS2_PLACEMENT_3D('',#7477,#5938,#5939);
#5349=AXIS2_PLACEMENT_3D('',#7486,#5942,#5943);
#5350=AXIS2_PLACEMENT_3D('',#7501,#5946,#5947);
#5351=AXIS2_PLACEMENT_3D('',#7502,#5948,#5949);
#5352=AXIS2_PLACEMENT_3D('',#7503,#5950,#5951);
#5353=AXIS2_PLACEMENT_3D('',#7504,#5952,#5953);
#5354=AXIS2_PLACEMENT_3D('',#7505,#5954,#5955);
#5355=AXIS2_PLACEMENT_3D('',#7511,#5956,#5957);
#5356=AXIS2_PLACEMENT_3D('',#7512,#5958,#5959);
#5357=AXIS2_PLACEMENT_3D('',#7513,#5960,#5961);
#5358=AXIS2_PLACEMENT_3D('',#7514,#5962,#5963);
#5359=AXIS2_PLACEMENT_3D('',#7530,#5964,#5965);
#5360=AXIS2_PLACEMENT_3D('',#7546,#5966,#5967);
#5361=AXIS2_PLACEMENT_3D('',#7547,#5968,#5969);
#5362=AXIS2_PLACEMENT_3D('',#7548,#5970,#5971);
#5363=AXIS2_PLACEMENT_3D('',#7549,#5972,#5973);
#5364=AXIS2_PLACEMENT_3D('',#7550,#5974,#5975);
#5365=AXIS2_PLACEMENT_3D('',#7590,#5976,#5977);
#5366=AXIS2_PLACEMENT_3D('',#7591,#5978,#5979);
#5367=AXIS2_PLACEMENT_3D('',#7597,#5983,#5984);
#5368=AXIS2_PLACEMENT_3D('',#7601,#5987,#5988);
#5369=AXIS2_PLACEMENT_3D('',#7605,#5991,#5992);
#5370=AXIS2_PLACEMENT_3D('',#7609,#5995,#5996);
#5371=AXIS2_PLACEMENT_3D('',#7613,#5999,#6000);
#5372=AXIS2_PLACEMENT_3D('',#7615,#6002,#6003);
#5373=AXIS2_PLACEMENT_3D('',#7616,#6004,#6005);
#5374=AXIS2_PLACEMENT_3D('',#7622,#6009,#6010);
#5375=AXIS2_PLACEMENT_3D('',#7626,#6013,#6014);
#5376=AXIS2_PLACEMENT_3D('',#7630,#6017,#6018);
#5377=AXIS2_PLACEMENT_3D('',#7634,#6021,#6022);
#5378=AXIS2_PLACEMENT_3D('',#7638,#6025,#6026);
#5379=AXIS2_PLACEMENT_3D('',#7640,#6028,#6029);
#5380=AXIS2_PLACEMENT_3D('',#7641,#6030,#6031);
#5381=AXIS2_PLACEMENT_3D('',#7642,#6032,#6033);
#5382=AXIS2_PLACEMENT_3D('',#7649,#6034,#6035);
#5383=AXIS2_PLACEMENT_3D('',#7657,#6036,#6037);
#5384=AXIS2_PLACEMENT_3D('',#7664,#6038,#6039);
#5385=AXIS2_PLACEMENT_3D('',#7671,#6040,#6041);
#5386=AXIS2_PLACEMENT_3D('',#7672,#6042,#6043);
#5387=AXIS2_PLACEMENT_3D('',#7673,#6044,#6045);
#5388=AXIS2_PLACEMENT_3D('',#7685,#6048,#6049);
#5389=AXIS2_PLACEMENT_3D('',#7689,#6051,#6052);
#5390=AXIS2_PLACEMENT_3D('',#7690,#6053,#6054);
#5391=AXIS2_PLACEMENT_3D('',#7691,#6055,#6056);
#5392=AXIS2_PLACEMENT_3D('',#7692,#6057,#6058);
#5393=AXIS2_PLACEMENT_3D('',#7701,#6060,#6061);
#5394=AXIS2_PLACEMENT_3D('',#7702,#6062,#6063);
#5395=AXIS2_PLACEMENT_3D('',#7719,#6066,#6067);
#5396=AXIS2_PLACEMENT_3D('',#7720,#6068,#6069);
#5397=AXIS2_PLACEMENT_3D('',#7731,#6072,#6073);
#5398=AXIS2_PLACEMENT_3D('',#7733,#6075,#6076);
#5399=AXIS2_PLACEMENT_3D('',#7734,#6077,#6078);
#5400=AXIS2_PLACEMENT_3D('',#7736,#6080,#6081);
#5401=AXIS2_PLACEMENT_3D('',#7737,#6082,#6083);
#5402=AXIS2_PLACEMENT_3D('',#7739,#6085,#6086);
#5403=AXIS2_PLACEMENT_3D('',#7745,#6087,#6088);
#5404=AXIS2_PLACEMENT_3D('',#7746,#6089,#6090);
#5405=AXIS2_PLACEMENT_3D('',#7747,#6091,#6092);
#5406=AXIS2_PLACEMENT_3D('',#7763,#6093,#6094);
#5407=AXIS2_PLACEMENT_3D('',#7779,#6095,#6096);
#5408=AXIS2_PLACEMENT_3D('',#7780,#6097,#6098);
#5409=AXIS2_PLACEMENT_3D('',#7781,#6099,#6100);
#5410=AXIS2_PLACEMENT_3D('',#7782,#6101,#6102);
#5411=AXIS2_PLACEMENT_3D('',#7783,#6103,#6104);
#5412=AXIS2_PLACEMENT_3D('',#7823,#6105,#6106);
#5413=AXIS2_PLACEMENT_3D('',#7824,#6107,#6108);
#5414=AXIS2_PLACEMENT_3D('',#7849,#6121,#6122);
#5415=AXIS2_PLACEMENT_3D('',#7855,#6126,#6127);
#5416=AXIS2_PLACEMENT_3D('',#7859,#6130,#6131);
#5417=AXIS2_PLACEMENT_3D('',#7863,#6134,#6135);
#5418=AXIS2_PLACEMENT_3D('',#7867,#6138,#6139);
#5419=AXIS2_PLACEMENT_3D('',#7871,#6142,#6143);
#5420=AXIS2_PLACEMENT_3D('',#7873,#6145,#6146);
#5421=AXIS2_PLACEMENT_3D('',#7874,#6147,#6148);
#5422=AXIS2_PLACEMENT_3D('',#7880,#6152,#6153);
#5423=AXIS2_PLACEMENT_3D('',#7884,#6156,#6157);
#5424=AXIS2_PLACEMENT_3D('',#7888,#6160,#6161);
#5425=AXIS2_PLACEMENT_3D('',#7892,#6164,#6165);
#5426=AXIS2_PLACEMENT_3D('',#7896,#6168,#6169);
#5427=AXIS2_PLACEMENT_3D('',#7898,#6171,#6172);
#5428=AXIS2_PLACEMENT_3D('',#7899,#6173,#6174);
#5429=AXIS2_PLACEMENT_3D('',#7900,#6175,#6176);
#5430=AXIS2_PLACEMENT_3D('',#7917,#6178,#6179);
#5431=AXIS2_PLACEMENT_3D('',#7921,#6181,#6182);
#5432=AXIS2_PLACEMENT_3D('',#7923,#6183,#6184);
#5433=AXIS2_PLACEMENT_3D('',#7925,#6185,#6186);
#5434=AXIS2_PLACEMENT_3D('',#7929,#6188,#6189);
#5435=AXIS2_PLACEMENT_3D('',#7931,#6190,#6191);
#5436=AXIS2_PLACEMENT_3D('',#7956,#6204,#6205);
#5437=AXIS2_PLACEMENT_3D('',#7957,#6206,#6207);
#5438=AXIS2_PLACEMENT_3D('',#7960,#6208,#6209);
#5439=AXIS2_PLACEMENT_3D('',#7962,#6210,#6211);
#5440=AXIS2_PLACEMENT_3D('',#7964,#6212,#6213);
#5441=AXIS2_PLACEMENT_3D('',#7978,#6214,#6215);
#5442=AXIS2_PLACEMENT_3D('',#7987,#6218,#6219);
#5443=AXIS2_PLACEMENT_3D('',#7992,#6220,#6221);
#5444=AXIS2_PLACEMENT_3D('',#7995,#6223,#6224);
#5445=AXIS2_PLACEMENT_3D('',#7998,#6226,#6227);
#5446=AXIS2_PLACEMENT_3D('',#8001,#6229,#6230);
#5447=AXIS2_PLACEMENT_3D('',#8004,#6232,#6233);
#5448=AXIS2_PLACEMENT_3D('',#8005,#6234,#6235);
#5449=AXIS2_PLACEMENT_3D('',#8008,#6237,#6238);
#5450=AXIS2_PLACEMENT_3D('',#8009,#6239,#6240);
#5451=AXIS2_PLACEMENT_3D('',#8012,#6242,#6243);
#5452=AXIS2_PLACEMENT_3D('',#8018,#6244,#6245);
#5453=AXIS2_PLACEMENT_3D('',#8019,#6246,#6247);
#5454=AXIS2_PLACEMENT_3D('',#8020,#6248,#6249);
#5455=AXIS2_PLACEMENT_3D('',#8026,#6250,#6251);
#5456=AXIS2_PLACEMENT_3D('',#8027,#6252,#6253);
#5457=AXIS2_PLACEMENT_3D('',#8045,#6254,#6255);
#5458=AXIS2_PLACEMENT_3D('',#8082,#6256,#6257);
#5459=AXIS2_PLACEMENT_3D('',#8088,#6258,#6259);
#5460=AXIS2_PLACEMENT_3D('',#8089,#6260,#6261);
#5461=AXIS2_PLACEMENT_3D('',#8114,#6262,#6263);
#5462=AXIS2_PLACEMENT_3D('',#8158,#6264,#6265);
#5463=AXIS2_PLACEMENT_3D('',#8159,#6266,#6267);
#5464=AXIS2_PLACEMENT_3D('',#8182,#6268,#6269);
#5465=AXIS2_PLACEMENT_3D('',#8195,#6270,#6271);
#5466=AXIS2_PLACEMENT_3D('',#8222,#6272,#6273);
#5467=AXIS2_PLACEMENT_3D('',#8223,#6274,#6275);
#5468=AXIS2_PLACEMENT_3D('',#8229,#6279,#6280);
#5469=AXIS2_PLACEMENT_3D('',#8233,#6283,#6284);
#5470=AXIS2_PLACEMENT_3D('',#8237,#6287,#6288);
#5471=AXIS2_PLACEMENT_3D('',#8241,#6291,#6292);
#5472=AXIS2_PLACEMENT_3D('',#8245,#6295,#6296);
#5473=AXIS2_PLACEMENT_3D('',#8247,#6298,#6299);
#5474=AXIS2_PLACEMENT_3D('',#8248,#6300,#6301);
#5475=AXIS2_PLACEMENT_3D('',#8254,#6305,#6306);
#5476=AXIS2_PLACEMENT_3D('',#8258,#6309,#6310);
#5477=AXIS2_PLACEMENT_3D('',#8262,#6313,#6314);
#5478=AXIS2_PLACEMENT_3D('',#8266,#6317,#6318);
#5479=AXIS2_PLACEMENT_3D('',#8270,#6321,#6322);
#5480=AXIS2_PLACEMENT_3D('',#8272,#6324,#6325);
#5481=AXIS2_PLACEMENT_3D('',#8273,#6326,#6327);
#5482=AXIS2_PLACEMENT_3D('',#8274,#6328,#6329);
#5483=AXIS2_PLACEMENT_3D('',#8275,#6330,#6331);
#5484=AXIS2_PLACEMENT_3D('',#8282,#6334,#6335);
#5485=AXIS2_PLACEMENT_3D('',#8286,#6337,#6338);
#5486=AXIS2_PLACEMENT_3D('',#8288,#6339,#6340);
#5487=AXIS2_PLACEMENT_3D('',#8290,#6341,#6342);
#5488=AXIS2_PLACEMENT_3D('',#8292,#6343,#6344);
#5489=AXIS2_PLACEMENT_3D('',#8294,#6345,#6346);
#5490=AXIS2_PLACEMENT_3D('',#8296,#6347,#6348);
#5491=AXIS2_PLACEMENT_3D('',#8300,#6350,#6351);
#5492=AXIS2_PLACEMENT_3D('',#8304,#6353,#6354);
#5493=AXIS2_PLACEMENT_3D('',#8331,#6368,#6369);
#5494=AXIS2_PLACEMENT_3D('',#8339,#6371,#6372);
#5495=AXIS2_PLACEMENT_3D('',#8342,#6374,#6375);
#5496=AXIS2_PLACEMENT_3D('',#8359,#6377,#6378);
#5497=AXIS2_PLACEMENT_3D('',#8366,#6380,#6381);
#5498=AXIS2_PLACEMENT_3D('',#8380,#6384,#6385);
#5499=AXIS2_PLACEMENT_3D('',#8388,#6387,#6388);
#5500=AXIS2_PLACEMENT_3D('',#8389,#6389,#6390);
#5501=AXIS2_PLACEMENT_3D('',#8397,#6391,#6392);
#5502=AXIS2_PLACEMENT_3D('',#8399,#6393,#6394);
#5503=AXIS2_PLACEMENT_3D('',#8406,#6395,#6396);
#5504=AXIS2_PLACEMENT_3D('',#8413,#6397,#6398);
#5505=AXIS2_PLACEMENT_3D('',#8423,#6399,#6400);
#5506=AXIS2_PLACEMENT_3D('',#8430,#6401,#6402);
#5507=AXIS2_PLACEMENT_3D('',#8452,#6403,#6404);
#5508=AXIS2_PLACEMENT_3D('',#8462,#6407,#6408);
#5509=AXIS2_PLACEMENT_3D('',#8471,#6411,#6412);
#5510=AXIS2_PLACEMENT_3D('',#8481,#6413,#6414);
#5511=AXIS2_PLACEMENT_3D('',#8482,#6415,#6416);
#5512=AXIS2_PLACEMENT_3D('',#8485,#6418,#6419);
#5513=AXIS2_PLACEMENT_3D('',#8494,#6422,#6423);
#5514=AXIS2_PLACEMENT_3D('',#8511,#6426,#6427);
#5515=AXIS2_PLACEMENT_3D('',#8512,#6428,#6429);
#5516=AXIS2_PLACEMENT_3D('',#8517,#6432,#6433);
#5517=AXIS2_PLACEMENT_3D('',#8518,#6434,#6435);
#5518=AXIS2_PLACEMENT_3D('',#8519,#6436,#6437);
#5519=AXIS2_PLACEMENT_3D('',#8520,#6438,#6439);
#5520=AXIS2_PLACEMENT_3D('',#8521,#6440,#6441);
#5521=AXIS2_PLACEMENT_3D('',#8522,#6442,#6443);
#5522=AXIS2_PLACEMENT_3D('',#8523,#6444,#6445);
#5523=AXIS2_PLACEMENT_3D('',#8524,#6446,#6447);
#5524=AXIS2_PLACEMENT_3D('',#8545,#6448,#6449);
#5525=AXIS2_PLACEMENT_3D('',#8546,#6450,#6451);
#5526=AXIS2_PLACEMENT_3D('',#8547,#6452,#6453);
#5527=AXIS2_PLACEMENT_3D('',#8548,#6454,#6455);
#5528=AXIS2_PLACEMENT_3D('',#8600,#6456,#6457);
#5529=AXIS2_PLACEMENT_3D('',#8601,#6458,#6459);
#5530=AXIS2_PLACEMENT_3D('',#8623,#6460,#6461);
#5531=AXIS2_PLACEMENT_3D('',#8628,#6462,#6463);
#5532=AXIS2_PLACEMENT_3D('',#8665,#6464,#6465);
#5533=AXIS2_PLACEMENT_3D('',#8666,#6466,#6467);
#5534=AXIS2_PLACEMENT_3D('',#8671,#6468,#6469);
#5535=AXIS2_PLACEMENT_3D('',#8672,#6470,#6471);
#5536=AXIS2_PLACEMENT_3D('',#8714,#6472,#6473);
#5537=AXIS2_PLACEMENT_3D('',#8715,#6474,#6475);
#5538=AXIS2_PLACEMENT_3D('',#8721,#6479,#6480);
#5539=AXIS2_PLACEMENT_3D('',#8725,#6483,#6484);
#5540=AXIS2_PLACEMENT_3D('',#8729,#6487,#6488);
#5541=AXIS2_PLACEMENT_3D('',#8733,#6491,#6492);
#5542=AXIS2_PLACEMENT_3D('',#8737,#6495,#6496);
#5543=AXIS2_PLACEMENT_3D('',#8739,#6498,#6499);
#5544=AXIS2_PLACEMENT_3D('',#8740,#6500,#6501);
#5545=AXIS2_PLACEMENT_3D('',#8746,#6505,#6506);
#5546=AXIS2_PLACEMENT_3D('',#8750,#6509,#6510);
#5547=AXIS2_PLACEMENT_3D('',#8754,#6513,#6514);
#5548=AXIS2_PLACEMENT_3D('',#8758,#6517,#6518);
#5549=AXIS2_PLACEMENT_3D('',#8762,#6521,#6522);
#5550=AXIS2_PLACEMENT_3D('',#8764,#6524,#6525);
#5551=AXIS2_PLACEMENT_3D('',#8765,#6526,#6527);
#5552=AXIS2_PLACEMENT_3D('',#8766,#6528,#6529);
#5553=AXIS2_PLACEMENT_3D('',#8767,#6530,#6531);
#5554=AXIS2_PLACEMENT_3D('',#8770,#6532,#6533);
#5555=AXIS2_PLACEMENT_3D('',#8772,#6534,#6535);
#5556=AXIS2_PLACEMENT_3D('',#8787,#6536,#6537);
#5557=AXIS2_PLACEMENT_3D('',#8788,#6538,#6539);
#5558=AXIS2_PLACEMENT_3D('',#8792,#6541,#6542);
#5559=AXIS2_PLACEMENT_3D('',#8796,#6544,#6545);
#5560=AXIS2_PLACEMENT_3D('',#8797,#6546,#6547);
#5561=AXIS2_PLACEMENT_3D('',#8801,#6549,#6550);
#5562=AXIS2_PLACEMENT_3D('',#8802,#6551,#6552);
#5563=AXIS2_PLACEMENT_3D('',#8803,#6553,#6554);
#5564=AXIS2_PLACEMENT_3D('',#8804,#6555,#6556);
#5565=AXIS2_PLACEMENT_3D('',#8808,#6558,#6559);
#5566=AXIS2_PLACEMENT_3D('',#8809,#6560,#6561);
#5567=AXIS2_PLACEMENT_3D('',#8850,#6575,#6576);
#5568=AXIS2_PLACEMENT_3D('',#8852,#6577,#6578);
#5569=AXIS2_PLACEMENT_3D('',#8857,#6581,#6582);
#5570=AXIS2_PLACEMENT_3D('',#8858,#6583,#6584);
#5571=AXIS2_PLACEMENT_3D('',#8864,#6585,#6586);
#5572=AXIS2_PLACEMENT_3D('',#8867,#6588,#6589);
#5573=AXIS2_PLACEMENT_3D('',#8868,#6590,#6591);
#5574=AXIS2_PLACEMENT_3D('',#8871,#6593,#6594);
#5575=AXIS2_PLACEMENT_3D('',#8877,#6595,#6596);
#5576=AXIS2_PLACEMENT_3D('',#8878,#6597,#6598);
#5577=AXIS2_PLACEMENT_3D('',#8885,#6600,#6601);
#5578=AXIS2_PLACEMENT_3D('',#8892,#6603,#6604);
#5579=AXIS2_PLACEMENT_3D('',#8893,#6605,#6606);
#5580=AXIS2_PLACEMENT_3D('',#8911,#6607,#6608);
#5581=AXIS2_PLACEMENT_3D('',#8948,#6609,#6610);
#5582=AXIS2_PLACEMENT_3D('',#8954,#6611,#6612);
#5583=AXIS2_PLACEMENT_3D('',#8955,#6613,#6614);
#5584=AXIS2_PLACEMENT_3D('',#8968,#6615,#6616);
#5585=AXIS2_PLACEMENT_3D('',#9024,#6617,#6618);
#5586=AXIS2_PLACEMENT_3D('',#9042,#6619,#6620);
#5587=AXIS2_PLACEMENT_3D('',#9043,#6621,#6622);
#5588=AXIS2_PLACEMENT_3D('',#9061,#6623,#6624);
#5589=AXIS2_PLACEMENT_3D('',#9088,#6625,#6626);
#5590=AXIS2_PLACEMENT_3D('',#9089,#6627,#6628);
#5591=AXIS2_PLACEMENT_3D('',#9095,#6632,#6633);
#5592=AXIS2_PLACEMENT_3D('',#9099,#6636,#6637);
#5593=AXIS2_PLACEMENT_3D('',#9103,#6640,#6641);
#5594=AXIS2_PLACEMENT_3D('',#9107,#6644,#6645);
#5595=AXIS2_PLACEMENT_3D('',#9111,#6648,#6649);
#5596=AXIS2_PLACEMENT_3D('',#9113,#6651,#6652);
#5597=AXIS2_PLACEMENT_3D('',#9114,#6653,#6654);
#5598=AXIS2_PLACEMENT_3D('',#9120,#6658,#6659);
#5599=AXIS2_PLACEMENT_3D('',#9124,#6662,#6663);
#5600=AXIS2_PLACEMENT_3D('',#9128,#6666,#6667);
#5601=AXIS2_PLACEMENT_3D('',#9132,#6670,#6671);
#5602=AXIS2_PLACEMENT_3D('',#9136,#6674,#6675);
#5603=AXIS2_PLACEMENT_3D('',#9138,#6677,#6678);
#5604=AXIS2_PLACEMENT_3D('',#9139,#6679,#6680);
#5605=AXIS2_PLACEMENT_3D('',#9140,#6681,#6682);
#5606=AXIS2_PLACEMENT_3D('',#9148,#6686,#6687);
#5607=AXIS2_PLACEMENT_3D('',#9154,#6688,#6689);
#5608=AXIS2_PLACEMENT_3D('',#9155,#6690,#6691);
#5609=AXIS2_PLACEMENT_3D('',#9173,#6693,#6694);
#5610=AXIS2_PLACEMENT_3D('',#9174,#6695,#6696);
#5611=AXIS2_PLACEMENT_3D('',#9186,#6699,#6700);
#5612=AXIS2_PLACEMENT_3D('',#9187,#6701,#6702);
#5613=AXIS2_PLACEMENT_3D('',#9200,#6704,#6705);
#5614=AXIS2_PLACEMENT_3D('',#9204,#6707,#6708);
#5615=AXIS2_PLACEMENT_3D('',#9209,#6709,#6710);
#5616=AXIS2_PLACEMENT_3D('',#9210,#6711,#6712);
#5617=AXIS2_PLACEMENT_3D('',#9218,#6713,#6714);
#5618=AXIS2_PLACEMENT_3D('',#9241,#6715,#6716);
#5619=AXIS2_PLACEMENT_3D('',#9248,#6717,#6718);
#5620=AXIS2_PLACEMENT_3D('',#9258,#6719,#6720);
#5621=AXIS2_PLACEMENT_3D('',#9265,#6721,#6722);
#5622=AXIS2_PLACEMENT_3D('',#9272,#6723,#6724);
#5623=AXIS2_PLACEMENT_3D('',#9273,#6725,#6726);
#5624=AXIS2_PLACEMENT_3D('',#9274,#6727,#6728);
#5625=AXIS2_PLACEMENT_3D('',#9293,#6731,#6732);
#5626=AXIS2_PLACEMENT_3D('',#9294,#6733,#6734);
#5627=AXIS2_PLACEMENT_3D('',#9307,#6738,#6739);
#5628=AXIS2_PLACEMENT_3D('',#9308,#6740,#6741);
#5629=AXIS2_PLACEMENT_3D('',#9309,#6742,#6743);
#5630=AXIS2_PLACEMENT_3D('',#9310,#6744,#6745);
#5631=AXIS2_PLACEMENT_3D('',#9314,#6747,#6748);
#5632=AXIS2_PLACEMENT_3D('',#9324,#6749,#6750);
#5633=AXIS2_PLACEMENT_3D('',#9325,#6751,#6752);
#5634=AXIS2_PLACEMENT_3D('',#9333,#6754,#6755);
#5635=AXIS2_PLACEMENT_3D('',#9334,#6756,#6757);
#5636=AXIS2_PLACEMENT_3D('',#9346,#6760,#6761);
#5637=AXIS2_PLACEMENT_3D('',#9353,#6763,#6764);
#5638=AXIS2_PLACEMENT_3D('',#9354,#6765,#6766);
#5639=AXIS2_PLACEMENT_3D('',#9356,#6768,#6769);
#5640=AXIS2_PLACEMENT_3D('',#9357,#6770,#6771);
#5641=AXIS2_PLACEMENT_3D('',#9359,#6773,#6774);
#5642=AXIS2_PLACEMENT_3D('',#9360,#6775,#6776);
#5643=AXIS2_PLACEMENT_3D('',#9363,#6778,#6779);
#5644=AXIS2_PLACEMENT_3D('',#9366,#6781,#6782);
#5645=AXIS2_PLACEMENT_3D('',#9370,#6785,#6786);
#5646=AXIS2_PLACEMENT_3D('',#9386,#6787,#6788);
#5647=AXIS2_PLACEMENT_3D('',#9387,#6789,#6790);
#5648=AXIS2_PLACEMENT_3D('',#9388,#6791,#6792);
#5649=AXIS2_PLACEMENT_3D('',#9389,#6793,#6794);
#5650=AXIS2_PLACEMENT_3D('',#9441,#6795,#6796);
#5651=AXIS2_PLACEMENT_3D('',#9442,#6797,#6798);
#5652=AXIS2_PLACEMENT_3D('',#9464,#6799,#6800);
#5653=AXIS2_PLACEMENT_3D('',#9469,#6801,#6802);
#5654=AXIS2_PLACEMENT_3D('',#9506,#6803,#6804);
#5655=AXIS2_PLACEMENT_3D('',#9507,#6805,#6806);
#5656=AXIS2_PLACEMENT_3D('',#9512,#6807,#6808);
#5657=AXIS2_PLACEMENT_3D('',#9513,#6809,#6810);
#5658=AXIS2_PLACEMENT_3D('',#9555,#6811,#6812);
#5659=AXIS2_PLACEMENT_3D('',#9556,#6813,#6814);
#5660=AXIS2_PLACEMENT_3D('',#9581,#6827,#6828);
#5661=AXIS2_PLACEMENT_3D('',#9587,#6832,#6833);
#5662=AXIS2_PLACEMENT_3D('',#9591,#6836,#6837);
#5663=AXIS2_PLACEMENT_3D('',#9595,#6840,#6841);
#5664=AXIS2_PLACEMENT_3D('',#9599,#6844,#6845);
#5665=AXIS2_PLACEMENT_3D('',#9603,#6848,#6849);
#5666=AXIS2_PLACEMENT_3D('',#9605,#6851,#6852);
#5667=AXIS2_PLACEMENT_3D('',#9606,#6853,#6854);
#5668=AXIS2_PLACEMENT_3D('',#9612,#6858,#6859);
#5669=AXIS2_PLACEMENT_3D('',#9616,#6862,#6863);
#5670=AXIS2_PLACEMENT_3D('',#9620,#6866,#6867);
#5671=AXIS2_PLACEMENT_3D('',#9624,#6870,#6871);
#5672=AXIS2_PLACEMENT_3D('',#9628,#6874,#6875);
#5673=AXIS2_PLACEMENT_3D('',#9630,#6877,#6878);
#5674=AXIS2_PLACEMENT_3D('',#9631,#6879,#6880);
#5675=AXIS2_PLACEMENT_3D('',#9632,#6881,#6882);
#5676=AXIS2_PLACEMENT_3D('',#9633,#6883,#6884);
#5677=AXIS2_PLACEMENT_3D('',#9636,#6885,#6886);
#5678=AXIS2_PLACEMENT_3D('',#9638,#6887,#6888);
#5679=AXIS2_PLACEMENT_3D('',#9646,#6889,#6890);
#5680=AXIS2_PLACEMENT_3D('',#9647,#6891,#6892);
#5681=AXIS2_PLACEMENT_3D('',#9672,#6905,#6906);
#5682=AXIS2_PLACEMENT_3D('',#9675,#6907,#6908);
#5683=AXIS2_PLACEMENT_3D('',#9679,#6910,#6911);
#5684=AXIS2_PLACEMENT_3D('',#9681,#6912,#6913);
#5685=AXIS2_PLACEMENT_3D('',#9685,#6915,#6916);
#5686=AXIS2_PLACEMENT_3D('',#9689,#6918,#6919);
#5687=AXIS2_PLACEMENT_3D('',#9690,#6920,#6921);
#5688=AXIS2_PLACEMENT_3D('',#9693,#6923,#6924);
#5689=AXIS2_PLACEMENT_3D('',#9696,#6926,#6927);
#5690=AXIS2_PLACEMENT_3D('',#9699,#6929,#6930);
#5691=AXIS2_PLACEMENT_3D('',#9702,#6932,#6933);
#5692=AXIS2_PLACEMENT_3D('',#9711,#6935,#6936);
#5693=AXIS2_PLACEMENT_3D('',#9714,#6938,#6939);
#5694=AXIS2_PLACEMENT_3D('',#9717,#6941,#6942);
#5695=AXIS2_PLACEMENT_3D('',#9720,#6944,#6945);
#5696=AXIS2_PLACEMENT_3D('',#9723,#6947,#6948);
#5697=AXIS2_PLACEMENT_3D('',#9724,#6949,#6950);
#5698=AXIS2_PLACEMENT_3D('',#9725,#6951,#6952);
#5699=AXIS2_PLACEMENT_3D('',#9731,#6953,#6954);
#5700=AXIS2_PLACEMENT_3D('',#9732,#6955,#6956);
#5701=AXIS2_PLACEMENT_3D('',#9733,#6957,#6958);
#5702=AXIS2_PLACEMENT_3D('',#9739,#6959,#6960);
#5703=AXIS2_PLACEMENT_3D('',#9740,#6961,#6962);
#5704=AXIS2_PLACEMENT_3D('',#9746,#6963,#6964);
#5705=AXIS2_PLACEMENT_3D('',#9752,#6965,#6966);
#5706=AXIS2_PLACEMENT_3D('',#9771,#6967,#6968);
#5707=AXIS2_PLACEMENT_3D('',#9793,#6969,#6970);
#5708=AXIS2_PLACEMENT_3D('',#9816,#6971,#6972);
#5709=AXIS2_PLACEMENT_3D('',#9817,#6973,#6974);
#5710=AXIS2_PLACEMENT_3D('',#9818,#6975,#6976);
#5711=AXIS2_PLACEMENT_3D('',#9824,#6977,#6978);
#5712=AXIS2_PLACEMENT_3D('',#9852,#6979,#6980);
#5713=AXIS2_PLACEMENT_3D('',#9887,#6981,#6982);
#5714=AXIS2_PLACEMENT_3D('',#9926,#6983,#6984);
#5715=AXIS2_PLACEMENT_3D('',#9927,#6985,#6986);
#5716=AXIS2_PLACEMENT_3D('',#9933,#6990,#6991);
#5717=AXIS2_PLACEMENT_3D('',#9937,#6994,#6995);
#5718=AXIS2_PLACEMENT_3D('',#9941,#6998,#6999);
#5719=AXIS2_PLACEMENT_3D('',#9945,#7002,#7003);
#5720=AXIS2_PLACEMENT_3D('',#9949,#7006,#7007);
#5721=AXIS2_PLACEMENT_3D('',#9951,#7009,#7010);
#5722=AXIS2_PLACEMENT_3D('',#9952,#7011,#7012);
#5723=AXIS2_PLACEMENT_3D('',#9958,#7016,#7017);
#5724=AXIS2_PLACEMENT_3D('',#9962,#7020,#7021);
#5725=AXIS2_PLACEMENT_3D('',#9966,#7024,#7025);
#5726=AXIS2_PLACEMENT_3D('',#9970,#7028,#7029);
#5727=AXIS2_PLACEMENT_3D('',#9974,#7032,#7033);
#5728=AXIS2_PLACEMENT_3D('',#9976,#7035,#7036);
#5729=DIRECTION('',(0.,0.,1.));
#5730=DIRECTION('',(1.,0.,0.));
#5731=DIRECTION('',(1.22464679914735E-16,7.76636180567531E-32,-1.));
#5732=DIRECTION('',(1.,6.3417156775999E-16,1.22464679914735E-16));
#5733=DIRECTION('',(-1.22464679914735E-16,-7.76636180567531E-32,1.));
#5734=DIRECTION('',(1.,6.3417156775999E-16,1.22464679914735E-16));
#5735=DIRECTION('',(-1.22464679914735E-16,-7.76636180567531E-32,1.));
#5736=DIRECTION('',(1.,6.3417156775999E-16,1.22464679914735E-16));
#5737=DIRECTION('',(1.,6.3417156775999E-16,1.22464679914735E-16));
#5738=DIRECTION('',(-1.22464679914735E-16,-7.76636180567531E-32,1.));
#5739=DIRECTION('',(1.,6.3417156775999E-16,1.22464679914735E-16));
#5740=DIRECTION('',(-6.3417156775999E-16,1.,0.));
#5741=DIRECTION('',(-1.22464679914735E-16,-7.76636180567531E-32,1.));
#5742=DIRECTION('',(1.,6.3417156775999E-16,1.22464679914735E-16));
#5743=DIRECTION('',(-1.22464679914735E-16,-7.76636180567531E-32,1.));
#5744=DIRECTION('',(1.,6.3417156775999E-16,1.22464679914735E-16));
#5745=DIRECTION('',(0.766044443118979,-0.642787609686539,9.38133875270274E-17));
#5746=DIRECTION('',(-1.22464679914735E-16,-7.76636180567531E-32,1.));
#5747=DIRECTION('',(1.,6.3417156775999E-16,1.22464679914735E-16));
#5748=DIRECTION('',(-0.5,-0.86602540378444,-6.12323399573675E-17));
#5749=DIRECTION('',(0.5,-0.866025403784438,6.12323399573678E-17));
#5750=DIRECTION('',(1.,3.63880076523431E-15,1.22464679914735E-16));
#5751=DIRECTION('',(0.5,0.86602540378444,6.12323399573674E-17));
#5752=DIRECTION('',(-0.5,0.866025403784437,-6.1232339957368E-17));
#5753=DIRECTION('',(-1.,-2.13648616649712E-15,-1.22464679914735E-16));
#5754=DIRECTION('',(-0.5,-0.86602540378444,-6.12323399573675E-17));
#5755=DIRECTION('',(0.5,-0.866025403784436,6.12323399573682E-17));
#5756=DIRECTION('',(1.,6.64342996270862E-15,1.22464679914735E-16));
#5757=DIRECTION('',(0.5,0.866025403784441,6.12323399573674E-17));
#5758=DIRECTION('',(-0.5,0.866025403784437,-6.1232339957368E-17));
#5759=DIRECTION('',(-1.,-3.63880076523436E-15,-1.22464679914735E-16));
#5760=DIRECTION('',(3.17085783879995E-16,-1.,1.32169407693471E-16));
#5761=DIRECTION('',(-4.19090402434389E-32,1.32169407693471E-16,1.));
#5762=DIRECTION('',(-1.,-6.3417156775999E-16,1.22464679914735E-16));
#5763=DIRECTION('',(6.3417156775999E-16,-1.,0.));
#5764=DIRECTION('',(-6.3417156775999E-16,1.,7.76636180567531E-32));
#5765=DIRECTION('',(-1.,-6.3417156775999E-16,0.));
#5766=DIRECTION('',(-1.22464679914735E-16,0.,-1.));
#5767=DIRECTION('',(-1.,0.,1.22464679914735E-16));
#5768=DIRECTION('',(0.642787609686539,0.766044443118979,-7.87187788734198E-17));
#5769=DIRECTION('',(-0.766044443118979,0.642787609686539,0.));
#5770=DIRECTION('',(-1.22464679914735E-16,0.,-1.));
#5771=DIRECTION('',(-1.,0.,1.22464679914735E-16));
#5772=DIRECTION('',(-1.22464679914735E-16,0.,-1.));
#5773=DIRECTION('',(0.,0.,-1.));
#5774=DIRECTION('',(-1.,0.,0.));
#5775=DIRECTION('',(-1.22464679914735E-16,0.,-1.));
#5776=DIRECTION('',(-1.22464679914735E-16,0.,-1.));
#5777=DIRECTION('',(-1.,0.,1.22464679914735E-16));
#5778=DIRECTION('',(-1.22464679914735E-16,0.,-1.));
#5779=DIRECTION('',(-1.22464679914735E-16,0.,-1.));
#5780=DIRECTION('',(-1.,0.,1.22464679914735E-16));
#5781=DIRECTION('',(-6.3417156775999E-16,1.,7.76636180567531E-32));
#5782=DIRECTION('',(-1.,-6.3417156775999E-16,0.));
#5783=DIRECTION('',(-6.3417156775999E-16,1.,7.76636180567531E-32));
#5784=DIRECTION('',(-1.,-6.3417156775999E-16,0.));
#5785=DIRECTION('',(-1.22464679914735E-16,0.,-1.));
#5786=DIRECTION('',(-1.22464679914735E-16,0.,-1.));
#5787=DIRECTION('',(-1.,0.,1.22464679914735E-16));
#5788=DIRECTION('',(0.,0.,-1.));
#5789=DIRECTION('',(-1.,0.,0.));
#5790=DIRECTION('',(-1.22464679914735E-16,0.,-1.));
#5791=DIRECTION('',(-1.,-6.3417156775999E-16,1.22464679914735E-16));
#5792=DIRECTION('',(6.3417156775999E-16,-1.,0.));
#5793=DIRECTION('',(-1.,-6.3417156775999E-16,1.22464679914735E-16));
#5794=DIRECTION('',(6.3417156775999E-16,-1.,0.));
#5795=DIRECTION('',(-1.22464679914735E-16,0.,-1.));
#5796=DIRECTION('',(-1.22464679914735E-16,0.,-1.));
#5797=DIRECTION('',(-1.,0.,1.22464679914735E-16));
#5798=DIRECTION('',(-1.22464679914735E-16,0.,-1.));
#5799=DIRECTION('',(-1.22464679914735E-16,0.,-1.));
#5800=DIRECTION('',(-1.,0.,1.22464679914735E-16));
#5801=DIRECTION('',(-1.22464679914735E-16,0.,-1.));
#5802=DIRECTION('',(-1.,0.,1.22464679914735E-16));
#5803=DIRECTION('',(-1.22464679914735E-16,0.,-1.));
#5804=DIRECTION('',(0.642787609686539,0.766044443118979,-7.87187788734198E-17));
#5805=DIRECTION('',(-0.766044443118979,0.642787609686539,0.));
#5806=DIRECTION('',(0.642787609686539,0.766044443118979,-7.87187788734198E-17));
#5807=DIRECTION('',(-0.766044443118979,0.642787609686539,0.));
#5808=DIRECTION('',(-1.22464679914735E-16,0.,-1.));
#5809=DIRECTION('',(-1.22464679914735E-16,0.,-1.));
#5810=DIRECTION('',(-1.,0.,1.22464679914735E-16));
#5811=DIRECTION('',(0.,0.,-1.));
#5812=DIRECTION('',(-1.,0.,0.));
#5813=DIRECTION('',(-1.,-6.3417156775999E-16,1.22464679914735E-16));
#5814=DIRECTION('',(6.3417156775999E-16,-1.,0.));
#5815=DIRECTION('',(1.14852635382493E-15,-0.993120548949343,-0.117096435703893));
#5816=DIRECTION('',(0.,0.117096435703893,-0.993120548949343));
#5817=DIRECTION('',(-0.762559740738442,-0.645895099799553,0.0363615436945003));
#5818=DIRECTION('',(0.646322512611178,-0.763064354882321,0.));
#5819=DIRECTION('',(0.,-0.207145576409113,0.978310129853584));
#5820=DIRECTION('',(0.,-0.978310129853584,-0.207145576409113));
#5821=DIRECTION('',(-0.169876699781028,0.1456921655239,-0.97463618841928));
#5822=DIRECTION('',(-0.985147742713196,0.,0.17170883794113));
#5823=DIRECTION('',(-0.746616808081991,0.626485888292354,0.223782871685927));
#5824=DIRECTION('',(-0.642787609686538,-0.766044443118979,0.));
#5825=DIRECTION('',(-6.3417156775999E-16,1.,7.76636180567531E-32));
#5826=DIRECTION('',(-1.,-6.3417156775999E-16,0.));
#5827=DIRECTION('',(0.642787609686539,0.766044443118979,-7.87187788734198E-17));
#5828=DIRECTION('',(-0.766044443118979,0.642787609686539,0.));
#5829=DIRECTION('',(0.129444954435211,0.,0.991586609314217));
#5830=DIRECTION('',(0.991586609314217,0.,-0.129444954435211));
#5831=DIRECTION('',(0.121348225104904,-0.101823250929542,0.987373603978772));
#5832=DIRECTION('',(0.992532284760063,0.,-0.121982227020865));
#5833=DIRECTION('',(-1.22464679914735E-16,0.,-1.));
#5834=DIRECTION('',(-1.,0.,1.22464679914735E-16));
#5835=DIRECTION('',(0.866025403784438,0.5,-1.06057523872491E-16));
#5836=DIRECTION('',(-0.5,0.866025403784438,0.));
#5837=DIRECTION('',(-1.22464679914735E-16,0.,-1.));
#5838=DIRECTION('',(0.5,-0.866025403784438,6.12323399573678E-17));
#5839=DIRECTION('',(-1.22464679914735E-16,-5.05650028495589E-47,-1.));
#5840=DIRECTION('',(0.86602540378444,-0.5,-1.06057523872491E-16));
#5841=DIRECTION('',(0.5,0.86602540378444,0.));
#5842=DIRECTION('',(-1.22464679914735E-16,0.,-1.));
#5843=DIRECTION('',(-0.5,-0.86602540378444,-6.12323399573675E-17));
#5844=DIRECTION('',(2.13648616649712E-15,-1.,-2.6164409452233E-31));
#5845=DIRECTION('',(1.,2.13648616649712E-15,0.));
#5846=DIRECTION('',(-1.22464679914735E-16,0.,-1.));
#5847=DIRECTION('',(-1.,-2.13648616649712E-15,-1.22464679914735E-16));
#5848=DIRECTION('',(-0.866025403784437,-0.5,1.0605752387249E-16));
#5849=DIRECTION('',(0.5,-0.866025403784437,0.));
#5850=DIRECTION('',(-1.22464679914735E-16,-1.42327829994538E-32,-1.));
#5851=DIRECTION('',(-0.5,0.866025403784437,-6.1232339957368E-17));
#5852=DIRECTION('',(-0.86602540378444,0.5,1.06057523872491E-16));
#5853=DIRECTION('',(-0.5,-0.86602540378444,0.));
#5854=DIRECTION('',(-1.22464679914735E-16,1.42214070514384E-47,-1.));
#5855=DIRECTION('',(0.5,0.86602540378444,6.12323399573674E-17));
#5856=DIRECTION('',(-3.63880076523431E-15,1.,4.45624570987913E-31));
#5857=DIRECTION('',(-1.,-3.63880076523431E-15,0.));
#5858=DIRECTION('',(1.,3.63880076523431E-15,1.22464679914735E-16));
#5859=DIRECTION('',(1.22464679914735E-16,7.76636180567531E-32,-1.));
#5860=DIRECTION('',(-1.,-6.3417156775999E-16,-1.22464679914735E-16));
#5861=DIRECTION('',(0.866025403784436,0.5,-1.0605752387249E-16));
#5862=DIRECTION('',(-0.5,0.866025403784436,0.));
#5863=DIRECTION('',(-1.22464679914735E-16,2.13491744991807E-32,-1.));
#5864=DIRECTION('',(0.5,-0.866025403784436,6.12323399573682E-17));
#5865=DIRECTION('',(-1.22464679914735E-16,-7.11639149972698E-33,-1.));
#5866=DIRECTION('',(0.86602540378444,-0.5,-1.06057523872491E-16));
#5867=DIRECTION('',(0.5,0.86602540378444,0.));
#5868=DIRECTION('',(-1.22464679914735E-16,0.,-1.));
#5869=DIRECTION('',(-0.5,-0.86602540378444,-6.12323399573675E-17));
#5870=DIRECTION('',(3.63880076523436E-15,-1.,-4.4562457098792E-31));
#5871=DIRECTION('',(1.,3.63880076523436E-15,0.));
#5872=DIRECTION('',(-1.22464679914735E-16,7.11639149972697E-33,-1.));
#5873=DIRECTION('',(-1.,-3.63880076523436E-15,-1.22464679914735E-16));
#5874=DIRECTION('',(-0.866025403784437,-0.5,1.0605752387249E-16));
#5875=DIRECTION('',(0.5,-0.866025403784437,0.));
#5876=DIRECTION('',(-1.22464679914735E-16,-2.13491744991807E-32,-1.));
#5877=DIRECTION('',(-0.5,0.866025403784437,-6.1232339957368E-17));
#5878=DIRECTION('',(-0.86602540378444,0.5,1.06057523872491E-16));
#5879=DIRECTION('',(-0.5,-0.866025403784441,0.));
#5880=DIRECTION('',(-1.22464679914735E-16,1.01130005699118E-46,-1.));
#5881=DIRECTION('',(0.5,0.866025403784441,6.12323399573674E-17));
#5882=DIRECTION('',(-6.64342996270862E-15,1.,8.13585523919073E-31));
#5883=DIRECTION('',(-1.,-6.64342996270862E-15,0.));
#5884=DIRECTION('',(1.,6.64342996270862E-15,1.22464679914735E-16));
#5885=DIRECTION('',(1.22464679914735E-16,7.76636180567531E-32,-1.));
#5886=DIRECTION('',(-1.,-6.3417156775999E-16,-1.22464679914735E-16));
#5887=DIRECTION('',(0.,0.,1.));
#5888=DIRECTION('',(1.,0.,0.));
#5889=DIRECTION('',(1.22464679914735E-16,7.76636180567531E-32,-1.));
#5890=DIRECTION('',(1.,6.3417156775999E-16,1.22464679914735E-16));
#5891=DIRECTION('',(1.22464679914735E-16,7.76636180567531E-32,-1.));
#5892=DIRECTION('',(-1.,0.,-1.22464679914735E-16));
#5893=DIRECTION('',(-0.342020143325668,-0.939692620785909,-4.18853873767699E-17));
#5894=DIRECTION('',(-1.22464679914735E-16,-7.76636180567531E-32,1.));
#5895=DIRECTION('',(1.,6.3417156775999E-16,1.22464679914735E-16));
#5896=DIRECTION('',(-1.22464679914735E-16,-7.76636180567531E-32,1.));
#5897=DIRECTION('',(1.,6.3417156775999E-16,1.22464679914735E-16));
#5898=DIRECTION('',(-1.22464679914735E-16,-7.76636180567531E-32,1.));
#5899=DIRECTION('',(1.,6.3417156775999E-16,1.22464679914735E-16));
#5900=DIRECTION('',(6.3417156775999E-16,-1.,0.));
#5901=DIRECTION('',(-1.22464679914735E-16,-7.76636180567531E-32,1.));
#5902=DIRECTION('',(1.,6.3417156775999E-16,1.22464679914735E-16));
#5903=DIRECTION('',(-1.,-2.70184586368634E-16,-1.22464679914735E-16));
#5904=DIRECTION('',(-0.5,-0.866025403784438,-6.12323399573679E-17));
#5905=DIRECTION('',(0.5,-0.866025403784439,6.12323399573676E-17));
#5906=DIRECTION('',(1.,6.3417156775999E-16,1.22464679914735E-16));
#5907=DIRECTION('',(0.5,0.866025403784438,6.12323399573679E-17));
#5908=DIRECTION('',(-0.5,0.866025403784439,-6.12323399573676E-17));
#5909=DIRECTION('',(-1.,8.68143030977159E-16,-1.22464679914735E-16));
#5910=DIRECTION('',(-0.5,-0.866025403784441,-6.12323399573673E-17));
#5911=DIRECTION('',(0.5,-0.866025403784437,6.1232339957368E-17));
#5912=DIRECTION('',(1.,3.63880076523431E-15,1.22464679914735E-16));
#5913=DIRECTION('',(0.5,0.86602540378444,6.12323399573675E-17));
#5914=DIRECTION('',(-0.5,0.866025403784436,-6.12323399573681E-17));
#5915=DIRECTION('',(-1.,-3.63880076523434E-15,-1.22464679914735E-16));
#5916=DIRECTION('',(3.17085783879995E-16,-1.,1.32169407693471E-16));
#5917=DIRECTION('',(-4.19090402434389E-32,1.32169407693471E-16,1.));
#5918=DIRECTION('',(2.70184586368634E-16,-1.,-3.30880688875299E-32));
#5919=DIRECTION('',(1.,2.70184586368634E-16,0.));
#5920=DIRECTION('',(-1.,-6.3417156775999E-16,1.22464679914735E-16));
#5921=DIRECTION('',(6.3417156775999E-16,-1.,0.));
#5922=DIRECTION('',(-1.22464679914735E-16,0.,-1.));
#5923=DIRECTION('',(-1.,0.,1.22464679914735E-16));
#5924=DIRECTION('',(-0.939692620785909,0.342020143325668,1.15079156022785E-16));
#5925=DIRECTION('',(-0.342020143325668,-0.939692620785909,0.));
#5926=DIRECTION('',(-1.22464679914735E-16,0.,-1.));
#5927=DIRECTION('',(-1.,0.,1.22464679914735E-16));
#5928=DIRECTION('',(-1.22464679914735E-16,0.,-1.));
#5929=DIRECTION('',(-1.22464679914735E-16,0.,-1.));
#5930=DIRECTION('',(-1.22464679914735E-16,0.,-1.));
#5931=DIRECTION('',(-1.,0.,1.22464679914735E-16));
#5932=DIRECTION('',(-1.22464679914735E-16,0.,-1.));
#5933=DIRECTION('',(-1.,0.,1.22464679914735E-16));
#5934=DIRECTION('',(-1.22464679914735E-16,0.,-1.));
#5935=DIRECTION('',(-1.22464679914735E-16,0.,-1.));
#5936=DIRECTION('',(-1.,0.,1.22464679914735E-16));
#5937=DIRECTION('',(-1.22464679914735E-16,0.,-1.));
#5938=DIRECTION('',(-1.22464679914735E-16,0.,-1.));
#5939=DIRECTION('',(-1.,0.,1.22464679914735E-16));
#5940=DIRECTION('',(-1.22464679914735E-16,0.,-1.));
#5941=DIRECTION('',(-1.22464679914735E-16,0.,-1.));
#5942=DIRECTION('',(-1.22464679914735E-16,0.,-1.));
#5943=DIRECTION('',(-1.,0.,1.22464679914735E-16));
#5944=DIRECTION('',(-1.22464679914735E-16,0.,-1.));
#5945=DIRECTION('',(-1.22464679914735E-16,0.,-1.));
#5946=DIRECTION('',(0.939692620785909,-0.342020143325668,-1.15079156022785E-16));
#5947=DIRECTION('',(0.342020143325668,0.939692620785909,0.));
#5948=DIRECTION('',(0.939692620785909,-0.342020143325668,-1.15079156022785E-16));
#5949=DIRECTION('',(0.342020143325668,0.939692620785909,0.));
#5950=DIRECTION('',(1.,6.3417156775999E-16,-1.22464679914735E-16));
#5951=DIRECTION('',(-6.3417156775999E-16,1.,0.));
#5952=DIRECTION('',(1.,6.3417156775999E-16,-1.22464679914735E-16));
#5953=DIRECTION('',(-6.3417156775999E-16,1.,0.));
#5954=DIRECTION('',(2.70184586368634E-16,-1.,-3.30880688875299E-32));
#5955=DIRECTION('',(1.,2.70184586368634E-16,0.));
#5956=DIRECTION('',(2.70184586368634E-16,-1.,-3.30880688875299E-32));
#5957=DIRECTION('',(1.,2.70184586368634E-16,0.));
#5958=DIRECTION('',(-1.22464679914735E-16,0.,-1.));
#5959=DIRECTION('',(-1.,0.,1.22464679914735E-16));
#5960=DIRECTION('',(0.761101636930924,-0.64863263736962,7.49015548241254E-16));
#5961=DIRECTION('',(0.64863263736962,0.761101636930924,0.));
#5962=DIRECTION('',(-0.995103214486309,0.098841248999195,-3.91087668096852E-06));
#5963=DIRECTION('',(-0.0988412489999509,-0.995103214493919,0.));
#5964=DIRECTION('',(-3.43302125352814E-15,0.989501007241236,-0.144525972297645));
#5965=DIRECTION('',(0.,0.144525972297645,0.989501007241236));
#5966=DIRECTION('',(0.338830077656412,0.930927987393037,-0.136261736242058));
#5967=DIRECTION('',(-0.939692620785907,0.342020143325672,0.));
#5968=DIRECTION('',(1.,6.3417156775999E-16,-1.22464679914735E-16));
#5969=DIRECTION('',(-6.3417156775999E-16,1.,0.));
#5970=DIRECTION('',(0.,0.975689128970532,-0.219159128508773));
#5971=DIRECTION('',(0.,0.219159128508773,0.975689128970532));
#5972=DIRECTION('',(0.939692620785909,-0.342020143325668,-1.15079156022785E-16));
#5973=DIRECTION('',(0.342020143325668,0.939692620785909,0.));
#5974=DIRECTION('',(0.332079971724864,0.912382223767198,-0.239335685038476));
#5975=DIRECTION('',(-0.939692620785909,0.342020143325667,0.));
#5976=DIRECTION('',(2.70184586368634E-16,-1.,-3.30880688875299E-32));
#5977=DIRECTION('',(1.,2.70184586368634E-16,0.));
#5978=DIRECTION('',(0.866025403784439,0.5,-1.06057523872491E-16));
#5979=DIRECTION('',(-0.5,0.866025403784439,0.));
#5980=DIRECTION('',(-1.22464679914735E-16,0.,-1.));
#5981=DIRECTION('',(0.5,-0.866025403784439,6.12323399573676E-17));
#5982=DIRECTION('',(-1.22464679914735E-16,0.,-1.));
#5983=DIRECTION('',(0.866025403784438,-0.5,-1.06057523872491E-16));
#5984=DIRECTION('',(0.5,0.866025403784438,0.));
#5985=DIRECTION('',(-1.22464679914735E-16,-2.52825014247794E-47,-1.));
#5986=DIRECTION('',(-0.5,-0.866025403784438,-6.12323399573679E-17));
#5987=DIRECTION('',(-8.68143030977159E-16,-1.,1.06316858408826E-31));
#5988=DIRECTION('',(1.,-8.68143030977159E-16,0.));
#5989=DIRECTION('',(-1.22464679914735E-16,7.11639149972691E-33,-1.));
#5990=DIRECTION('',(-1.,8.68143030977159E-16,-1.22464679914735E-16));
#5991=DIRECTION('',(-0.866025403784439,-0.5,1.06057523872491E-16));
#5992=DIRECTION('',(0.5,-0.866025403784439,0.));
#5993=DIRECTION('',(-1.22464679914735E-16,2.13491744991807E-32,-1.));
#5994=DIRECTION('',(-0.5,0.866025403784439,-6.12323399573676E-17));
#5995=DIRECTION('',(-0.866025403784438,0.5,1.06057523872491E-16));
#5996=DIRECTION('',(-0.5,-0.866025403784438,0.));
#5997=DIRECTION('',(-1.22464679914735E-16,-3.16031267809743E-48,-1.));
#5998=DIRECTION('',(0.5,0.866025403784438,6.12323399573679E-17));
#5999=DIRECTION('',(-6.3417156775999E-16,1.,7.76636180567531E-32));
#6000=DIRECTION('',(-1.,-6.3417156775999E-16,0.));
#6001=DIRECTION('',(1.,6.3417156775999E-16,1.22464679914735E-16));
#6002=DIRECTION('',(1.22464679914735E-16,7.76636180567531E-32,-1.));
#6003=DIRECTION('',(-1.,-6.3417156775999E-16,-1.22464679914735E-16));
#6004=DIRECTION('',(0.866025403784437,0.5,-1.0605752387249E-16));
#6005=DIRECTION('',(-0.5,0.866025403784437,0.));
#6006=DIRECTION('',(-1.22464679914735E-16,1.42327829994538E-32,-1.));
#6007=DIRECTION('',(0.5,-0.866025403784437,6.1232339957368E-17));
#6008=DIRECTION('',(-1.22464679914735E-16,-5.05650028495589E-47,-1.));
#6009=DIRECTION('',(0.866025403784441,-0.5,-1.06057523872491E-16));
#6010=DIRECTION('',(0.5,0.866025403784441,0.));
#6011=DIRECTION('',(-1.22464679914735E-16,-4.81947683409858E-47,-1.));
#6012=DIRECTION('',(-0.5,-0.866025403784441,-6.12323399573673E-17));
#6013=DIRECTION('',(3.63880076523434E-15,-1.,-4.45624570987916E-31));
#6014=DIRECTION('',(1.,3.63880076523434E-15,0.));
#6015=DIRECTION('',(-1.22464679914735E-16,7.11639149972693E-33,-1.));
#6016=DIRECTION('',(-1.,-3.63880076523434E-15,-1.22464679914735E-16));
#6017=DIRECTION('',(-0.866025403784436,-0.5,1.0605752387249E-16));
#6018=DIRECTION('',(0.5,-0.866025403784436,0.));
#6019=DIRECTION('',(-1.22464679914735E-16,-7.11639149972686E-33,-1.));
#6020=DIRECTION('',(-0.5,0.866025403784436,-6.12323399573681E-17));
#6021=DIRECTION('',(-0.86602540378444,0.5,1.06057523872491E-16));
#6022=DIRECTION('',(-0.5,-0.86602540378444,0.));
#6023=DIRECTION('',(-1.22464679914735E-16,-5.05650028495589E-47,-1.));
#6024=DIRECTION('',(0.5,0.86602540378444,6.12323399573675E-17));
#6025=DIRECTION('',(-3.63880076523431E-15,1.,4.45624570987913E-31));
#6026=DIRECTION('',(-1.,-3.63880076523431E-15,0.));
#6027=DIRECTION('',(1.,3.63880076523431E-15,1.22464679914735E-16));
#6028=DIRECTION('',(1.22464679914735E-16,7.76636180567531E-32,-1.));
#6029=DIRECTION('',(-1.,-6.3417156775999E-16,-1.22464679914735E-16));
#6030=DIRECTION('',(0.,0.,1.));
#6031=DIRECTION('',(1.,0.,0.));
#6032=DIRECTION('',(3.17085783879995E-16,-1.,1.32169407693471E-16));
#6033=DIRECTION('',(-4.19090402434389E-32,1.32169407693471E-16,1.));
#6034=DIRECTION('',(2.70184586368634E-16,-1.,-3.30880688875299E-32));
#6035=DIRECTION('',(1.,2.70184586368634E-16,0.));
#6036=DIRECTION('',(0.939692620785909,0.342020143325669,-1.15079156022785E-16));
#6037=DIRECTION('',(-0.342020143325669,0.939692620785908,0.));
#6038=DIRECTION('',(-1.22464679914735E-16,0.,-1.));
#6039=DIRECTION('',(-1.,0.,1.22464679914735E-16));
#6040=DIRECTION('',(1.,0.,-1.22464679914735E-16));
#6041=DIRECTION('',(-1.22464679914735E-16,0.,-1.));
#6042=DIRECTION('',(-1.22464679914735E-16,0.,-1.));
#6043=DIRECTION('',(-1.,0.,1.22464679914735E-16));
#6044=DIRECTION('',(-1.22464679914735E-16,0.,-1.));
#6045=DIRECTION('',(-1.,0.,1.22464679914735E-16));
#6046=DIRECTION('',(-1.22464679914735E-16,0.,-1.));
#6047=DIRECTION('',(-1.22464679914735E-16,0.,-1.));
#6048=DIRECTION('',(-1.22464679914735E-16,0.,-1.));
#6049=DIRECTION('',(-1.,0.,1.22464679914735E-16));
#6050=DIRECTION('',(-1.22464679914735E-16,0.,-1.));
#6051=DIRECTION('',(-1.22464679914735E-16,0.,-1.));
#6052=DIRECTION('',(-1.,0.,1.22464679914735E-16));
#6053=DIRECTION('',(-1.22464679914735E-16,0.,-1.));
#6054=DIRECTION('',(-1.,0.,1.22464679914735E-16));
#6055=DIRECTION('',(-1.22464679914735E-16,0.,-1.));
#6056=DIRECTION('',(-1.,0.,1.22464679914735E-16));
#6057=DIRECTION('',(-1.22464679914735E-16,0.,-1.));
#6058=DIRECTION('',(-1.,0.,1.22464679914735E-16));
#6059=DIRECTION('',(-1.22464679914735E-16,0.,-1.));
#6060=DIRECTION('',(-1.22464679914735E-16,0.,-1.));
#6061=DIRECTION('',(-1.,0.,1.22464679914735E-16));
#6062=DIRECTION('',(1.22464679914735E-16,0.,1.));
#6063=DIRECTION('',(1.,6.3417156775999E-16,-1.22464679914735E-16));
#6064=DIRECTION('',(-1.22464679914735E-16,0.,-1.));
#6065=DIRECTION('',(-1.22464679914735E-16,0.,-1.));
#6066=DIRECTION('',(-1.22464679914735E-16,0.,-1.));
#6067=DIRECTION('',(-1.,0.,1.22464679914735E-16));
#6068=DIRECTION('',(-1.22464679914735E-16,0.,-1.));
#6069=DIRECTION('',(-1.,0.,1.22464679914735E-16));
#6070=DIRECTION('',(-1.22464679914735E-16,0.,-1.));
#6071=DIRECTION('',(-1.22464679914735E-16,0.,-1.));
#6072=DIRECTION('',(1.,0.,-1.22464679914735E-16));
#6073=DIRECTION('',(-1.22464679914735E-16,0.,-1.));
#6074=DIRECTION('',(0.,-1.,0.));
#6075=DIRECTION('',(1.,0.,-1.22464679914735E-16));
#6076=DIRECTION('',(-1.22464679914735E-16,0.,-1.));
#6077=DIRECTION('',(0.939692620785909,0.342020143325669,-1.15079156022785E-16));
#6078=DIRECTION('',(-0.342020143325669,0.939692620785908,0.));
#6079=DIRECTION('',(0.342020143325669,-0.939692620785909,-4.18853873767699E-17));
#6080=DIRECTION('',(0.939692620785909,0.342020143325669,-1.15079156022785E-16));
#6081=DIRECTION('',(-0.342020143325669,0.939692620785908,0.));
#6082=DIRECTION('',(2.70184586368634E-16,-1.,-3.30880688875299E-32));
#6083=DIRECTION('',(1.,2.70184586368634E-16,0.));
#6084=DIRECTION('',(-1.,-2.70184586368634E-16,-1.22464679914735E-16));
#6085=DIRECTION('',(2.70184586368634E-16,-1.,-3.30880688875299E-32));
#6086=DIRECTION('',(1.,2.70184586368634E-16,0.));
#6087=DIRECTION('',(-1.22464679914735E-16,0.,-1.));
#6088=DIRECTION('',(-1.,0.,1.22464679914735E-16));
#6089=DIRECTION('',(0.995103595163587,0.0988374164585888,5.43830592640911E-07));
#6090=DIRECTION('',(-0.0988374164586035,0.995103595163734,0.));
#6091=DIRECTION('',(-0.761101636930925,-0.648632637369619,1.20377498824484E-16));
#6092=DIRECTION('',(0.648632637369619,-0.761101636930925,0.));
#6093=DIRECTION('',(-0.338830077656412,0.930927987393037,-0.136261736242058));
#6094=DIRECTION('',(-0.939692620785907,-0.342020143325672,0.));
#6095=DIRECTION('',(-3.93444644759435E-15,0.989501007241235,-0.144525972297649));
#6096=DIRECTION('',(0.,0.144525972297649,0.989501007241235));
#6097=DIRECTION('',(0.939692620785909,0.342020143325669,-1.15079156022785E-16));
#6098=DIRECTION('',(-0.342020143325669,0.939692620785908,0.));
#6099=DIRECTION('',(-0.332079971724866,0.912382223767196,-0.239335685038478));
#6100=DIRECTION('',(-0.939692620785908,-0.342020143325669,0.));
#6101=DIRECTION('',(1.,0.,-1.22464679914735E-16));
#6102=DIRECTION('',(-1.22464679914735E-16,0.,-1.));
#6103=DIRECTION('',(6.77020334912219E-15,0.975689128970534,-0.219159128508766));
#6104=DIRECTION('',(0.,0.219159128508766,0.975689128970534));
#6105=DIRECTION('',(2.70184586368634E-16,-1.,-3.30880688875299E-32));
#6106=DIRECTION('',(1.,2.70184586368634E-16,0.));
#6107=DIRECTION('',(1.22464679914735E-16,7.76636180567531E-32,-1.));
#6108=DIRECTION('',(1.,6.3417156775999E-16,1.22464679914735E-16));
#6109=DIRECTION('',(-0.5,-0.866025403784439,-6.12323399573676E-17));
#6110=DIRECTION('',(0.5,-0.866025403784438,6.12323399573678E-17));
#6111=DIRECTION('',(1.,1.50231459873715E-15,1.22464679914735E-16));
#6112=DIRECTION('',(0.5,0.866025403784439,6.12323399573676E-17));
#6113=DIRECTION('',(-0.5,0.866025403784438,-6.12323399573678E-17));
#6114=DIRECTION('',(-1.,0.,-1.22464679914735E-16));
#6115=DIRECTION('',(-0.5,-0.866025403784437,-6.12323399573681E-17));
#6116=DIRECTION('',(0.5,-0.86602540378444,6.12323399573673E-17));
#6117=DIRECTION('',(1.,-3.00462919747435E-15,1.22464679914735E-16));
#6118=DIRECTION('',(0.5,0.866025403784437,6.12323399573681E-17));
#6119=DIRECTION('',(-0.5,0.86602540378444,-6.12323399573674E-17));
#6120=DIRECTION('',(-1.,3.00462919747432E-15,-1.22464679914735E-16));
#6121=DIRECTION('',(0.866025403784437,-0.5,-1.0605752387249E-16));
#6122=DIRECTION('',(0.5,0.866025403784437,0.));
#6123=DIRECTION('',(-1.22464679914735E-16,-5.05650028495589E-47,-1.));
#6124=DIRECTION('',(-0.5,-0.866025403784437,6.1232339957368E-17));
#6125=DIRECTION('',(-1.22464679914735E-16,-7.11639149972697E-33,-1.));
#6126=DIRECTION('',(-3.00462919747432E-15,-1.,3.6796095293116E-31));
#6127=DIRECTION('',(1.,-3.00462919747432E-15,0.));
#6128=DIRECTION('',(-1.22464679914735E-16,7.11639149972696E-33,-1.));
#6129=DIRECTION('',(-1.,3.00462919747432E-15,1.22464679914735E-16));
#6130=DIRECTION('',(-0.86602540378444,-0.5,1.06057523872491E-16));
#6131=DIRECTION('',(0.5,-0.86602540378444,0.));
#6132=DIRECTION('',(-1.22464679914735E-16,-2.84655659989076E-32,-1.));
#6133=DIRECTION('',(-0.5,0.86602540378444,6.12323399573675E-17));
#6134=DIRECTION('',(-0.866025403784437,0.5,1.0605752387249E-16));
#6135=DIRECTION('',(-0.5,-0.866025403784437,0.));
#6136=DIRECTION('',(-1.22464679914735E-16,-3.16031267809743E-48,-1.));
#6137=DIRECTION('',(0.5,0.866025403784437,-6.12323399573681E-17));
#6138=DIRECTION('',(3.00462919747435E-15,1.,-3.67960952931164E-31));
#6139=DIRECTION('',(-1.,3.00462919747435E-15,0.));
#6140=DIRECTION('',(-1.22464679914735E-16,0.,-1.));
#6141=DIRECTION('',(1.,-3.00462919747435E-15,-1.22464679914735E-16));
#6142=DIRECTION('',(0.86602540378444,0.5,-1.06057523872491E-16));
#6143=DIRECTION('',(-0.5,0.86602540378444,0.));
#6144=DIRECTION('',(0.5,-0.86602540378444,-6.12323399573673E-17));
#6145=DIRECTION('',(-1.22464679914735E-16,0.,-1.));
#6146=DIRECTION('',(1.,0.,-1.22464679914735E-16));
#6147=DIRECTION('',(0.866025403784439,-0.5,-1.06057523872491E-16));
#6148=DIRECTION('',(0.5,0.866025403784439,0.));
#6149=DIRECTION('',(-1.22464679914735E-16,0.,-1.));
#6150=DIRECTION('',(-0.5,-0.866025403784439,6.12323399573676E-17));
#6151=DIRECTION('',(-1.22464679914735E-16,0.,-1.));
#6152=DIRECTION('',(0.,-1.,0.));
#6153=DIRECTION('',(0.,0.,-1.));
#6154=DIRECTION('',(-1.22464679914735E-16,0.,-1.));
#6155=DIRECTION('',(-1.,0.,1.22464679914735E-16));
#6156=DIRECTION('',(-0.866025403784438,-0.5,1.06057523872491E-16));
#6157=DIRECTION('',(0.5,-0.866025403784438,0.));
#6158=DIRECTION('',(-1.22464679914735E-16,0.,-1.));
#6159=DIRECTION('',(-0.5,0.866025403784438,6.12323399573679E-17));
#6160=DIRECTION('',(-0.866025403784439,0.5,1.06057523872491E-16));
#6161=DIRECTION('',(-0.5,-0.866025403784439,0.));
#6162=DIRECTION('',(-1.22464679914735E-16,2.52825014247794E-47,-1.));
#6163=DIRECTION('',(0.5,0.866025403784439,-6.12323399573676E-17));
#6164=DIRECTION('',(-1.50231459873715E-15,1.,1.83980476465579E-31));
#6165=DIRECTION('',(-1.,-1.50231459873715E-15,0.));
#6166=DIRECTION('',(-1.22464679914735E-16,-7.1163914997269E-33,-1.));
#6167=DIRECTION('',(1.,1.50231459873715E-15,-1.22464679914735E-16));
#6168=DIRECTION('',(0.866025403784438,0.5,-1.06057523872491E-16));
#6169=DIRECTION('',(-0.5,0.866025403784438,0.));
#6170=DIRECTION('',(0.5,-0.866025403784438,-6.12323399573679E-17));
#6171=DIRECTION('',(-1.22464679914735E-16,0.,-1.));
#6172=DIRECTION('',(1.,0.,-1.22464679914735E-16));
#6173=DIRECTION('',(0.,0.,1.));
#6174=DIRECTION('',(1.,0.,0.));
#6175=DIRECTION('',(1.22464679914735E-16,7.76636180567531E-32,-1.));
#6176=DIRECTION('',(1.,6.3417156775999E-16,1.22464679914735E-16));
#6177=DIRECTION('',(-3.81142422582846E-16,1.,3.0987133273218E-32));
#6178=DIRECTION('',(-1.22464679914735E-16,-7.76636180567531E-32,1.));
#6179=DIRECTION('',(1.,6.3417156775999E-16,1.22464679914735E-16));
#6180=DIRECTION('',(-1.,-6.3417156775999E-16,-1.22464679914735E-16));
#6181=DIRECTION('',(-1.22464679914735E-16,-7.76636180567531E-32,1.));
#6182=DIRECTION('',(1.,6.3417156775999E-16,1.22464679914735E-16));
#6183=DIRECTION('',(-1.22464679914735E-16,-7.76636180567531E-32,1.));
#6184=DIRECTION('',(1.,6.3417156775999E-16,1.22464679914735E-16));
#6185=DIRECTION('',(-1.22464679914735E-16,-7.76636180567531E-32,1.));
#6186=DIRECTION('',(1.,6.3417156775999E-16,1.22464679914735E-16));
#6187=DIRECTION('',(0.342020143325668,0.939692620785909,4.18853873767699E-17));
#6188=DIRECTION('',(1.22464679914735E-16,7.76636180567531E-32,-1.));
#6189=DIRECTION('',(-1.,0.,-1.22464679914735E-16));
#6190=DIRECTION('',(-1.22464679914735E-16,-7.76636180567531E-32,1.));
#6191=DIRECTION('',(1.,6.3417156775999E-16,1.22464679914735E-16));
#6192=DIRECTION('',(-0.5,-0.866025403784439,-6.12323399573677E-17));
#6193=DIRECTION('',(0.5,-0.866025403784437,6.1232339957368E-17));
#6194=DIRECTION('',(1.,3.63880076523431E-15,1.22464679914735E-16));
#6195=DIRECTION('',(0.5,0.86602540378444,6.12323399573676E-17));
#6196=DIRECTION('',(-0.5,0.866025403784438,-6.12323399573678E-17));
#6197=DIRECTION('',(-1.,-2.13648616649714E-15,-1.22464679914735E-16));
#6198=DIRECTION('',(-0.5,-0.866025403784439,-6.12323399573677E-17));
#6199=DIRECTION('',(0.5,-0.866025403784439,6.12323399573676E-17));
#6200=DIRECTION('',(1.,6.3417156775999E-16,1.22464679914735E-16));
#6201=DIRECTION('',(0.5,0.866025403784439,6.12323399573677E-17));
#6202=DIRECTION('',(-0.5,0.866025403784438,-6.12323399573678E-17));
#6203=DIRECTION('',(-1.,-8.21960892602133E-16,-1.22464679914735E-16));
#6204=DIRECTION('',(3.17085783879995E-16,-1.,1.32169407693471E-16));
#6205=DIRECTION('',(-4.19090402434389E-32,1.32169407693471E-16,1.));
#6206=DIRECTION('',(-0.939692620785909,0.342020143325668,1.15079156022785E-16));
#6207=DIRECTION('',(-0.342020143325668,-0.939692620785909,0.));
#6208=DIRECTION('',(-1.22464679914735E-16,0.,-1.));
#6209=DIRECTION('',(-1.,0.,1.22464679914735E-16));
#6210=DIRECTION('',(6.3417156775999E-16,-1.,-7.76636180567531E-32));
#6211=DIRECTION('',(1.,6.3417156775999E-16,0.));
#6212=DIRECTION('',(-1.,-3.81142422582846E-16,1.22464679914735E-16));
#6213=DIRECTION('',(3.81142422582846E-16,-1.,0.));
#6214=DIRECTION('',(-1.22464679914735E-16,0.,-1.));
#6215=DIRECTION('',(-1.,0.,1.22464679914735E-16));
#6216=DIRECTION('',(-1.22464679914735E-16,0.,-1.));
#6217=DIRECTION('',(-1.22464679914735E-16,0.,-1.));
#6218=DIRECTION('',(-1.22464679914735E-16,0.,-1.));
#6219=DIRECTION('',(-1.,0.,1.22464679914735E-16));
#6220=DIRECTION('',(-1.22464679914735E-16,0.,-1.));
#6221=DIRECTION('',(-1.,0.,1.22464679914735E-16));
#6222=DIRECTION('',(-1.22464679914735E-16,0.,-1.));
#6223=DIRECTION('',(0.,0.,-1.));
#6224=DIRECTION('',(-1.,0.,0.));
#6225=DIRECTION('',(-1.22464679914735E-16,0.,-1.));
#6226=DIRECTION('',(-1.22464679914735E-16,0.,-1.));
#6227=DIRECTION('',(-1.,0.,1.22464679914735E-16));
#6228=DIRECTION('',(-1.22464679914735E-16,0.,-1.));
#6229=DIRECTION('',(0.,0.,-1.));
#6230=DIRECTION('',(-1.,0.,0.));
#6231=DIRECTION('',(-1.22464679914735E-16,0.,-1.));
#6232=DIRECTION('',(-1.22464679914735E-16,0.,-1.));
#6233=DIRECTION('',(-1.,0.,1.22464679914735E-16));
#6234=DIRECTION('',(-1.22464679914735E-16,0.,-1.));
#6235=DIRECTION('',(-1.,0.,1.22464679914735E-16));
#6236=DIRECTION('',(-1.22464679914735E-16,0.,-1.));
#6237=DIRECTION('',(-1.22464679914735E-16,0.,-1.));
#6238=DIRECTION('',(-1.,0.,1.22464679914735E-16));
#6239=DIRECTION('',(0.,0.,-1.));
#6240=DIRECTION('',(-1.,0.,0.));
#6241=DIRECTION('',(-1.22464679914735E-16,0.,-1.));
#6242=DIRECTION('',(-0.939692620785909,0.342020143325668,1.15079156022785E-16));
#6243=DIRECTION('',(-0.342020143325668,-0.939692620785909,0.));
#6244=DIRECTION('',(-0.939692620785909,0.342020143325668,1.15079156022785E-16));
#6245=DIRECTION('',(-0.342020143325668,-0.939692620785909,0.));
#6246=DIRECTION('',(-1.,-3.81142422582846E-16,1.22464679914735E-16));
#6247=DIRECTION('',(3.81142422582846E-16,-1.,0.));
#6248=DIRECTION('',(-1.,-3.81142422582846E-16,1.22464679914735E-16));
#6249=DIRECTION('',(3.81142422582846E-16,-1.,0.));
#6250=DIRECTION('',(6.3417156775999E-16,-1.,-7.76636180567531E-32));
#6251=DIRECTION('',(1.,6.3417156775999E-16,0.));
#6252=DIRECTION('',(6.3417156775999E-16,-1.,-7.76636180567531E-32));
#6253=DIRECTION('',(1.,6.3417156775999E-16,0.));
#6254=DIRECTION('',(-1.48179011426701E-16,0.19646458412601,0.980510921501741));
#6255=DIRECTION('',(0.,-0.980510921501741,0.19646458412601));
#6256=DIRECTION('',(6.3417156775999E-16,-1.,-7.76636180567531E-32));
#6257=DIRECTION('',(1.,6.3417156775999E-16,0.));
#6258=DIRECTION('',(-1.,-3.81142422582846E-16,1.22464679914735E-16));
#6259=DIRECTION('',(3.81142422582846E-16,-1.,0.));
#6260=DIRECTION('',(-3.96354597346269E-16,0.985622123192379,-0.168964582897561));
#6261=DIRECTION('',(0.,0.168964582897561,0.985622123192379));
#6262=DIRECTION('',(0.139602392103371,0.,0.990207640911247));
#6263=DIRECTION('',(0.990207640911247,0.,-0.139602392103371));
#6264=DIRECTION('',(-0.614240935196965,-0.753326402973713,0.234962558955771));
#6265=DIRECTION('',(0.775023637878564,-0.631932243780516,0.));
#6266=DIRECTION('',(-1.22464679914735E-16,0.,-1.));
#6267=DIRECTION('',(-1.,0.,1.22464679914735E-16));
#6268=DIRECTION('',(0.028131462841817,0.0772905589341192,0.996611654707103));
#6269=DIRECTION('',(0.,-0.997006237789002,0.077321160168614));
#6270=DIRECTION('',(-0.333731486943662,-0.916919724538724,0.218818448432034));
#6271=DIRECTION('',(0.939692620785908,-0.342020143325669,0.));
#6272=DIRECTION('',(-0.939692620785909,0.342020143325668,1.15079156022785E-16));
#6273=DIRECTION('',(-0.342020143325668,-0.939692620785909,0.));
#6274=DIRECTION('',(0.866025403784437,0.5,-1.0605752387249E-16));
#6275=DIRECTION('',(-0.5,0.866025403784437,0.));
#6276=DIRECTION('',(-1.22464679914735E-16,-1.42327829994539E-32,-1.));
#6277=DIRECTION('',(0.5,-0.866025403784437,6.1232339957368E-17));
#6278=DIRECTION('',(-1.22464679914735E-16,7.11639149972686E-33,-1.));
#6279=DIRECTION('',(0.866025403784439,-0.5,-1.06057523872491E-16));
#6280=DIRECTION('',(0.5,0.866025403784439,0.));
#6281=DIRECTION('',(-1.22464679914735E-16,0.,-1.));
#6282=DIRECTION('',(-0.5,-0.866025403784439,-6.12323399573677E-17));
#6283=DIRECTION('',(2.13648616649714E-15,-1.,-2.61644094522332E-31));
#6284=DIRECTION('',(1.,2.13648616649714E-15,0.));
#6285=DIRECTION('',(-1.22464679914735E-16,-1.01130005699118E-46,-1.));
#6286=DIRECTION('',(-1.,-2.13648616649714E-15,-1.22464679914735E-16));
#6287=DIRECTION('',(-0.866025403784438,-0.5,1.06057523872491E-16));
#6288=DIRECTION('',(0.5,-0.866025403784438,0.));
#6289=DIRECTION('',(-1.22464679914735E-16,-7.1163914997269E-33,-1.));
#6290=DIRECTION('',(-0.5,0.866025403784438,-6.12323399573678E-17));
#6291=DIRECTION('',(-0.86602540378444,0.5,1.06057523872491E-16));
#6292=DIRECTION('',(-0.5,-0.86602540378444,0.));
#6293=DIRECTION('',(-1.22464679914735E-16,-1.01130005699118E-46,-1.));
#6294=DIRECTION('',(0.5,0.86602540378444,6.12323399573676E-17));
#6295=DIRECTION('',(-3.63880076523431E-15,1.,4.45624570987913E-31));
#6296=DIRECTION('',(-1.,-3.63880076523431E-15,0.));
#6297=DIRECTION('',(1.,3.63880076523431E-15,1.22464679914735E-16));
#6298=DIRECTION('',(1.22464679914735E-16,7.76636180567531E-32,-1.));
#6299=DIRECTION('',(-1.,-6.3417156775999E-16,-1.22464679914735E-16));
#6300=DIRECTION('',(0.866025403784439,0.5,-1.06057523872491E-16));
#6301=DIRECTION('',(-0.5,0.866025403784439,0.));
#6302=DIRECTION('',(-1.22464679914735E-16,0.,-1.));
#6303=DIRECTION('',(0.5,-0.866025403784439,6.12323399573676E-17));
#6304=DIRECTION('',(-1.22464679914735E-16,0.,-1.));
#6305=DIRECTION('',(0.866025403784439,-0.5,-1.06057523872491E-16));
#6306=DIRECTION('',(0.5,0.866025403784439,0.));
#6307=DIRECTION('',(-1.22464679914735E-16,0.,-1.));
#6308=DIRECTION('',(-0.5,-0.866025403784439,-6.12323399573677E-17));
#6309=DIRECTION('',(8.21960892602133E-16,-1.,-1.0066117761495E-31));
#6310=DIRECTION('',(1.,8.21960892602133E-16,0.));
#6311=DIRECTION('',(-1.22464679914735E-16,1.26412507123897E-47,-1.));
#6312=DIRECTION('',(-1.,-8.21960892602133E-16,-1.22464679914735E-16));
#6313=DIRECTION('',(-0.866025403784438,-0.5,1.06057523872491E-16));
#6314=DIRECTION('',(0.5,-0.866025403784438,0.));
#6315=DIRECTION('',(-1.22464679914735E-16,1.42327829994538E-32,-1.));
#6316=DIRECTION('',(-0.5,0.866025403784438,-6.12323399573678E-17));
#6317=DIRECTION('',(-0.866025403784439,0.5,1.06057523872491E-16));
#6318=DIRECTION('',(-0.5,-0.866025403784439,0.));
#6319=DIRECTION('',(-1.22464679914735E-16,-1.26412507123897E-47,-1.));
#6320=DIRECTION('',(0.5,0.866025403784439,6.12323399573677E-17));
#6321=DIRECTION('',(-6.3417156775999E-16,1.,7.76636180567531E-32));
#6322=DIRECTION('',(-1.,-6.3417156775999E-16,0.));
#6323=DIRECTION('',(1.,6.3417156775999E-16,1.22464679914735E-16));
#6324=DIRECTION('',(1.22464679914735E-16,7.76636180567531E-32,-1.));
#6325=DIRECTION('',(-1.,-6.3417156775999E-16,-1.22464679914735E-16));
#6326=DIRECTION('',(0.,0.,1.));
#6327=DIRECTION('',(1.,0.,0.));
#6328=DIRECTION('',(1.22464679914735E-16,7.76636180567531E-32,-1.));
#6329=DIRECTION('',(1.,6.3417156775999E-16,1.22464679914735E-16));
#6330=DIRECTION('',(1.22464679914735E-16,7.76636180567531E-32,-1.));
#6331=DIRECTION('',(-1.,-6.3417156775999E-16,-1.22464679914735E-16));
#6332=DIRECTION('',(-0.99999709023749,-0.00241236741696557,-1.22464323571601E-16));
#6333=DIRECTION('',(1.,6.3417156775999E-16,1.22464679914735E-16));
#6334=DIRECTION('',(-1.22464679914735E-16,-7.76636180567531E-32,1.));
#6335=DIRECTION('',(1.,6.3417156775999E-16,1.22464679914735E-16));
#6336=DIRECTION('',(8.8879705552742E-16,-1.,3.11826288575716E-32));
#6337=DIRECTION('',(-1.22464679914735E-16,-7.76636180567531E-32,1.));
#6338=DIRECTION('',(1.,6.3417156775999E-16,1.22464679914735E-16));
#6339=DIRECTION('',(-1.22464679914735E-16,-7.76636180567531E-32,1.));
#6340=DIRECTION('',(1.,6.3417156775999E-16,1.22464679914735E-16));
#6341=DIRECTION('',(-1.22464679914735E-16,-7.76636180567531E-32,1.));
#6342=DIRECTION('',(1.,6.3417156775999E-16,1.22464679914735E-16));
#6343=DIRECTION('',(-1.22464679914735E-16,-7.76636180567531E-32,1.));
#6344=DIRECTION('',(1.,6.3417156775999E-16,1.22464679914735E-16));
#6345=DIRECTION('',(-1.22464679914735E-16,-7.76636180567531E-32,1.));
#6346=DIRECTION('',(1.,6.3417156775999E-16,1.22464679914735E-16));
#6347=DIRECTION('',(-1.22464679914735E-16,-7.76636180567531E-32,1.));
#6348=DIRECTION('',(1.,6.3417156775999E-16,1.22464679914735E-16));
#6349=DIRECTION('',(0.766044443118979,-0.642787609686539,9.38133875270273E-17));
#6350=DIRECTION('',(-1.22464679914735E-16,-7.76636180567531E-32,1.));
#6351=DIRECTION('',(1.,6.3417156775999E-16,1.22464679914735E-16));
#6352=DIRECTION('',(-0.99999709023749,-0.00241236741696557,-1.22464323571601E-16));
#6353=DIRECTION('',(1.22464679914735E-16,7.76636180567531E-32,-1.));
#6354=DIRECTION('',(-1.,-6.3417156775999E-16,-1.22464679914735E-16));
#6355=DIRECTION('',(1.,6.3417156775999E-16,1.22464679914735E-16));
#6356=DIRECTION('',(-0.5,-0.866025403784439,-6.12323399573676E-17));
#6357=DIRECTION('',(0.5,-0.866025403784438,6.12323399573678E-17));
#6358=DIRECTION('',(1.,6.3417156775999E-16,1.22464679914735E-16));
#6359=DIRECTION('',(0.5,0.866025403784439,6.12323399573677E-17));
#6360=DIRECTION('',(-0.5,0.866025403784438,-6.12323399573677E-17));
#6361=DIRECTION('',(-1.,-6.3417156775999E-16,-1.22464679914735E-16));
#6362=DIRECTION('',(-0.5,-0.866025403784439,-6.12323399573677E-17));
#6363=DIRECTION('',(0.5,-0.866025403784438,6.12323399573677E-17));
#6364=DIRECTION('',(1.,6.3417156775999E-16,1.22464679914735E-16));
#6365=DIRECTION('',(0.5,0.866025403784439,6.12323399573677E-17));
#6366=DIRECTION('',(-0.5,0.866025403784438,-6.12323399573677E-17));
#6367=DIRECTION('',(-1.,-6.3417156775999E-16,-1.22464679914735E-16));
#6368=DIRECTION('',(-6.3417156775999E-16,1.,7.76636180567531E-32));
#6369=DIRECTION('',(-1.,-6.3417156775999E-16,0.));
#6370=DIRECTION('',(-1.22464679914735E-16,0.,-1.));
#6371=DIRECTION('',(-6.3417156775999E-16,1.,7.76636180567531E-32));
#6372=DIRECTION('',(-1.,-6.3417156775999E-16,0.));
#6373=DIRECTION('',(-1.22464679914735E-16,0.,-1.));
#6374=DIRECTION('',(-1.22464679914735E-16,0.,-1.));
#6375=DIRECTION('',(-1.,0.,1.22464679914735E-16));
#6376=DIRECTION('',(-1.22464679914735E-16,0.,-1.));
#6377=DIRECTION('',(-1.22464679914735E-16,0.,-1.));
#6378=DIRECTION('',(-1.,0.,1.22464679914735E-16));
#6379=DIRECTION('',(-1.22464679914735E-16,0.,-1.));
#6380=DIRECTION('',(-1.22464679914735E-16,0.,-1.));
#6381=DIRECTION('',(-1.,0.,1.22464679914735E-16));
#6382=DIRECTION('',(-1.22464679914735E-16,0.,-1.));
#6383=DIRECTION('',(-1.22464679914735E-16,0.,-1.));
#6384=DIRECTION('',(-1.22464679914735E-16,0.,-1.));
#6385=DIRECTION('',(-1.,0.,1.22464679914735E-16));
#6386=DIRECTION('',(-1.22464679914735E-16,0.,-1.));
#6387=DIRECTION('',(3.17085783879995E-16,-1.,1.32169407693471E-16));
#6388=DIRECTION('',(-4.19090402434389E-32,1.32169407693471E-16,1.));
#6389=DIRECTION('',(-1.,-8.8879705552742E-16,1.22464679914735E-16));
#6390=DIRECTION('',(8.8879705552742E-16,-1.,0.));
#6391=DIRECTION('',(-6.3417156775999E-16,1.,7.76636180567531E-32));
#6392=DIRECTION('',(-1.,-6.3417156775999E-16,0.));
#6393=DIRECTION('',(-0.00241236741696557,0.999997090237489,2.95429803555425E-19));
#6394=DIRECTION('',(-0.99999709023749,-0.00241236741696557,0.));
#6395=DIRECTION('',(-6.3417156775999E-16,1.,7.76636180567531E-32));
#6396=DIRECTION('',(-1.,-6.3417156775999E-16,0.));
#6397=DIRECTION('',(-0.00241236741696557,0.999997090237489,2.95429803555425E-19));
#6398=DIRECTION('',(-0.99999709023749,-0.00241236741696557,0.));
#6399=DIRECTION('',(0.642787609686539,0.766044443118979,-7.87187788734198E-17));
#6400=DIRECTION('',(-0.766044443118979,0.642787609686539,0.));
#6401=DIRECTION('',(-1.22464679914735E-16,0.,-1.));
#6402=DIRECTION('',(-1.,0.,1.22464679914735E-16));
#6403=DIRECTION('',(-1.22464679914735E-16,0.,-1.));
#6404=DIRECTION('',(-1.,0.,1.22464679914735E-16));
#6405=DIRECTION('',(-1.22464679914735E-16,0.,-1.));
#6406=DIRECTION('',(-1.22464679914735E-16,0.,-1.));
#6407=DIRECTION('',(-1.22464679914735E-16,0.,-1.));
#6408=DIRECTION('',(-1.,0.,1.22464679914735E-16));
#6409=DIRECTION('',(-1.22464679914735E-16,0.,-1.));
#6410=DIRECTION('',(-1.22464679914735E-16,0.,-1.));
#6411=DIRECTION('',(-1.22464679914735E-16,0.,-1.));
#6412=DIRECTION('',(-1.,0.,1.22464679914735E-16));
#6413=DIRECTION('',(-1.22464679914735E-16,0.,-1.));
#6414=DIRECTION('',(-1.,0.,1.22464679914735E-16));
#6415=DIRECTION('',(-1.22464679914735E-16,0.,-1.));
#6416=DIRECTION('',(-1.,0.,1.22464679914735E-16));
#6417=DIRECTION('',(-1.22464679914735E-16,0.,-1.));
#6418=DIRECTION('',(-1.22464679914735E-16,0.,-1.));
#6419=DIRECTION('',(-1.,0.,1.22464679914735E-16));
#6420=DIRECTION('',(-1.22464679914735E-16,0.,-1.));
#6421=DIRECTION('',(-1.22464679914735E-16,0.,-1.));
#6422=DIRECTION('',(-1.22464679914735E-16,0.,-1.));
#6423=DIRECTION('',(-1.,0.,1.22464679914735E-16));
#6424=DIRECTION('',(-1.22464679914735E-16,0.,-1.));
#6425=DIRECTION('',(-1.22464679914735E-16,0.,-1.));
#6426=DIRECTION('',(0.00241236741696557,-0.999997090237489,-2.95429803555425E-19));
#6427=DIRECTION('',(0.99999709023749,0.00241236741696557,0.));
#6428=DIRECTION('',(0.00241236741696557,-0.999997090237489,-2.95429803555425E-19));
#6429=DIRECTION('',(0.99999709023749,0.00241236741696557,0.));
#6430=DIRECTION('',(-1.22464679914735E-16,0.,-1.));
#6431=DIRECTION('',(-1.22464679914735E-16,0.,-1.));
#6432=DIRECTION('',(-6.3417156775999E-16,1.,7.76636180567531E-32));
#6433=DIRECTION('',(-1.,-6.3417156775999E-16,0.));
#6434=DIRECTION('',(-6.3417156775999E-16,1.,7.76636180567531E-32));
#6435=DIRECTION('',(-1.,-6.3417156775999E-16,0.));
#6436=DIRECTION('',(1.,8.8879705552742E-16,-1.22464679914735E-16));
#6437=DIRECTION('',(-8.8879705552742E-16,1.,0.));
#6438=DIRECTION('',(1.,8.8879705552742E-16,-1.22464679914735E-16));
#6439=DIRECTION('',(-8.8879705552742E-16,1.,0.));
#6440=DIRECTION('',(0.642787609686539,0.766044443118979,-7.87187788734198E-17));
#6441=DIRECTION('',(-0.766044443118979,0.642787609686539,0.));
#6442=DIRECTION('',(0.642787609686539,0.766044443118979,-7.87187788734198E-17));
#6443=DIRECTION('',(-0.766044443118979,0.642787609686539,0.));
#6444=DIRECTION('',(0.00241236741696557,-0.999997090237489,-2.95429803555425E-19));
#6445=DIRECTION('',(0.99999709023749,0.00241236741696557,0.));
#6446=DIRECTION('',(0.00241236741696557,-0.999997090237489,-2.95429803555425E-19));
#6447=DIRECTION('',(0.99999709023749,0.00241236741696557,0.));
#6448=DIRECTION('',(0.968015240419541,0.249875205621691,0.0225582785472525));
#6449=DIRECTION('',(-0.249938807635821,0.968261634289815,0.));
#6450=DIRECTION('',(9.70817153882484E-15,-0.989439561467369,-0.144946038936081));
#6451=DIRECTION('',(0.,0.144946038936081,-0.989439561467369));
#6452=DIRECTION('',(1.,8.8879705552742E-16,-1.22464679914735E-16));
#6453=DIRECTION('',(-8.8879705552742E-16,1.,0.));
#6454=DIRECTION('',(-6.82229300444929E-15,-0.983196039444805,-0.182552863631467));
#6455=DIRECTION('',(0.,0.182552863631467,-0.983196039444805));
#6456=DIRECTION('',(0.85720066930183,0.514981797376657,0.000872306828431681));
#6457=DIRECTION('',(-0.514981993306538,0.857200995432241,0.));
#6458=DIRECTION('',(-6.3417156775999E-16,1.,7.76636180567531E-32));
#6459=DIRECTION('',(-1.,-6.3417156775999E-16,0.));
#6460=DIRECTION('',(0.00241236741696557,-0.999997090237489,-2.95429803555425E-19));
#6461=DIRECTION('',(0.99999709023749,0.00241236741696557,0.));
#6462=DIRECTION('',(-1.22464679914735E-16,0.,-1.));
#6463=DIRECTION('',(-1.,0.,1.22464679914735E-16));
#6464=DIRECTION('',(0.7584400149617,-0.636406736824462,-0.140553224898388));
#6465=DIRECTION('',(0.642787609686544,0.766044443118974,0.));
#6466=DIRECTION('',(-6.3417156775999E-16,1.,7.76636180567531E-32));
#6467=DIRECTION('',(-1.,-6.3417156775999E-16,0.));
#6468=DIRECTION('',(0.642787609686539,0.766044443118979,-7.87187788734198E-17));
#6469=DIRECTION('',(-0.766044443118979,0.642787609686539,0.));
#6470=DIRECTION('',(0.750157219040239,-0.629456645821638,-0.20260423922709));
#6471=DIRECTION('',(0.642787609686539,0.766044443118979,0.));
#6472=DIRECTION('',(0.00241236741696557,-0.999997090237489,-2.95429803555425E-19));
#6473=DIRECTION('',(0.99999709023749,0.00241236741696557,0.));
#6474=DIRECTION('',(0.866025403784438,0.5,-1.06057523872491E-16));
#6475=DIRECTION('',(-0.5,0.866025403784438,0.));
#6476=DIRECTION('',(-1.22464679914735E-16,-1.42327829994538E-32,-1.));
#6477=DIRECTION('',(0.5,-0.866025403784438,6.12323399573678E-17));
#6478=DIRECTION('',(-1.22464679914735E-16,-2.52825014247794E-47,-1.));
#6479=DIRECTION('',(0.866025403784439,-0.5,-1.06057523872491E-16));
#6480=DIRECTION('',(0.5,0.866025403784439,0.));
#6481=DIRECTION('',(-1.22464679914735E-16,1.58015633904872E-48,-1.));
#6482=DIRECTION('',(-0.5,-0.866025403784439,-6.12323399573676E-17));
#6483=DIRECTION('',(6.3417156775999E-16,-1.,-7.76636180567531E-32));
#6484=DIRECTION('',(1.,6.3417156775999E-16,0.));
#6485=DIRECTION('',(-1.22464679914735E-16,0.,-1.));
#6486=DIRECTION('',(-1.,-6.3417156775999E-16,-1.22464679914735E-16));
#6487=DIRECTION('',(-0.866025403784438,-0.5,1.06057523872491E-16));
#6488=DIRECTION('',(0.5,-0.866025403784438,0.));
#6489=DIRECTION('',(-1.22464679914735E-16,-1.42327829994538E-32,-1.));
#6490=DIRECTION('',(-0.5,0.866025403784438,-6.12323399573677E-17));
#6491=DIRECTION('',(-0.866025403784439,0.5,1.06057523872491E-16));
#6492=DIRECTION('',(-0.5,-0.866025403784439,0.));
#6493=DIRECTION('',(-1.22464679914735E-16,-1.26412507123897E-47,-1.));
#6494=DIRECTION('',(0.5,0.866025403784439,6.12323399573677E-17));
#6495=DIRECTION('',(-6.3417156775999E-16,1.,7.76636180567531E-32));
#6496=DIRECTION('',(-1.,-6.3417156775999E-16,0.));
#6497=DIRECTION('',(1.,6.3417156775999E-16,1.22464679914735E-16));
#6498=DIRECTION('',(1.22464679914735E-16,7.76636180567531E-32,-1.));
#6499=DIRECTION('',(-1.,-6.3417156775999E-16,-1.22464679914735E-16));
#6500=DIRECTION('',(0.866025403784438,0.5,-1.06057523872491E-16));
#6501=DIRECTION('',(-0.5,0.866025403784438,0.));
#6502=DIRECTION('',(-1.22464679914735E-16,1.26412507123897E-47,-1.));
#6503=DIRECTION('',(0.5,-0.866025403784438,6.12323399573677E-17));
#6504=DIRECTION('',(-1.22464679914735E-16,-7.11639149972695E-33,-1.));
#6505=DIRECTION('',(0.866025403784439,-0.5,-1.06057523872491E-16));
#6506=DIRECTION('',(0.5,0.866025403784439,0.));
#6507=DIRECTION('',(-1.22464679914735E-16,-1.58015633904872E-48,-1.));
#6508=DIRECTION('',(-0.5,-0.866025403784439,-6.12323399573677E-17));
#6509=DIRECTION('',(6.3417156775999E-16,-1.,-7.76636180567531E-32));
#6510=DIRECTION('',(1.,6.3417156775999E-16,0.));
#6511=DIRECTION('',(-1.22464679914735E-16,0.,-1.));
#6512=DIRECTION('',(-1.,-6.3417156775999E-16,-1.22464679914735E-16));
#6513=DIRECTION('',(-0.866025403784438,-0.5,1.06057523872491E-16));
#6514=DIRECTION('',(0.5,-0.866025403784438,0.));
#6515=DIRECTION('',(-1.22464679914735E-16,-1.89618760685846E-47,-1.));
#6516=DIRECTION('',(-0.5,0.866025403784438,-6.12323399573677E-17));
#6517=DIRECTION('',(-0.866025403784439,0.5,1.06057523872491E-16));
#6518=DIRECTION('',(-0.5,-0.866025403784439,0.));
#6519=DIRECTION('',(-1.22464679914735E-16,-1.26412507123897E-47,-1.));
#6520=DIRECTION('',(0.5,0.866025403784439,6.12323399573677E-17));
#6521=DIRECTION('',(-6.3417156775999E-16,1.,7.76636180567531E-32));
#6522=DIRECTION('',(-1.,-6.3417156775999E-16,0.));
#6523=DIRECTION('',(1.,6.3417156775999E-16,1.22464679914735E-16));
#6524=DIRECTION('',(1.22464679914735E-16,7.76636180567531E-32,-1.));
#6525=DIRECTION('',(-1.,-6.3417156775999E-16,-1.22464679914735E-16));
#6526=DIRECTION('',(0.,0.,1.));
#6527=DIRECTION('',(1.,0.,0.));
#6528=DIRECTION('',(3.17085783879995E-16,-1.,1.32169407693471E-16));
#6529=DIRECTION('',(-4.19090402434389E-32,1.32169407693471E-16,1.));
#6530=DIRECTION('',(0.,-1.,0.));
#6531=DIRECTION('',(0.,0.,-1.));
#6532=DIRECTION('',(-1.22464679914735E-16,0.,-1.));
#6533=DIRECTION('',(-1.,0.,1.22464679914735E-16));
#6534=DIRECTION('',(0.939692620785908,0.342020143325669,-1.15079156022785E-16));
#6535=DIRECTION('',(-0.342020143325669,0.939692620785909,0.));
#6536=DIRECTION('',(1.,2.53029145177144E-16,-1.22464679914735E-16));
#6537=DIRECTION('',(-2.53029145177144E-16,1.,0.));
#6538=DIRECTION('',(-1.22464679914735E-16,0.,-1.));
#6539=DIRECTION('',(-1.,0.,1.22464679914735E-16));
#6540=DIRECTION('',(-1.22464679914735E-16,0.,-1.));
#6541=DIRECTION('',(-1.22464679914735E-16,0.,-1.));
#6542=DIRECTION('',(-1.,0.,1.22464679914735E-16));
#6543=DIRECTION('',(-1.22464679914735E-16,0.,-1.));
#6544=DIRECTION('',(-1.22464679914735E-16,0.,-1.));
#6545=DIRECTION('',(-1.,0.,1.22464679914735E-16));
#6546=DIRECTION('',(-1.22464679914735E-16,0.,-1.));
#6547=DIRECTION('',(-1.,0.,1.22464679914735E-16));
#6548=DIRECTION('',(-1.22464679914735E-16,0.,-1.));
#6549=DIRECTION('',(0.,0.,-1.));
#6550=DIRECTION('',(-1.,0.,0.));
#6551=DIRECTION('',(-1.22464679914735E-16,0.,-1.));
#6552=DIRECTION('',(-1.,0.,1.22464679914735E-16));
#6553=DIRECTION('',(-1.22464679914735E-16,0.,-1.));
#6554=DIRECTION('',(-1.,0.,1.22464679914735E-16));
#6555=DIRECTION('',(0.,0.,-1.));
#6556=DIRECTION('',(-1.,0.,0.));
#6557=DIRECTION('',(-1.22464679914735E-16,0.,-1.));
#6558=DIRECTION('',(-1.22464679914735E-16,0.,-1.));
#6559=DIRECTION('',(-1.,0.,1.22464679914735E-16));
#6560=DIRECTION('',(-1.22464679914735E-16,0.,-1.));
#6561=DIRECTION('',(-1.,0.,1.22464679914735E-16));
#6562=DIRECTION('',(-0.5,-0.866025403784439,6.12323399573676E-17));
#6563=DIRECTION('',(0.5,-0.866025403784438,-6.12323399573677E-17));
#6564=DIRECTION('',(1.,-1.87789324842143E-16,-1.22464679914735E-16));
#6565=DIRECTION('',(0.5,0.866025403784439,-6.12323399573678E-17));
#6566=DIRECTION('',(-0.5,0.866025403784439,6.12323399573677E-17));
#6567=DIRECTION('',(-1.,0.,1.22464679914735E-16));
#6568=DIRECTION('',(-0.5,-0.866025403784437,6.12323399573679E-17));
#6569=DIRECTION('',(0.5,-0.866025403784439,-6.12323399573677E-17));
#6570=DIRECTION('',(1.,-1.50231459873715E-15,-1.22464679914735E-16));
#6571=DIRECTION('',(0.5,0.866025403784438,-6.12323399573678E-17));
#6572=DIRECTION('',(-0.5,0.866025403784439,6.12323399573676E-17));
#6573=DIRECTION('',(-1.,3.00462919747432E-15,1.22464679914735E-16));
#6574=DIRECTION('',(-2.53029145177144E-16,1.,3.0987133273218E-32));
#6575=DIRECTION('',(-1.22464679914735E-16,0.,-1.));
#6576=DIRECTION('',(-1.,0.,1.22464679914735E-16));
#6577=DIRECTION('',(1.22464679914735E-16,0.,1.));
#6578=DIRECTION('',(1.,6.3417156775999E-16,-1.22464679914735E-16));
#6579=DIRECTION('',(-0.342020143325669,0.939692620785908,4.18853873767699E-17));
#6580=DIRECTION('',(1.,0.,-1.22464679914735E-16));
#6581=DIRECTION('',(-1.22464679914735E-16,0.,-1.));
#6582=DIRECTION('',(-1.,0.,1.22464679914735E-16));
#6583=DIRECTION('',(0.,1.,0.));
#6584=DIRECTION('',(0.,0.,1.));
#6585=DIRECTION('',(0.,1.,0.));
#6586=DIRECTION('',(0.,0.,1.));
#6587=DIRECTION('',(-1.22464679914735E-16,0.,-1.));
#6588=DIRECTION('',(-1.22464679914735E-16,0.,-1.));
#6589=DIRECTION('',(-1.,0.,1.22464679914735E-16));
#6590=DIRECTION('',(0.,0.,-1.));
#6591=DIRECTION('',(-1.,0.,0.));
#6592=DIRECTION('',(-1.22464679914735E-16,0.,-1.));
#6593=DIRECTION('',(-1.,-2.53029145177144E-16,1.22464679914735E-16));
#6594=DIRECTION('',(2.53029145177144E-16,-1.,0.));
#6595=DIRECTION('',(-1.,-2.53029145177144E-16,1.22464679914735E-16));
#6596=DIRECTION('',(2.53029145177144E-16,-1.,0.));
#6597=DIRECTION('',(-1.22464679914735E-16,0.,-1.));
#6598=DIRECTION('',(-1.,0.,1.22464679914735E-16));
#6599=DIRECTION('',(-1.22464679914735E-16,0.,-1.));
#6600=DIRECTION('',(-1.22464679914735E-16,0.,-1.));
#6601=DIRECTION('',(-1.,0.,1.22464679914735E-16));
#6602=DIRECTION('',(-1.22464679914735E-16,0.,-1.));
#6603=DIRECTION('',(-0.939692620785908,-0.342020143325669,1.15079156022785E-16));
#6604=DIRECTION('',(0.342020143325669,-0.939692620785909,0.));
#6605=DIRECTION('',(-0.939692620785908,-0.342020143325669,1.15079156022785E-16));
#6606=DIRECTION('',(0.342020143325669,-0.939692620785909,0.));
#6607=DIRECTION('',(0.,0.196464584125995,0.980510921501744));
#6608=DIRECTION('',(0.,-0.980510921501744,0.196464584125995));
#6609=DIRECTION('',(0.,1.,0.));
#6610=DIRECTION('',(0.,0.,1.));
#6611=DIRECTION('',(-1.,-2.53029145177144E-16,1.22464679914735E-16));
#6612=DIRECTION('',(2.53029145177144E-16,-1.,0.));
#6613=DIRECTION('',(-2.70083316860526E-16,0.985622123192379,-0.168964582897561));
#6614=DIRECTION('',(0.,0.168964582897561,0.985622123192379));
#6615=DIRECTION('',(-0.139602392103371,0.,0.990207640911247));
#6616=DIRECTION('',(0.990207640911247,0.,0.139602392103371));
#6617=DIRECTION('',(0.614240935196966,-0.753326402973713,0.23496255895577));
#6618=DIRECTION('',(0.775023637878564,0.631932243780516,0.));
#6619=DIRECTION('',(-0.0281314628418158,0.0772905589341156,0.996611654707104));
#6620=DIRECTION('',(0.,-0.997006237789002,0.0773211601686104));
#6621=DIRECTION('',(-1.22464679914735E-16,0.,-1.));
#6622=DIRECTION('',(-1.,0.,1.22464679914735E-16));
#6623=DIRECTION('',(0.333731486943662,-0.916919724538724,0.218818448432034));
#6624=DIRECTION('',(0.939692620785908,0.342020143325669,0.));
#6625=DIRECTION('',(-0.939692620785908,-0.342020143325669,1.15079156022785E-16));
#6626=DIRECTION('',(0.342020143325669,-0.939692620785909,0.));
#6627=DIRECTION('',(0.866025403784437,-0.5,-1.0605752387249E-16));
#6628=DIRECTION('',(0.5,0.866025403784437,0.));
#6629=DIRECTION('',(-1.22464679914735E-16,-1.01130005699118E-46,-1.));
#6630=DIRECTION('',(-0.5,-0.866025403784437,6.12323399573679E-17));
#6631=DIRECTION('',(-1.22464679914735E-16,-4.26983489983615E-32,-1.));
#6632=DIRECTION('',(-3.00462919747432E-15,-1.,3.6796095293116E-31));
#6633=DIRECTION('',(1.,-3.00462919747432E-15,0.));
#6634=DIRECTION('',(-1.22464679914735E-16,5.0565002849559E-47,-1.));
#6635=DIRECTION('',(-1.,3.00462919747432E-15,1.22464679914735E-16));
#6636=DIRECTION('',(-0.866025403784439,-0.5,1.06057523872491E-16));
#6637=DIRECTION('',(0.5,-0.866025403784439,0.));
#6638=DIRECTION('',(-1.22464679914735E-16,1.42327829994538E-32,-1.));
#6639=DIRECTION('',(-0.5,0.866025403784439,6.12323399573676E-17));
#6640=DIRECTION('',(-0.866025403784438,0.5,1.06057523872491E-16));
#6641=DIRECTION('',(-0.5,-0.866025403784438,0.));
#6642=DIRECTION('',(-1.22464679914735E-16,2.52825014247794E-47,-1.));
#6643=DIRECTION('',(0.5,0.866025403784438,-6.12323399573678E-17));
#6644=DIRECTION('',(1.50231459873715E-15,1.,-1.83980476465579E-31));
#6645=DIRECTION('',(-1.,1.50231459873715E-15,0.));
#6646=DIRECTION('',(-1.22464679914735E-16,7.58475042743384E-47,-1.));
#6647=DIRECTION('',(1.,-1.50231459873715E-15,-1.22464679914735E-16));
#6648=DIRECTION('',(0.866025403784438,0.5,-1.06057523872491E-16));
#6649=DIRECTION('',(-0.5,0.866025403784439,0.));
#6650=DIRECTION('',(0.5,-0.866025403784439,-6.12323399573677E-17));
#6651=DIRECTION('',(-1.22464679914735E-16,0.,-1.));
#6652=DIRECTION('',(1.,0.,-1.22464679914735E-16));
#6653=DIRECTION('',(0.866025403784439,-0.5,-1.06057523872491E-16));
#6654=DIRECTION('',(0.5,0.866025403784439,0.));
#6655=DIRECTION('',(-1.22464679914735E-16,0.,-1.));
#6656=DIRECTION('',(-0.5,-0.866025403784439,6.12323399573676E-17));
#6657=DIRECTION('',(-1.22464679914735E-16,7.11639149972692E-33,-1.));
#6658=DIRECTION('',(0.,-1.,0.));
#6659=DIRECTION('',(0.,0.,-1.));
#6660=DIRECTION('',(-1.22464679914735E-16,0.,-1.));
#6661=DIRECTION('',(-1.,0.,1.22464679914735E-16));
#6662=DIRECTION('',(-0.866025403784439,-0.5,1.06057523872491E-16));
#6663=DIRECTION('',(0.5,-0.866025403784439,0.));
#6664=DIRECTION('',(-1.22464679914735E-16,0.,-1.));
#6665=DIRECTION('',(-0.5,0.866025403784439,6.12323399573677E-17));
#6666=DIRECTION('',(-0.866025403784438,0.5,1.06057523872491E-16));
#6667=DIRECTION('',(-0.5,-0.866025403784439,0.));
#6668=DIRECTION('',(-1.22464679914735E-16,-3.16031267809743E-48,-1.));
#6669=DIRECTION('',(0.5,0.866025403784439,-6.12323399573678E-17));
#6670=DIRECTION('',(1.87789324842143E-16,1.,-2.29975595581973E-32));
#6671=DIRECTION('',(-1.,1.87789324842143E-16,0.));
#6672=DIRECTION('',(-1.22464679914735E-16,-3.16031267809743E-48,-1.));
#6673=DIRECTION('',(1.,-1.87789324842143E-16,-1.22464679914735E-16));
#6674=DIRECTION('',(0.866025403784438,0.5,-1.06057523872491E-16));
#6675=DIRECTION('',(-0.5,0.866025403784438,0.));
#6676=DIRECTION('',(0.5,-0.866025403784438,-6.12323399573677E-17));
#6677=DIRECTION('',(-1.22464679914735E-16,0.,-1.));
#6678=DIRECTION('',(1.,0.,-1.22464679914735E-16));
#6679=DIRECTION('',(0.,0.,1.));
#6680=DIRECTION('',(1.,0.,0.));
#6681=DIRECTION('',(0.,-1.,0.));
#6682=DIRECTION('',(0.,0.,-1.));
#6683=DIRECTION('',(-1.22464679914735E-16,0.,-1.));
#6684=DIRECTION('',(-1.,0.,1.22464679914735E-16));
#6685=DIRECTION('',(-1.22464679914735E-16,0.,-1.));
#6686=DIRECTION('',(0.,-1.,0.));
#6687=DIRECTION('',(0.,0.,-1.));
#6688=DIRECTION('',(-1.22464679914735E-16,0.,-1.));
#6689=DIRECTION('',(-1.,0.,1.22464679914735E-16));
#6690=DIRECTION('',(1.22464679914735E-16,0.,1.));
#6691=DIRECTION('',(1.,0.,-1.22464679914735E-16));
#6692=DIRECTION('',(-1.22464679914735E-16,0.,-1.));
#6693=DIRECTION('',(-1.22464679914735E-16,0.,-1.));
#6694=DIRECTION('',(-1.,0.,1.22464679914735E-16));
#6695=DIRECTION('',(-1.22464679914735E-16,0.,-1.));
#6696=DIRECTION('',(-1.,0.,1.22464679914735E-16));
#6697=DIRECTION('',(-1.22464679914735E-16,0.,-1.));
#6698=DIRECTION('',(-1.22464679914735E-16,0.,-1.));
#6699=DIRECTION('',(-1.22464679914735E-16,0.,-1.));
#6700=DIRECTION('',(-1.,0.,1.22464679914735E-16));
#6701=DIRECTION('',(-1.22464679914735E-16,0.,-1.));
#6702=DIRECTION('',(-1.,0.,1.22464679914735E-16));
#6703=DIRECTION('',(-1.22464679914735E-16,0.,-1.));
#6704=DIRECTION('',(-1.22464679914735E-16,0.,-1.));
#6705=DIRECTION('',(-1.,0.,1.22464679914735E-16));
#6706=DIRECTION('',(-1.22464679914735E-16,0.,-1.));
#6707=DIRECTION('',(1.22464679914735E-16,0.,1.));
#6708=DIRECTION('',(1.,0.,-1.22464679914735E-16));
#6709=DIRECTION('',(3.17085783879995E-16,-1.,1.32169407693471E-16));
#6710=DIRECTION('',(-4.19090402434389E-32,1.32169407693471E-16,1.));
#6711=DIRECTION('',(0.,1.,0.));
#6712=DIRECTION('',(0.,0.,1.));
#6713=DIRECTION('',(1.,-2.54625487767429E-16,-1.22464679914735E-16));
#6714=DIRECTION('',(2.54625487767429E-16,1.,0.));
#6715=DIRECTION('',(-1.22464679914735E-16,0.,-1.));
#6716=DIRECTION('',(-1.,0.,1.22464679914735E-16));
#6717=DIRECTION('',(-0.642787609686539,0.766044443118978,7.87187788734199E-17));
#6718=DIRECTION('',(-0.766044443118978,-0.642787609686539,0.));
#6719=DIRECTION('',(0.00241236741696494,0.999997090237489,-2.95429803555348E-19));
#6720=DIRECTION('',(-0.99999709023749,0.00241236741696494,0.));
#6721=DIRECTION('',(0.,1.,0.));
#6722=DIRECTION('',(0.,0.,1.));
#6723=DIRECTION('',(0.00241236741696494,0.999997090237489,-2.95429803555348E-19));
#6724=DIRECTION('',(-0.99999709023749,0.00241236741696494,0.));
#6725=DIRECTION('',(-1.22464679914735E-16,0.,-1.));
#6726=DIRECTION('',(-1.,0.,1.22464679914735E-16));
#6727=DIRECTION('',(-1.22464679914735E-16,0.,-1.));
#6728=DIRECTION('',(-1.,0.,1.22464679914735E-16));
#6729=DIRECTION('',(-1.22464679914735E-16,0.,-1.));
#6730=DIRECTION('',(-1.22464679914735E-16,0.,-1.));
#6731=DIRECTION('',(-1.22464679914735E-16,0.,-1.));
#6732=DIRECTION('',(-1.,0.,1.22464679914735E-16));
#6733=DIRECTION('',(-1.22464679914735E-16,0.,-1.));
#6734=DIRECTION('',(-1.,0.,1.22464679914735E-16));
#6735=DIRECTION('',(-1.22464679914735E-16,0.,-1.));
#6736=DIRECTION('',(-1.22464679914735E-16,0.,-1.));
#6737=DIRECTION('',(-1.22464679914735E-16,0.,-1.));
#6738=DIRECTION('',(-1.22464679914735E-16,0.,-1.));
#6739=DIRECTION('',(-1.,0.,1.22464679914735E-16));
#6740=DIRECTION('',(-1.22464679914735E-16,0.,-1.));
#6741=DIRECTION('',(-1.,0.,1.22464679914735E-16));
#6742=DIRECTION('',(-1.22464679914735E-16,0.,-1.));
#6743=DIRECTION('',(-1.,0.,1.22464679914735E-16));
#6744=DIRECTION('',(-1.22464679914735E-16,0.,-1.));
#6745=DIRECTION('',(-1.,0.,1.22464679914735E-16));
#6746=DIRECTION('',(-1.22464679914735E-16,0.,-1.));
#6747=DIRECTION('',(-1.22464679914735E-16,0.,-1.));
#6748=DIRECTION('',(-1.,0.,1.22464679914735E-16));
#6749=DIRECTION('',(-1.22464679914735E-16,0.,-1.));
#6750=DIRECTION('',(-1.,0.,1.22464679914735E-16));
#6751=DIRECTION('',(-1.22464679914735E-16,0.,-1.));
#6752=DIRECTION('',(-1.,0.,1.22464679914735E-16));
#6753=DIRECTION('',(-1.22464679914735E-16,0.,-1.));
#6754=DIRECTION('',(-1.22464679914735E-16,0.,-1.));
#6755=DIRECTION('',(-1.,0.,1.22464679914735E-16));
#6756=DIRECTION('',(-1.22464679914735E-16,0.,-1.));
#6757=DIRECTION('',(-1.,0.,1.22464679914735E-16));
#6758=DIRECTION('',(-1.22464679914735E-16,0.,-1.));
#6759=DIRECTION('',(-1.22464679914735E-16,0.,-1.));
#6760=DIRECTION('',(0.00241236741696494,0.999997090237489,-2.95429803555348E-19));
#6761=DIRECTION('',(-0.99999709023749,0.00241236741696494,0.));
#6762=DIRECTION('',(0.99999709023749,-0.00241236741696494,-1.22464323571601E-16));
#6763=DIRECTION('',(0.00241236741696494,0.999997090237489,-2.95429803555348E-19));
#6764=DIRECTION('',(-0.99999709023749,0.00241236741696494,0.));
#6765=DIRECTION('',(0.642787609686539,-0.766044443118978,-7.87187788734199E-17));
#6766=DIRECTION('',(0.766044443118978,0.642787609686539,0.));
#6767=DIRECTION('',(-0.766044443118978,-0.642787609686539,9.38133875270273E-17));
#6768=DIRECTION('',(0.642787609686539,-0.766044443118978,-7.87187788734199E-17));
#6769=DIRECTION('',(0.766044443118978,0.642787609686539,0.));
#6770=DIRECTION('',(1.,-2.54625487767429E-16,-1.22464679914735E-16));
#6771=DIRECTION('',(2.54625487767429E-16,1.,0.));
#6772=DIRECTION('',(-2.54625487767429E-16,-1.,3.11826288575716E-32));
#6773=DIRECTION('',(1.,-2.54625487767429E-16,-1.22464679914735E-16));
#6774=DIRECTION('',(2.54625487767429E-16,1.,0.));
#6775=DIRECTION('',(0.,-1.,0.));
#6776=DIRECTION('',(0.,0.,-1.));
#6777=DIRECTION('',(-1.,0.,1.22464679914735E-16));
#6778=DIRECTION('',(0.,-1.,0.));
#6779=DIRECTION('',(0.,0.,-1.));
#6780=DIRECTION('',(-1.22464679914735E-16,0.,-1.));
#6781=DIRECTION('',(0.00241236741696494,0.999997090237489,-2.95429803555348E-19));
#6782=DIRECTION('',(-0.99999709023749,0.00241236741696494,0.));
#6783=DIRECTION('',(0.99999709023749,-0.00241236741696494,-1.22464323571601E-16));
#6784=DIRECTION('',(-1.22464679914735E-16,0.,-1.));
#6785=DIRECTION('',(0.00241236741696494,0.999997090237489,-2.95429803555348E-19));
#6786=DIRECTION('',(-0.99999709023749,0.00241236741696494,0.));
#6787=DIRECTION('',(-0.96801524041954,0.249875205621694,0.0225582785472535));
#6788=DIRECTION('',(-0.249938807635824,-0.968261634289815,0.));
#6789=DIRECTION('',(-6.86561614135057E-15,-0.989439561467369,-0.144946038936081));
#6790=DIRECTION('',(0.,0.144946038936081,-0.989439561467369));
#6791=DIRECTION('',(1.,-2.54625487767429E-16,-1.22464679914735E-16));
#6792=DIRECTION('',(2.54625487767429E-16,1.,0.));
#6793=DIRECTION('',(0.,-0.983196039444804,-0.182552863631474));
#6794=DIRECTION('',(0.,0.182552863631474,-0.983196039444804));
#6795=DIRECTION('',(-0.857200669301837,0.514981797376645,0.000872306828434055));
#6796=DIRECTION('',(-0.514981993306526,-0.857200995432248,0.));
#6797=DIRECTION('',(0.,-1.,0.));
#6798=DIRECTION('',(0.,0.,-1.));
#6799=DIRECTION('',(0.00241236741696494,0.999997090237489,-2.95429803555348E-19));
#6800=DIRECTION('',(-0.99999709023749,0.00241236741696494,0.));
#6801=DIRECTION('',(-1.22464679914735E-16,0.,-1.));
#6802=DIRECTION('',(-1.,0.,1.22464679914735E-16));
#6803=DIRECTION('',(-0.7584400149617,-0.636406736824462,-0.140553224898388));
#6804=DIRECTION('',(0.642787609686544,-0.766044443118974,0.));
#6805=DIRECTION('',(0.,-1.,0.));
#6806=DIRECTION('',(0.,0.,-1.));
#6807=DIRECTION('',(0.642787609686539,-0.766044443118978,-7.87187788734199E-17));
#6808=DIRECTION('',(0.766044443118978,0.642787609686539,0.));
#6809=DIRECTION('',(-0.750157219040239,-0.629456645821639,-0.202604239227089));
#6810=DIRECTION('',(0.642787609686539,-0.766044443118978,0.));
#6811=DIRECTION('',(0.00241236741696494,0.999997090237489,-2.95429803555348E-19));
#6812=DIRECTION('',(-0.99999709023749,0.00241236741696494,0.));
#6813=DIRECTION('',(-1.22464679914735E-16,0.,-1.));
#6814=DIRECTION('',(-1.,0.,1.22464679914735E-16));
#6815=DIRECTION('',(-0.5,-0.866025403784438,6.12323399573678E-17));
#6816=DIRECTION('',(0.5,-0.866025403784439,-6.12323399573676E-17));
#6817=DIRECTION('',(1.,0.,-1.22464679914735E-16));
#6818=DIRECTION('',(0.5,0.866025403784439,-6.12323399573677E-17));
#6819=DIRECTION('',(-0.5,0.866025403784439,6.12323399573677E-17));
#6820=DIRECTION('',(-1.,0.,1.22464679914735E-16));
#6821=DIRECTION('',(-0.5,-0.866025403784439,6.12323399573677E-17));
#6822=DIRECTION('',(0.5,-0.866025403784439,-6.12323399573678E-17));
#6823=DIRECTION('',(1.,0.,-1.22464679914735E-16));
#6824=DIRECTION('',(0.5,0.866025403784439,-6.12323399573677E-17));
#6825=DIRECTION('',(-0.5,0.866025403784439,6.12323399573677E-17));
#6826=DIRECTION('',(-1.,0.,1.22464679914735E-16));
#6827=DIRECTION('',(0.866025403784439,-0.5,-1.06057523872491E-16));
#6828=DIRECTION('',(0.5,0.866025403784439,0.));
#6829=DIRECTION('',(-1.22464679914735E-16,0.,-1.));
#6830=DIRECTION('',(-0.5,-0.866025403784439,6.12323399573677E-17));
#6831=DIRECTION('',(-1.22464679914735E-16,0.,-1.));
#6832=DIRECTION('',(0.,-1.,0.));
#6833=DIRECTION('',(0.,0.,-1.));
#6834=DIRECTION('',(-1.22464679914735E-16,0.,-1.));
#6835=DIRECTION('',(-1.,0.,1.22464679914735E-16));
#6836=DIRECTION('',(-0.866025403784438,-0.5,1.06057523872491E-16));
#6837=DIRECTION('',(0.5,-0.866025403784439,0.));
#6838=DIRECTION('',(-1.22464679914735E-16,-1.42327829994538E-32,-1.));
#6839=DIRECTION('',(-0.5,0.866025403784439,6.12323399573677E-17));
#6840=DIRECTION('',(-0.866025403784438,0.5,1.06057523872491E-16));
#6841=DIRECTION('',(-0.5,-0.866025403784439,0.));
#6842=DIRECTION('',(-1.22464679914735E-16,0.,-1.));
#6843=DIRECTION('',(0.5,0.866025403784439,-6.12323399573677E-17));
#6844=DIRECTION('',(0.,1.,0.));
#6845=DIRECTION('',(0.,0.,1.));
#6846=DIRECTION('',(-1.22464679914735E-16,0.,-1.));
#6847=DIRECTION('',(1.,0.,-1.22464679914735E-16));
#6848=DIRECTION('',(0.866025403784438,0.5,-1.06057523872491E-16));
#6849=DIRECTION('',(-0.5,0.866025403784439,0.));
#6850=DIRECTION('',(0.5,-0.866025403784439,-6.12323399573678E-17));
#6851=DIRECTION('',(-1.22464679914735E-16,0.,-1.));
#6852=DIRECTION('',(1.,0.,-1.22464679914735E-16));
#6853=DIRECTION('',(0.866025403784438,-0.5,-1.06057523872491E-16));
#6854=DIRECTION('',(0.5,0.866025403784438,0.));
#6855=DIRECTION('',(-1.22464679914735E-16,0.,-1.));
#6856=DIRECTION('',(-0.5,-0.866025403784438,6.12323399573678E-17));
#6857=DIRECTION('',(-1.22464679914735E-16,-7.11639149972692E-33,-1.));
#6858=DIRECTION('',(0.,-1.,0.));
#6859=DIRECTION('',(0.,0.,-1.));
#6860=DIRECTION('',(-1.22464679914735E-16,0.,-1.));
#6861=DIRECTION('',(-1.,0.,1.22464679914735E-16));
#6862=DIRECTION('',(-0.866025403784439,-0.5,1.06057523872491E-16));
#6863=DIRECTION('',(0.5,-0.866025403784439,0.));
#6864=DIRECTION('',(-1.22464679914735E-16,7.11639149972692E-33,-1.));
#6865=DIRECTION('',(-0.5,0.866025403784439,6.12323399573677E-17));
#6866=DIRECTION('',(-0.866025403784438,0.5,1.06057523872491E-16));
#6867=DIRECTION('',(-0.5,-0.866025403784439,0.));
#6868=DIRECTION('',(-1.22464679914735E-16,0.,-1.));
#6869=DIRECTION('',(0.5,0.866025403784439,-6.12323399573677E-17));
#6870=DIRECTION('',(0.,1.,0.));
#6871=DIRECTION('',(0.,0.,1.));
#6872=DIRECTION('',(-1.22464679914735E-16,0.,-1.));
#6873=DIRECTION('',(1.,0.,-1.22464679914735E-16));
#6874=DIRECTION('',(0.866025403784439,0.5,-1.06057523872491E-16));
#6875=DIRECTION('',(-0.5,0.866025403784439,0.));
#6876=DIRECTION('',(0.5,-0.866025403784439,-6.12323399573676E-17));
#6877=DIRECTION('',(-1.22464679914735E-16,0.,-1.));
#6878=DIRECTION('',(1.,0.,-1.22464679914735E-16));
#6879=DIRECTION('',(0.,0.,1.));
#6880=DIRECTION('',(1.,0.,0.));
#6881=DIRECTION('',(3.17085783879995E-16,-1.,1.32169407693471E-16));
#6882=DIRECTION('',(-4.19090402434389E-32,1.32169407693471E-16,1.));
#6883=DIRECTION('',(-1.22464679914735E-16,0.,-1.));
#6884=DIRECTION('',(-1.,0.,1.22464679914735E-16));
#6885=DIRECTION('',(0.,1.,0.));
#6886=DIRECTION('',(0.,0.,1.));
#6887=DIRECTION('',(1.,0.,-1.22464679914735E-16));
#6888=DIRECTION('',(-1.22464679914735E-16,0.,-1.));
#6889=DIRECTION('',(-0.642787609686539,0.766044443118978,7.87187788734198E-17));
#6890=DIRECTION('',(-0.766044443118978,-0.642787609686539,0.));
#6891=DIRECTION('',(-1.22464679914735E-16,0.,-1.));
#6892=DIRECTION('',(-1.,0.,1.22464679914735E-16));
#6893=DIRECTION('',(-0.5,-0.866025403784436,6.12323399573682E-17));
#6894=DIRECTION('',(0.5,-0.86602540378444,-6.12323399573675E-17));
#6895=DIRECTION('',(1.,-3.00462919747437E-15,-1.22464679914735E-16));
#6896=DIRECTION('',(0.5,0.866025403784437,-6.1232339957368E-17));
#6897=DIRECTION('',(-0.5,0.86602540378444,6.12323399573674E-17));
#6898=DIRECTION('',(-1.,6.00925839494863E-15,1.22464679914735E-16));
#6899=DIRECTION('',(-0.5,-0.866025403784438,6.12323399573678E-17));
#6900=DIRECTION('',(0.5,-0.86602540378444,-6.12323399573675E-17));
#6901=DIRECTION('',(1.,-1.50231459873713E-15,-1.22464679914735E-16));
#6902=DIRECTION('',(0.5,0.866025403784437,-6.12323399573679E-17));
#6903=DIRECTION('',(-0.5,0.86602540378444,6.12323399573674E-17));
#6904=DIRECTION('',(-1.,3.00462919747432E-15,1.22464679914735E-16));
#6905=DIRECTION('',(-1.22464679914735E-16,0.,-1.));
#6906=DIRECTION('',(-1.,0.,1.22464679914735E-16));
#6907=DIRECTION('',(-1.22464679914735E-16,0.,-1.));
#6908=DIRECTION('',(-1.,0.,1.22464679914735E-16));
#6909=DIRECTION('',(-0.766044443118978,-0.642787609686539,9.38133875270274E-17));
#6910=DIRECTION('',(-1.22464679914735E-16,0.,-1.));
#6911=DIRECTION('',(-1.,0.,1.22464679914735E-16));
#6912=DIRECTION('',(-1.22464679914735E-16,0.,-1.));
#6913=DIRECTION('',(-1.,0.,1.22464679914735E-16));
#6914=DIRECTION('',(0.,1.,0.));
#6915=DIRECTION('',(-1.22464679914735E-16,0.,-1.));
#6916=DIRECTION('',(-1.,0.,1.22464679914735E-16));
#6917=DIRECTION('',(-1.,0.,1.22464679914735E-16));
#6918=DIRECTION('',(-1.22464679914735E-16,0.,-1.));
#6919=DIRECTION('',(-1.,0.,1.22464679914735E-16));
#6920=DIRECTION('',(-1.22464679914735E-16,0.,-1.));
#6921=DIRECTION('',(-1.,0.,1.22464679914735E-16));
#6922=DIRECTION('',(-1.22464679914735E-16,0.,-1.));
#6923=DIRECTION('',(0.,0.,-1.));
#6924=DIRECTION('',(-1.,0.,0.));
#6925=DIRECTION('',(-1.22464679914735E-16,0.,-1.));
#6926=DIRECTION('',(-1.22464679914735E-16,0.,-1.));
#6927=DIRECTION('',(-1.,0.,1.22464679914735E-16));
#6928=DIRECTION('',(-1.22464679914735E-16,0.,-1.));
#6929=DIRECTION('',(-1.22464679914735E-16,0.,-1.));
#6930=DIRECTION('',(-1.,0.,1.22464679914735E-16));
#6931=DIRECTION('',(-1.22464679914735E-16,0.,-1.));
#6932=DIRECTION('',(-1.22464679914735E-16,0.,-1.));
#6933=DIRECTION('',(-1.,0.,1.22464679914735E-16));
#6934=DIRECTION('',(-1.22464679914735E-16,0.,-1.));
#6935=DIRECTION('',(-1.22464679914735E-16,0.,-1.));
#6936=DIRECTION('',(-1.,0.,1.22464679914735E-16));
#6937=DIRECTION('',(-1.22464679914735E-16,0.,-1.));
#6938=DIRECTION('',(0.,0.,-1.));
#6939=DIRECTION('',(-1.,0.,0.));
#6940=DIRECTION('',(-1.22464679914735E-16,0.,-1.));
#6941=DIRECTION('',(-1.22464679914735E-16,0.,-1.));
#6942=DIRECTION('',(-1.,0.,1.22464679914735E-16));
#6943=DIRECTION('',(-1.22464679914735E-16,0.,-1.));
#6944=DIRECTION('',(0.,0.,-1.));
#6945=DIRECTION('',(-1.,0.,0.));
#6946=DIRECTION('',(-1.22464679914735E-16,0.,-1.));
#6947=DIRECTION('',(-1.22464679914735E-16,0.,-1.));
#6948=DIRECTION('',(-1.,0.,1.22464679914735E-16));
#6949=DIRECTION('',(-1.22464679914735E-16,0.,-1.));
#6950=DIRECTION('',(-1.,0.,1.22464679914735E-16));
#6951=DIRECTION('',(0.642787609686539,-0.766044443118978,-7.87187788734198E-17));
#6952=DIRECTION('',(0.766044443118978,0.642787609686539,0.));
#6953=DIRECTION('',(0.642787609686539,-0.766044443118978,-7.87187788734198E-17));
#6954=DIRECTION('',(0.766044443118978,0.642787609686539,0.));
#6955=DIRECTION('',(-1.,0.,1.22464679914735E-16));
#6956=DIRECTION('',(1.22464679914735E-16,0.,1.));
#6957=DIRECTION('',(-1.,0.,1.22464679914735E-16));
#6958=DIRECTION('',(1.22464679914735E-16,0.,1.));
#6959=DIRECTION('',(0.,-1.,0.));
#6960=DIRECTION('',(0.,0.,-1.));
#6961=DIRECTION('',(0.,-1.,0.));
#6962=DIRECTION('',(0.,0.,-1.));
#6963=DIRECTION('',(-1.,0.,1.22464679914735E-16));
#6964=DIRECTION('',(1.22464679914735E-16,0.,1.));
#6965=DIRECTION('',(-6.51666953249211E-17,-0.993120548949343,-0.117096435703893));
#6966=DIRECTION('',(0.,0.117096435703893,-0.993120548949343));
#6967=DIRECTION('',(0.762559740738441,-0.645895099799553,0.036361543694502));
#6968=DIRECTION('',(0.646322512611179,0.763064354882321,0.));
#6969=DIRECTION('',(0.,-0.207145576409084,0.97831012985359));
#6970=DIRECTION('',(0.,-0.97831012985359,-0.207145576409084));
#6971=DIRECTION('',(0.169876699781028,0.1456921655239,-0.97463618841928));
#6972=DIRECTION('',(-0.985147742713196,0.,-0.17170883794113));
#6973=DIRECTION('',(0.74661680808199,0.626485888292356,0.223782871685927));
#6974=DIRECTION('',(-0.64278760968654,0.766044443118978,0.));
#6975=DIRECTION('',(0.,-1.,0.));
#6976=DIRECTION('',(0.,0.,-1.));
#6977=DIRECTION('',(0.642787609686539,-0.766044443118978,-7.87187788734198E-17));
#6978=DIRECTION('',(0.766044443118978,0.642787609686539,0.));
#6979=DIRECTION('',(-0.129444954435211,0.,0.991586609314217));
#6980=DIRECTION('',(0.991586609314217,0.,0.129444954435211));
#6981=DIRECTION('',(-0.121348225104891,-0.101823250929532,0.987373603978775));
#6982=DIRECTION('',(0.992532284760064,0.,0.121982227020852));
#6983=DIRECTION('',(-1.22464679914735E-16,0.,-1.));
#6984=DIRECTION('',(-1.,0.,1.22464679914735E-16));
#6985=DIRECTION('',(0.866025403784438,-0.5,-1.06057523872491E-16));
#6986=DIRECTION('',(0.5,0.866025403784438,0.));
#6987=DIRECTION('',(-1.22464679914735E-16,-5.05650028495589E-47,-1.));
#6988=DIRECTION('',(-0.5,-0.866025403784438,6.12323399573678E-17));
#6989=DIRECTION('',(-1.22464679914735E-16,0.,-1.));
#6990=DIRECTION('',(-3.00462919747432E-15,-1.,3.6796095293116E-31));
#6991=DIRECTION('',(1.,-3.00462919747432E-15,0.));
#6992=DIRECTION('',(-1.22464679914735E-16,-5.05650028495589E-47,-1.));
#6993=DIRECTION('',(-1.,3.00462919747432E-15,1.22464679914735E-16));
#6994=DIRECTION('',(-0.86602540378444,-0.5,1.06057523872491E-16));
#6995=DIRECTION('',(0.5,-0.86602540378444,0.));
#6996=DIRECTION('',(-1.22464679914735E-16,7.11639149972695E-33,-1.));
#6997=DIRECTION('',(-0.5,0.86602540378444,6.12323399573674E-17));
#6998=DIRECTION('',(-0.866025403784437,0.5,1.0605752387249E-16));
#6999=DIRECTION('',(-0.5,-0.866025403784437,0.));
#7000=DIRECTION('',(-1.22464679914735E-16,-5.05650028495589E-47,-1.));
#7001=DIRECTION('',(0.5,0.866025403784437,-6.12323399573679E-17));
#7002=DIRECTION('',(1.50231459873713E-15,1.,-1.83980476465577E-31));
#7003=DIRECTION('',(-1.,1.50231459873713E-15,0.));
#7004=DIRECTION('',(-1.22464679914735E-16,7.11639149972688E-33,-1.));
#7005=DIRECTION('',(1.,-1.50231459873713E-15,-1.22464679914735E-16));
#7006=DIRECTION('',(0.86602540378444,0.5,-1.06057523872491E-16));
#7007=DIRECTION('',(-0.5,0.86602540378444,0.));
#7008=DIRECTION('',(0.5,-0.86602540378444,-6.12323399573675E-17));
#7009=DIRECTION('',(-1.22464679914735E-16,0.,-1.));
#7010=DIRECTION('',(1.,0.,-1.22464679914735E-16));
#7011=DIRECTION('',(0.866025403784436,-0.5,-1.0605752387249E-16));
#7012=DIRECTION('',(0.5,0.866025403784436,0.));
#7013=DIRECTION('',(-1.22464679914735E-16,0.,-1.));
#7014=DIRECTION('',(-0.5,-0.866025403784436,6.12323399573682E-17));
#7015=DIRECTION('',(-1.22464679914735E-16,-7.11639149972685E-33,-1.));
#7016=DIRECTION('',(-6.00925839494863E-15,-1.,7.3592190586232E-31));
#7017=DIRECTION('',(1.,-6.00925839494863E-15,0.));
#7018=DIRECTION('',(-1.22464679914735E-16,-2.02260011398236E-46,-1.));
#7019=DIRECTION('',(-1.,6.00925839494863E-15,1.22464679914735E-16));
#7020=DIRECTION('',(-0.86602540378444,-0.5,1.06057523872491E-16));
#7021=DIRECTION('',(0.5,-0.86602540378444,0.));
#7022=DIRECTION('',(-1.22464679914735E-16,1.42327829994538E-32,-1.));
#7023=DIRECTION('',(-0.5,0.86602540378444,6.12323399573674E-17));
#7024=DIRECTION('',(-0.866025403784437,0.5,1.0605752387249E-16));
#7025=DIRECTION('',(-0.5,-0.866025403784437,0.));
#7026=DIRECTION('',(-1.22464679914735E-16,0.,-1.));
#7027=DIRECTION('',(0.5,0.866025403784437,-6.1232339957368E-17));
#7028=DIRECTION('',(3.00462919747437E-15,1.,-3.67960952931167E-31));
#7029=DIRECTION('',(-1.,3.00462919747437E-15,0.));
#7030=DIRECTION('',(-1.22464679914735E-16,7.11639149972701E-33,-1.));
#7031=DIRECTION('',(1.,-3.00462919747437E-15,-1.22464679914735E-16));
#7032=DIRECTION('',(0.86602540378444,0.5,-1.06057523872491E-16));
#7033=DIRECTION('',(-0.5,0.86602540378444,0.));
#7034=DIRECTION('',(0.5,-0.86602540378444,-6.12323399573675E-17));
#7035=DIRECTION('',(-1.22464679914735E-16,0.,-1.));
#7036=DIRECTION('',(1.,0.,-1.22464679914735E-16));
#7037=CARTESIAN_POINT('',(0.,0.,0.));
#7038=CARTESIAN_POINT('',(2.90133492250195E-18,-0.004575,0.0203004));
#7039=CARTESIAN_POINT('',(3.02562789469946E-19,-0.006899999,0.0203004));
#7040=CARTESIAN_POINT('',(0.0208498424208581,-0.0273456830248342,0.0203004));
#7041=CARTESIAN_POINT('',(0.0289691386392231,-0.010578440343781,0.0203004));
#7042=CARTESIAN_POINT('',(0.0301099786673245,-0.010723299,0.0203004));
#7043=CARTESIAN_POINT('',(0.0301099786673245,-0.009573299,0.0203004));
#7044=CARTESIAN_POINT('',(6.07111403546515E-18,-0.009573299,0.0203004));
#7045=CARTESIAN_POINT('',(0.03995,-0.009573299,0.0203004));
#7046=CARTESIAN_POINT('',(0.03995,-0.010723299,0.0203004));
#7047=CARTESIAN_POINT('',(0.0411,-0.010723299,0.0203004));
#7048=CARTESIAN_POINT('',(0.0411,-0.013723299,0.0203004));
#7049=CARTESIAN_POINT('',(0.0411,-0.0307248479675633,0.0203004));
#7050=CARTESIAN_POINT('',(0.0298,-0.0307248431179241,0.0203004));
#7051=CARTESIAN_POINT('',(0.0371034443925064,-0.0393474703280942,0.0203004));
#7052=CARTESIAN_POINT('',(0.0351644768546728,-0.0370582772634473,0.0203004));
#7053=CARTESIAN_POINT('',(0.0332361140256132,-0.0393564105928042,0.0203004));
#7054=CARTESIAN_POINT('',(-0.0033941397100797,-0.00861997819325415,0.0203004));
#7055=CARTESIAN_POINT('',(0.0209317310732379,-0.029031807395602,0.0203004));
#7056=CARTESIAN_POINT('',(0.0216709368243773,-0.0281508562860152,0.0203004));
#7057=CARTESIAN_POINT('',(0.0277049358461798,-0.0205704521686731,0.0203004));
#7058=CARTESIAN_POINT('',(0.0324664319481613,-0.012323299,0.0203004));
#7059=CARTESIAN_POINT('',(0.0312828638963225,-0.014373299,0.0203004));
#7060=CARTESIAN_POINT('',(0.019219359998304,0.00652130266867322,0.0203004));
#7061=CARTESIAN_POINT('',(0.0324664319481613,-0.016423299,0.0203004));
#7062=CARTESIAN_POINT('',(4.60149343904273E-17,-0.0164232990000001,0.0203004));
#7063=CARTESIAN_POINT('',(0.0348335680518388,-0.016423299,0.0203004));
#7064=CARTESIAN_POINT('',(0.0312556400016961,-0.0226204521686731,0.0203004));
#7065=CARTESIAN_POINT('',(0.0360171361036775,-0.014373299,0.0203004));
#7066=CARTESIAN_POINT('',(0.0227700641538202,0.00857130266867323,0.0203004));
#7067=CARTESIAN_POINT('',(0.0348335680518388,-0.012323299,0.0203004));
#7068=CARTESIAN_POINT('',(1.94554685498855E-17,-0.012323299,0.0203004));
#7069=CARTESIAN_POINT('',(0.0355270713575315,-0.0250865642117898,0.0203004));
#7070=CARTESIAN_POINT('',(0.0324664319481613,-0.0303877471724667,0.0203004));
#7071=CARTESIAN_POINT('',(0.0312828638963226,-0.0324377471724667,0.0203004));
#7072=CARTESIAN_POINT('',(0.0113972244869521,0.00200519062555649,0.0203004));
#7073=CARTESIAN_POINT('',(0.0324664319481614,-0.0344877471724667,0.0203004));
#7074=CARTESIAN_POINT('',(2.01624575754996E-16,-0.0344877471724669,0.0203004));
#7075=CARTESIAN_POINT('',(0.0348335680518388,-0.0344877471724667,0.0203004));
#7076=CARTESIAN_POINT('',(0.0390777755130478,-0.0271365642117897,0.0203004));
#7077=CARTESIAN_POINT('',(0.0360171361036775,-0.0324377471724667,0.0203004));
#7078=CARTESIAN_POINT('',(0.0149479286424684,0.00405519062555651,0.0203004));
#7079=CARTESIAN_POINT('',(0.0348335680518388,-0.0303877471724667,0.0203004));
#7080=CARTESIAN_POINT('',(9.68287790864752E-17,-0.0303877471724668,0.0203004));
#7081=CARTESIAN_POINT('',(2.13240157950717E-18,-0.006899999,-0.1806996));
#7082=CARTESIAN_POINT('',(0.0386521739130435,-0.006899999,-0.1806996));
#7083=CARTESIAN_POINT('',(0.038652173913042,-0.0310701356337599,0.0242926289914945));
#7084=CARTESIAN_POINT('',(0.0386521739130435,-0.0126555207391304,0.0256323738220576));
#7085=CARTESIAN_POINT('',(5.78238982408825E-18,-0.0126555207391304,-0.1806996));
#7086=CARTESIAN_POINT('',(0.0321574370502841,-0.0126555207391304,0.0267438217126863));
#7087=CARTESIAN_POINT('',(2.75368938199687E-17,-0.006899999,0.0267438217126863));
#7088=CARTESIAN_POINT('',(0.0246968767834089,-0.0282843639725146,0.0267438217126863));
#7089=CARTESIAN_POINT('',(-0.00032558964113493,-0.00728802162453398,-0.1806996));
#7090=CARTESIAN_POINT('',(0.035674106954016,-0.0374953537600189,0.0239739995680489));
#7091=CARTESIAN_POINT('',(0.035674106954016,-0.0374953537600189,0.0239739995680489));
#7092=CARTESIAN_POINT('',(0.0366125769198631,-0.0367004610849051,0.0239292500030691));
#7093=CARTESIAN_POINT('',(0.0381180477010608,-0.0347096165016808,0.0239419918234822));
#7094=CARTESIAN_POINT('',(0.0386521731990468,-0.0322921152975072,0.0241485484671533));
#7095=CARTESIAN_POINT('',(0.038652173913042,-0.0310701356337599,0.0242926289914945));
#7096=CARTESIAN_POINT('',(0.0301099786673245,-0.010723299,0.0293024));
#7097=CARTESIAN_POINT('',(0.0289691386392231,-0.010578440343781,0.0293024));
#7098=CARTESIAN_POINT('',(0.0289691386392231,-0.010578440343781,0.023780344259648));
#7099=CARTESIAN_POINT('',(0.0301099786673246,-0.010723299,0.023780344259648));
#7100=CARTESIAN_POINT('',(0.0301099786673245,-0.009573299,0.023780344259648));
#7101=CARTESIAN_POINT('',(0.0301099786673245,-0.009573299,0.0293024));
#7102=CARTESIAN_POINT('',(1.4049898380624E-18,-0.006899999,0.0293024));
#7103=CARTESIAN_POINT('',(0.0208498424208581,-0.0273456830248342,0.0293024));
#7104=CARTESIAN_POINT('',(0.0208498424208581,-0.0273456830248342,0.023780344259648));
#7105=CARTESIAN_POINT('',(7.28733049348854E-19,-0.006899999,0.023780344259648));
#7106=CARTESIAN_POINT('',(7.1735410840576E-18,-0.009573299,0.0293024));
#7107=CARTESIAN_POINT('',(0.0301099786673246,-0.009573299,0.023780344259648));
#7108=CARTESIAN_POINT('',(0.0301099786673246,-0.009573299,0.0238598785943737));
#7109=CARTESIAN_POINT('',(0.0301151274161247,-0.009573299,0.0239390782578837));
#7110=CARTESIAN_POINT('',(0.0301254227283305,-0.009573299,0.0240179433922296));
#7111=CARTESIAN_POINT('',(0.0301254227283305,-0.009573299,0.0240179433922296));
#7112=CARTESIAN_POINT('',(3.82773243159998E-18,-0.009573299,-0.1806996));
#7113=CARTESIAN_POINT('',(0.03995,-0.009573299,0.0223294894603776));
#7114=CARTESIAN_POINT('',(0.03995,-0.009573299,0.0293024));
#7115=CARTESIAN_POINT('',(0.03995,-0.010723299,0.0293024));
#7116=CARTESIAN_POINT('',(0.03995,-0.010723299,0.0223294894603776));
#7117=CARTESIAN_POINT('',(0.0411,-0.010723299,0.0223294894603776));
#7118=CARTESIAN_POINT('',(0.0411,-0.010723299,0.0293024));
#7119=CARTESIAN_POINT('',(0.0411,-0.013723299,0.0293024));
#7120=CARTESIAN_POINT('',(0.0411,-0.010723299,0.0223294894603776));
#7121=CARTESIAN_POINT('',(0.0411,-0.010723299,0.0224635030347218));
#7122=CARTESIAN_POINT('',(0.0411,-0.0107371603803575,0.0225960658662082));
#7123=CARTESIAN_POINT('',(0.0411,-0.0107649209729834,0.0227271739953195));
#7124=CARTESIAN_POINT('',(0.0411,-0.0107649209729834,0.0227271739953195));
#7125=CARTESIAN_POINT('',(0.0411,-0.006899999,-0.1806996));
#7126=CARTESIAN_POINT('',(0.0411,-0.0307248479675633,0.0213641687280079));
#7127=CARTESIAN_POINT('',(0.0411,-0.0307248479675633,0.0293024));
#7128=CARTESIAN_POINT('',(0.0298,-0.0307248431179241,0.0293024));
#7129=CARTESIAN_POINT('',(0.041099999999999,-0.0307248479806127,0.0213641687280079));
#7130=CARTESIAN_POINT('',(0.0410999996463662,-0.0315466259971943,0.0212929989594767));
#7131=CARTESIAN_POINT('',(0.0409247438299228,-0.0331598977026139,0.0211721941591327));
#7132=CARTESIAN_POINT('',(0.0398730636656627,-0.036292553106875,0.0210145975053907));
#7133=CARTESIAN_POINT('',(0.0383619597711085,-0.0382814962507395,0.0210060125222528));
#7134=CARTESIAN_POINT('',(0.0371034443925064,-0.0393474703280942,0.021050091002791));
#7135=CARTESIAN_POINT('',(0.0371034443925064,-0.0393474703280942,0.021050091002791));
#7136=CARTESIAN_POINT('',(0.0371034443925064,-0.0393474703280942,0.0293024));
#7137=CARTESIAN_POINT('',(0.0351644768546728,-0.0370582772634473,0.0293024));
#7138=CARTESIAN_POINT('',(0.0351644768546728,-0.0370582772634473,0.021050091002791));
#7139=CARTESIAN_POINT('',(0.0332361140256132,-0.0393564105928042,0.021050091002791));
#7140=CARTESIAN_POINT('',(0.0332361140256132,-0.0393564105928042,0.0293024));
#7141=CARTESIAN_POINT('',(-0.0033941397100797,-0.00861997819325415,0.0293024));
#7142=CARTESIAN_POINT('',(-0.00224930118960691,-0.00958061177354043,-0.1806996));
#7143=CARTESIAN_POINT('',(0.0209495734308031,-0.0290467789112544,0.0240725447398464));
#7144=CARTESIAN_POINT('',(0.0209495734308031,-0.0290467789112544,0.0240725447398464));
#7145=CARTESIAN_POINT('',(0.0209376790023722,-0.0290367983007449,0.0239757633929662));
#7146=CARTESIAN_POINT('',(0.0209317310732378,-0.029031807395602,0.023878363282494));
#7147=CARTESIAN_POINT('',(0.0209317310732378,-0.029031807395602,0.023780344259648));
#7148=CARTESIAN_POINT('',(0.0209317310732379,-0.029031807395602,0.023780344259648));
#7149=CARTESIAN_POINT('',(0.0209317310732379,-0.029031807395602,0.0293024));
#7150=CARTESIAN_POINT('',(0.0216709368243773,-0.0281508562860152,0.0293024));
#7151=CARTESIAN_POINT('',(0.0216709368243773,-0.0281508562860152,0.023780344259648));
#7152=CARTESIAN_POINT('',(0.0381,-0.006899999,-0.1806996));
#7153=CARTESIAN_POINT('',(0.0411,-0.0107649209729834,0.0227271739953195));
#7154=CARTESIAN_POINT('',(0.0411,-0.0108699702015975,0.0234901235908478));
#7155=CARTESIAN_POINT('',(0.0405023920345219,-0.0114253854547419,0.0248906865719047));
#7156=CARTESIAN_POINT('',(0.0392875341741168,-0.012253602339941,0.0255245630702265));
#7157=CARTESIAN_POINT('',(0.0386521739130435,-0.0126555207391304,0.0256323738220576));
#7158=CARTESIAN_POINT('',(0.0381,-0.0307248479675633,0.0213641685773301));
#7159=CARTESIAN_POINT('',(0.0386521739130427,-0.0310701343275854,0.0242926291455023));
#7160=CARTESIAN_POINT('',(0.0410999998748467,-0.0310164615579512,0.0238374093692794));
#7161=CARTESIAN_POINT('',(0.041099999999999,-0.0307248479675633,0.021364168729138));
#7162=CARTESIAN_POINT('',(0.0386521736494846,-0.0316811242694917,0.0242205888566868));
#7163=CARTESIAN_POINT('',(0.0410789139398279,-0.0318051030392409,0.0237483984141164));
#7164=CARTESIAN_POINT('',(0.0410999996481013,-0.0315447943663558,0.0212931575872298));
#7165=CARTESIAN_POINT('',(0.038522172566422,-0.0328815016414044,0.0240981543796882));
#7166=CARTESIAN_POINT('',(0.0408764579255879,-0.033349799526708,0.0235974920897258));
#7167=CARTESIAN_POINT('',(0.0409255386395937,-0.0331556966674489,0.0211724721742947));
#7168=CARTESIAN_POINT('',(0.0377395620308134,-0.0352163199600237,0.0239380593802238));
#7169=CARTESIAN_POINT('',(0.039825704376861,-0.0363437970420052,0.0234010486635663));
#7170=CARTESIAN_POINT('',(0.0398752779957216,-0.0362890148133115,0.021014664246219));
#7171=CARTESIAN_POINT('',(0.0366125770906387,-0.0367004609380189,0.0239292499952604));
#7172=CARTESIAN_POINT('',(0.0383687752627658,-0.0382590801390383,0.0233901608842659));
#7173=CARTESIAN_POINT('',(0.0383628680868015,-0.0382807268990103,0.0210059807095296));
#7174=CARTESIAN_POINT('',(0.0356741069540159,-0.037495353760019,0.0239739995680489));
#7175=CARTESIAN_POINT('',(0.0371699334855659,-0.0392911534559817,0.023444837992371));
#7176=CARTESIAN_POINT('',(0.0371034443925064,-0.0393474703280942,0.021050091002791));
#7177=CARTESIAN_POINT('',(0.0351644768546728,-0.0370582772634473,0.021050091002791));
#7178=CARTESIAN_POINT('',(0.03995,-0.00957329899999998,0.0223294894603777));
#7179=CARTESIAN_POINT('',(0.0411,-0.00957329899999999,0.0223294894603777));
#7180=CARTESIAN_POINT('',(0.0411,-0.010723299,0.0223294894603776));
#7181=CARTESIAN_POINT('',(0.0399658872456006,-0.009573299,0.0225451451938558));
#7182=CARTESIAN_POINT('',(0.0411000000000001,-0.00958907726562156,0.0225436657716426));
#7183=CARTESIAN_POINT('',(0.0411,-0.0107232990061682,0.0224644049432617));
#7184=CARTESIAN_POINT('',(0.039981463983902,-0.00959607612530256,0.0227570005932011));
#7185=CARTESIAN_POINT('',(0.0410999999999998,-0.00962648944676643,0.0227523696563837));
#7186=CARTESIAN_POINT('',(0.0411,-0.0107373448956484,0.022596937289237));
#7187=CARTESIAN_POINT('',(0.0399967437034434,-0.00964079409132456,0.0229651945409037));
#7188=CARTESIAN_POINT('',(0.0411,-0.00968470144879622,0.0229558976782887));
#7189=CARTESIAN_POINT('',(0.0411,-0.0107649209729835,0.0227271739953194));
#7190=CARTESIAN_POINT('',(0.03995,-0.0107649209729834,0.0227271739953195));
#7191=CARTESIAN_POINT('',(0.0399967437034434,-0.0096407940913245,0.0229651945409036));
#7192=CARTESIAN_POINT('',(0.0399967437034434,-0.0096407940913245,0.0229651945409036));
#7193=CARTESIAN_POINT('',(0.0399813661391342,-0.00959578977088516,0.02275566740967));
#7194=CARTESIAN_POINT('',(0.0399657855572856,-0.00957329900000001,0.0225437648620086));
#7195=CARTESIAN_POINT('',(0.03995,-0.009573299,0.0223294894603776));
#7196=CARTESIAN_POINT('',(0.0399967437034434,-0.00964079409132453,0.0229651945409037));
#7197=CARTESIAN_POINT('',(0.0411,-0.00968470144879616,0.0229558976782886));
#7198=CARTESIAN_POINT('',(0.0411,-0.0107649209729834,0.0227271739953193));
#7199=CARTESIAN_POINT('',(0.0400276954247509,-0.00973137817707082,0.0233869279148427));
#7200=CARTESIAN_POINT('',(0.0410709529445173,-0.00982912438302271,0.0235036076697154));
#7201=CARTESIAN_POINT('',(0.0411,-0.0108239083422515,0.0231555861366633));
#7202=CARTESIAN_POINT('',(0.0399679839214249,-0.0100798094713399,0.0241524706307876));
#7203=CARTESIAN_POINT('',(0.0407587791927522,-0.0103119377942488,0.0243377099272592));
#7204=CARTESIAN_POINT('',(0.0409154346681539,-0.0110448920396966,0.0239480697425078));
#7205=CARTESIAN_POINT('',(0.0396462891322168,-0.0108586244844362,0.0249657115413572));
#7206=CARTESIAN_POINT('',(0.0400828464167012,-0.0111264164295734,0.0250507833943376));
#7207=CARTESIAN_POINT('',(0.0403096031427714,-0.0115339225897364,0.0248226174078133));
#7208=CARTESIAN_POINT('',(0.0391929373394574,-0.0117413210278834,0.0254628398955966));
#7209=CARTESIAN_POINT('',(0.0393794231751785,-0.0119034160231682,0.0254570144536534));
#7210=CARTESIAN_POINT('',(0.0395317665977633,-0.012086044934099,0.0253897511147713));
#7211=CARTESIAN_POINT('',(0.0388382279220166,-0.0123513208959843,0.0256060058142253));
#7212=CARTESIAN_POINT('',(0.0388947589358421,-0.0124088126860967,0.0255938121547777));
#7213=CARTESIAN_POINT('',(0.0389512899148491,-0.0124663045116117,0.0255816185008289));
#7214=CARTESIAN_POINT('',(0.0386521739130435,-0.0126555207391304,0.0256323738220575));
#7215=CARTESIAN_POINT('',(0.0386521739130435,-0.0126555207391304,0.0256323738220575));
#7216=CARTESIAN_POINT('',(0.0386521739130435,-0.0126555207391304,0.0256323738220575));
#7217=CARTESIAN_POINT('',(0.0399967437034434,-0.0096407940913245,0.0229651945409036));
#7218=CARTESIAN_POINT('',(0.0400518690369996,-0.00980212511396154,0.0237163052347685));
#7219=CARTESIAN_POINT('',(0.0397739304575671,-0.0106838774745834,0.0250477944792299));
#7220=CARTESIAN_POINT('',(0.0390474094849874,-0.0120093073955352,0.0255763601131683));
#7221=CARTESIAN_POINT('',(0.0386521739130435,-0.0126555207391304,0.0256323738220576));
#7222=CARTESIAN_POINT('',(0.0351644768546728,-0.0370582772634473,0.021050091002791));
#7223=CARTESIAN_POINT('',(0.0351644768546728,-0.0370582772634473,0.021050091002791));
#7224=CARTESIAN_POINT('',(5.73024713487995E-18,-0.012573299,-0.1806996));
#7225=CARTESIAN_POINT('',(0.0301254227283305,-0.009573299,0.0240179433922296));
#7226=CARTESIAN_POINT('',(0.0302420586433387,-0.00957329900000006,0.0248699093122733));
#7227=CARTESIAN_POINT('',(0.0308896756036069,-0.0103601385396754,0.0264209897638729));
#7228=CARTESIAN_POINT('',(0.0317732319300475,-0.0119020993312098,0.0268242840629629));
#7229=CARTESIAN_POINT('',(0.0321574370502841,-0.0126555207391304,0.0267438217126863));
#7230=CARTESIAN_POINT('',(-0.000320938360547289,-0.00728247844418349,-0.1806996));
#7231=CARTESIAN_POINT('',(0.0209495734308031,-0.0290467789112544,0.0240725447398464));
#7232=CARTESIAN_POINT('',(0.0210007957640408,-0.0290897595521822,0.0245022172498765));
#7233=CARTESIAN_POINT('',(0.0213238318307572,-0.0291079142109996,0.0253261881376885));
#7234=CARTESIAN_POINT('',(0.0225980438091953,-0.0289000873595174,0.0265264814219175));
#7235=CARTESIAN_POINT('',(0.023882945018002,-0.0285504258525945,0.0268132961170925));
#7236=CARTESIAN_POINT('',(0.0246968767834089,-0.0282843639725146,0.0267438217126863));
#7237=CARTESIAN_POINT('',(0.0289691389821564,-0.0105784376430228,0.023780344259648));
#7238=CARTESIAN_POINT('',(0.0290967693141579,-0.00957329899999998,0.023780344259648));
#7239=CARTESIAN_POINT('',(0.0301099786673246,-0.00957329899999998,0.023780344259648));
#7240=CARTESIAN_POINT('',(0.028969138982218,-0.0105784376425375,0.0239102003987204));
#7241=CARTESIAN_POINT('',(0.0290967693201326,-0.00957329899999994,0.0239046315130632));
#7242=CARTESIAN_POINT('',(0.0301099786713641,-0.00957329899999998,0.0238604222120761));
#7243=CARTESIAN_POINT('',(0.0289775462144829,-0.0105788679011044,0.0240386129600019));
#7244=CARTESIAN_POINT('',(0.0291044856627269,-0.00957329900000043,0.024027577703061));
#7245=CARTESIAN_POINT('',(0.0301151968250495,-0.00957329899999998,0.023939609958324));
#7246=CARTESIAN_POINT('',(0.0289940219085655,-0.0105797098197513,0.0241656401503209));
#7247=CARTESIAN_POINT('',(0.0291196080828496,-0.00957329899999998,0.0241492457209738));
#7248=CARTESIAN_POINT('',(0.0301254227283305,-0.00957329899999998,0.0240179433922296));
#7249=CARTESIAN_POINT('',(0.0301254227283305,-0.010723299,0.0240179433922296));
#7250=CARTESIAN_POINT('',(0.0289940219085655,-0.0105797098197512,0.0241656401503209));
#7251=CARTESIAN_POINT('',(0.0289940219085655,-0.0105797098197512,0.0241656401503209));
#7252=CARTESIAN_POINT('',(0.0289774336666325,-0.0105788621497477,0.0240377452187973));
#7253=CARTESIAN_POINT('',(0.0289691389821564,-0.0105784376430228,0.0239093132809797));
#7254=CARTESIAN_POINT('',(0.0289691389821564,-0.0105784376430228,0.023780344259648));
#7255=CARTESIAN_POINT('',(0.0289940219085655,-0.0105797098197513,0.0241656401503209));
#7256=CARTESIAN_POINT('',(0.0291196080828497,-0.00957329899999998,0.0241492457209739));
#7257=CARTESIAN_POINT('',(0.0301254227283305,-0.00957329899999998,0.0240179433922297));
#7258=CARTESIAN_POINT('',(0.0290545282977556,-0.0105828017519762,0.0246321429174409));
#7259=CARTESIAN_POINT('',(0.0291964123073183,-0.00957070090987208,0.0247565144652441));
#7260=CARTESIAN_POINT('',(0.0301892293675984,-0.00957329900000003,0.02448401825246));
#7261=CARTESIAN_POINT('',(0.0293836513754913,-0.0107365727908093,0.0255099316204177));
#7262=CARTESIAN_POINT('',(0.029645216252014,-0.00991928882073889,0.0257845810489006));
#7263=CARTESIAN_POINT('',(0.0304374488088819,-0.00980326736664975,0.0253722907702299));
#7264=CARTESIAN_POINT('',(0.030237248510966,-0.0112648078931053,0.0263740069877311));
#7265=CARTESIAN_POINT('',(0.0305545874246163,-0.0108314754170281,0.0265200032104206));
#7266=CARTESIAN_POINT('',(0.0309976288036337,-0.010601569901058,0.0262744826390327));
#7267=CARTESIAN_POINT('',(0.0311952160148198,-0.0119255335227196,0.0267846597042951));
#7268=CARTESIAN_POINT('',(0.0313860654381517,-0.0117414590663039,0.0267981515749458));
#7269=CARTESIAN_POINT('',(0.0315914889528861,-0.011586602950763,0.0267326337060303));
#7270=CARTESIAN_POINT('',(0.0318451668898815,-0.0124123347263029,0.0267989763679405));
#7271=CARTESIAN_POINT('',(0.0319109417446234,-0.0123567337902336,0.0267903227386194));
#7272=CARTESIAN_POINT('',(0.0319767166336989,-0.012301132895603,0.0267816691040026));
#7273=CARTESIAN_POINT('',(0.0321574370502842,-0.0126555207391304,0.0267438217126863));
#7274=CARTESIAN_POINT('',(0.0321574370502842,-0.0126555207391304,0.0267438217126863));
#7275=CARTESIAN_POINT('',(0.0321574370502842,-0.0126555207391304,0.0267438217126863));
#7276=CARTESIAN_POINT('',(0.0289940219085655,-0.0105797098197512,0.0241656401503209));
#7277=CARTESIAN_POINT('',(0.029104410730409,-0.0105853507606887,0.0250167352131795));
#7278=CARTESIAN_POINT('',(0.0300376213656184,-0.0110989501659643,0.0265323449036737));
#7279=CARTESIAN_POINT('',(0.0314947212390708,-0.0121394543800474,0.0268608727761975));
#7280=CARTESIAN_POINT('',(0.0321574370502841,-0.0126555207391304,0.0267438217126863));
#7281=CARTESIAN_POINT('',(0.0209495734308032,-0.0290467789112544,0.0240725447398464));
#7282=CARTESIAN_POINT('',(0.0200105724416399,-0.0282588635275724,0.0242692020217994));
#7283=CARTESIAN_POINT('',(0.0208779465023979,-0.0273708070766489,0.024254182876186));
#7284=CARTESIAN_POINT('',(0.0209784917857148,-0.029071044292195,0.0243151228640971));
#7285=CARTESIAN_POINT('',(0.0200554927709771,-0.0282949331456883,0.0246192561647231));
#7286=CARTESIAN_POINT('',(0.0209068828278495,-0.027396678452466,0.0244965923126003));
#7287=CARTESIAN_POINT('',(0.0211036066703689,-0.0290977266770755,0.0247812238947492));
#7288=CARTESIAN_POINT('',(0.020304405980256,-0.0283541844945247,0.0252525104312172));
#7289=CARTESIAN_POINT('',(0.0210323869987451,-0.0274610800723452,0.0249587347244486));
#7290=CARTESIAN_POINT('',(0.0214584720086423,-0.0290780654775294,0.0253946860355276));
#7291=CARTESIAN_POINT('',(0.0209517191276001,-0.0284012338876529,0.0259160385306872));
#7292=CARTESIAN_POINT('',(0.0213893392629408,-0.0275847154668583,0.0255570972473068));
#7293=CARTESIAN_POINT('',(0.0219138714216786,-0.0290112769676997,0.0258801920588482));
#7294=CARTESIAN_POINT('',(0.0216315832681974,-0.0284160322667155,0.0263143487068577));
#7295=CARTESIAN_POINT('',(0.0218489974014817,-0.0277162151632242,0.0260215699425695));
#7296=CARTESIAN_POINT('',(0.0226041556663373,-0.0288752573641579,0.0263744860187982));
#7297=CARTESIAN_POINT('',(0.0224881585241862,-0.0284105654293764,0.0266311966157048));
#7298=CARTESIAN_POINT('',(0.0225485743906418,-0.0278911623463747,0.026482606737545));
#7299=CARTESIAN_POINT('',(0.0235408797739981,-0.0286422840936927,0.0267270813587977));
#7300=CARTESIAN_POINT('',(0.0235044852304792,-0.0283733706248331,0.0268010393818138));
#7301=CARTESIAN_POINT('',(0.0235041390629177,-0.0280923758779356,0.0267881428999583));
#7302=CARTESIAN_POINT('',(0.0243181034660931,-0.0284081783299697,0.0267761525838345));
#7303=CARTESIAN_POINT('',(0.0243114334767711,-0.0283173980199509,0.0267863047818768));
#7304=CARTESIAN_POINT('',(0.0243047635431323,-0.0282266177056792,0.0267964569784177));
#7305=CARTESIAN_POINT('',(0.024696876783409,-0.0282843639725146,0.0267438217126863));
#7306=CARTESIAN_POINT('',(0.024696876783409,-0.0282843639725146,0.0267438217126863));
#7307=CARTESIAN_POINT('',(0.024696876783409,-0.0282843639725146,0.0267438217126863));
#7308=CARTESIAN_POINT('',(0.0216887791819427,-0.0281658278016676,0.0240725447398464));
#7309=CARTESIAN_POINT('',(0.0208779465023979,-0.027370807076649,0.0242541828761859));
#7310=CARTESIAN_POINT('',(0.0208779465023979,-0.027370807076649,0.0242541828761859));
#7311=CARTESIAN_POINT('',(0.0209290606213371,-0.0274165071946971,0.0246823833663119));
#7312=CARTESIAN_POINT('',(0.0212514897430325,-0.0275516261581718,0.0254927560731503));
#7313=CARTESIAN_POINT('',(0.0225390306038018,-0.0279072928927039,0.0266367391199098));
#7314=CARTESIAN_POINT('',(0.0238564001196717,-0.0281605608010472,0.0268566457329123));
#7315=CARTESIAN_POINT('',(0.0246968767834089,-0.0282843639725146,0.0267438217126863));
#7316=CARTESIAN_POINT('',(0.0209317310732378,-0.029031807395602,0.023780344259648));
#7317=CARTESIAN_POINT('',(0.0199797363901937,-0.0282329890081769,0.023780344259648));
#7318=CARTESIAN_POINT('',(0.0208498447533008,-0.0273456806462848,0.023780344259648));
#7319=CARTESIAN_POINT('',(0.0209317310770163,-0.0290318073987725,0.0238790674802455));
#7320=CARTESIAN_POINT('',(0.019979736396727,-0.0282329890136586,0.0239455845337205));
#7321=CARTESIAN_POINT('',(0.0208498447535581,-0.0273456806460224,0.0239404359687246));
#7322=CARTESIAN_POINT('',(0.0209377632381841,-0.0290368689829837,0.0239764487961536));
#7323=CARTESIAN_POINT('',(0.0199901640135494,-0.0282417388230889,0.0241085172100891));
#7324=CARTESIAN_POINT('',(0.0208593449880449,-0.0273541758322929,0.0240983516160625));
#7325=CARTESIAN_POINT('',(0.0209495734308032,-0.0290467789112544,0.0240725447398464));
#7326=CARTESIAN_POINT('',(0.0200105724416399,-0.0282588635275724,0.0242692020217994));
#7327=CARTESIAN_POINT('',(0.0208779465023978,-0.0273708070766489,0.024254182876186));
#7328=CARTESIAN_POINT('',(0.0208498447533008,-0.0273456806462848,0.023780344259648));
#7329=CARTESIAN_POINT('',(0.0208498447533008,-0.0273456806462848,0.0239392901344964));
#7330=CARTESIAN_POINT('',(0.0208592118547529,-0.0273540568004683,0.0240972363128805));
#7331=CARTESIAN_POINT('',(0.0208779465023979,-0.027370807076649,0.0242541828761859));
#7332=CARTESIAN_POINT('',(7.28733049348857E-19,-0.006899999,0.023780344259648));
#7333=CARTESIAN_POINT('',(0.0318746479222419,-0.015398299,0.0225004));
#7334=CARTESIAN_POINT('',(0.0312828638963225,-0.014373299,0.0225004));
#7335=CARTESIAN_POINT('',(0.0312828638963225,-0.014373299,0.0226004));
#7336=CARTESIAN_POINT('',(0.019664018718296,0.00575113117361855,0.0226004));
#7337=CARTESIAN_POINT('',(0.0324664319481613,-0.016423299,0.0226004));
#7338=CARTESIAN_POINT('',(0.0324664319481613,-0.016423299,0.0225004));
#7339=CARTESIAN_POINT('',(0.0318746479222419,-0.013348299,0.0225004));
#7340=CARTESIAN_POINT('',(0.0324664319481613,-0.012323299,0.0225004));
#7341=CARTESIAN_POINT('',(0.0324664319481613,-0.012323299,0.0226004));
#7342=CARTESIAN_POINT('',(0.0272602771261879,-0.0213406236637278,0.0226004));
#7343=CARTESIAN_POINT('',(0.03365,-0.012323299,0.0225004));
#7344=CARTESIAN_POINT('',(0.0348335680518388,-0.012323299,0.0225004));
#7345=CARTESIAN_POINT('',(0.0348335680518388,-0.012323299,0.0226004));
#7346=CARTESIAN_POINT('',(2.961061622861E-17,-0.012323299,0.0226004));
#7347=CARTESIAN_POINT('',(0.0354253520777581,-0.013348299,0.0225004));
#7348=CARTESIAN_POINT('',(0.0360171361036775,-0.014373299,0.0225004));
#7349=CARTESIAN_POINT('',(0.0360171361036775,-0.014373299,0.0226004));
#7350=CARTESIAN_POINT('',(0.0232147228738122,0.00780113117361857,0.0226004));
#7351=CARTESIAN_POINT('',(0.0354253520777581,-0.015398299,0.0225004));
#7352=CARTESIAN_POINT('',(0.0348335680518388,-0.016423299,0.0225004));
#7353=CARTESIAN_POINT('',(0.0348335680518388,-0.016423299,0.0226004));
#7354=CARTESIAN_POINT('',(0.0308109812817041,-0.0233906236637277,0.0226004));
#7355=CARTESIAN_POINT('',(0.03365,-0.016423299,0.0225004));
#7356=CARTESIAN_POINT('',(5.46273622284159E-17,-0.0164232990000001,0.0226004));
#7357=CARTESIAN_POINT('',(1.5250430261246E-17,-0.00560189532673954,0.0226004));
#7358=CARTESIAN_POINT('',(0.0318746479222419,-0.0334627471724667,0.0225004));
#7359=CARTESIAN_POINT('',(0.0312828638963226,-0.0324377471724667,0.0225004));
#7360=CARTESIAN_POINT('',(0.0312828638963226,-0.0324377471724667,0.0226004));
#7361=CARTESIAN_POINT('',(0.0118418832069441,0.00123501913050182,0.0226004));
#7362=CARTESIAN_POINT('',(0.0324664319481614,-0.0344877471724667,0.0226004));
#7363=CARTESIAN_POINT('',(0.0324664319481614,-0.0344877471724667,0.0225004));
#7364=CARTESIAN_POINT('',(0.0318746479222419,-0.0314127471724666,0.0225004));
#7365=CARTESIAN_POINT('',(0.0324664319481613,-0.0303877471724667,0.0225004));
#7366=CARTESIAN_POINT('',(0.0324664319481613,-0.0303877471724667,0.0226004));
#7367=CARTESIAN_POINT('',(0.0350824126375396,-0.0258567357068444,0.0226004));
#7368=CARTESIAN_POINT('',(0.03365,-0.0303877471724667,0.0225004));
#7369=CARTESIAN_POINT('',(0.0348335680518388,-0.0303877471724667,0.0225004));
#7370=CARTESIAN_POINT('',(0.0348335680518388,-0.0303877471724667,0.0226004));
#7371=CARTESIAN_POINT('',(1.05441206924464E-16,-0.0303877471724668,0.0226004));
#7372=CARTESIAN_POINT('',(0.0354253520777581,-0.0314127471724667,0.0225004));
#7373=CARTESIAN_POINT('',(0.0360171361036775,-0.0324377471724667,0.0225004));
#7374=CARTESIAN_POINT('',(0.0360171361036775,-0.0324377471724667,0.0226004));
#7375=CARTESIAN_POINT('',(0.0153925873624603,0.00328501913050184,0.0226004));
#7376=CARTESIAN_POINT('',(0.0354253520777581,-0.0334627471724667,0.0225004));
#7377=CARTESIAN_POINT('',(0.0348335680518388,-0.0344877471724667,0.0225004));
#7378=CARTESIAN_POINT('',(0.0348335680518388,-0.0344877471724667,0.0226004));
#7379=CARTESIAN_POINT('',(0.0386331167930558,-0.0279067357068444,0.0226004));
#7380=CARTESIAN_POINT('',(0.03365,-0.0344877471724667,0.0225004));
#7381=CARTESIAN_POINT('',(2.07151563911513E-16,-0.0344877471724669,0.0226004));
#7382=CARTESIAN_POINT('',(1.5250430261246E-17,-0.00560189532673954,0.0226004));
#7383=CARTESIAN_POINT('',(0.,0.,0.));
#7384=CARTESIAN_POINT('',(2.82785611455311E-18,-0.004575,0.0203004));
#7385=CARTESIAN_POINT('',(0.025306900883999,0.03705,0.0203004));
#7386=CARTESIAN_POINT('',(0.0281259787463567,0.036023939570023,0.0203004));
#7387=CARTESIAN_POINT('',(0.0256820494357882,0.0400264515054188,0.0203004));
#7388=CARTESIAN_POINT('',(0.0117876165751312,-0.00886534156629066,0.0203004));
#7389=CARTESIAN_POINT('',(0.0207677759300849,0.015807443484549,0.0203004));
#7390=CARTESIAN_POINT('',(0.0196871294161811,0.0162007666493735,0.0203004));
#7391=CARTESIAN_POINT('',(0.0189412050214449,0.0153254970924066,0.0203004));
#7392=CARTESIAN_POINT('',(-8.05760039091122E-18,-0.006899999,0.0203004));
#7393=CARTESIAN_POINT('',(0.00288633697107181,0.0221587515427783,0.0203004));
#7394=CARTESIAN_POINT('',(0.003,0.0233031206772244,0.0203004));
#7395=CARTESIAN_POINT('',(0.00185,0.0233031206772244,0.0203004));
#7396=CARTESIAN_POINT('',(0.00185,-0.004575,0.0203004));
#7397=CARTESIAN_POINT('',(0.00184999999999998,0.0389,0.0203004));
#7398=CARTESIAN_POINT('',(0.00299999999999995,0.0389,0.0203004));
#7399=CARTESIAN_POINT('',(0.00276846813191329,0.0400264515054188,0.0203004));
#7400=CARTESIAN_POINT('',(-9.22276861187916E-18,0.0400264515054188,0.0203004));
#7401=CARTESIAN_POINT('',(-0.0107849876664241,0.00165171553241679,0.0203004));
#7402=CARTESIAN_POINT('',(0.00546643194816125,0.0298,0.0203004));
#7403=CARTESIAN_POINT('',(0.00428286389632252,0.02775,0.0203004));
#7404=CARTESIAN_POINT('',(0.0172092835109079,0.00536078446758325,0.0203004));
#7405=CARTESIAN_POINT('',(0.00546643194816126,0.0257,0.0203004));
#7406=CARTESIAN_POINT('',(-1.63716880993806E-17,0.0257,0.0203004));
#7407=CARTESIAN_POINT('',(0.00783356805183871,0.0257,0.0203004));
#7408=CARTESIAN_POINT('',(-0.00723428351090793,-0.000398284467583212,0.0203004));
#7409=CARTESIAN_POINT('',(0.00901713610367745,0.02775,0.0203004));
#7410=CARTESIAN_POINT('',(0.020759987666424,0.00741078446758324,0.0203004));
#7411=CARTESIAN_POINT('',(0.00783356805183871,0.0298,0.0203004));
#7412=CARTESIAN_POINT('',(3.26702728043929E-17,0.0298,0.0203004));
#7413=CARTESIAN_POINT('',(-0.00124774945885168,-0.00385461151405077,0.0203004));
#7414=CARTESIAN_POINT('',(0.0199148003658265,0.0328,0.0203004));
#7415=CARTESIAN_POINT('',(0.0187312323139878,0.03075,0.0203004));
#7416=CARTESIAN_POINT('',(0.0293445979298335,0.0123671115140509,0.0203004));
#7417=CARTESIAN_POINT('',(0.0199148003658265,0.0287,0.0203004));
#7418=CARTESIAN_POINT('',(-1.18253239348618E-16,0.0287,0.0203004));
#7419=CARTESIAN_POINT('',(0.022281936469504,0.0287,0.0203004));
#7420=CARTESIAN_POINT('',(0.00230295469666448,-0.00590461151405073,0.0203004));
#7421=CARTESIAN_POINT('',(0.0234655045213427,0.03075,0.0203004));
#7422=CARTESIAN_POINT('',(0.0328953020853497,0.0144171115140509,0.0203004));
#7423=CARTESIAN_POINT('',(0.022281936469504,0.0328,0.0203004));
#7424=CARTESIAN_POINT('',(-1.3317232248608E-16,0.0328,0.0203004));
#7425=CARTESIAN_POINT('',(2.13240157950717E-18,-0.006899999,-0.1812996));
#7426=CARTESIAN_POINT('',(0.0273163640496165,0.0365729738698719,0.0223273060928939));
#7427=CARTESIAN_POINT('',(0.0275167657003653,0.0371235728801255,0.022182873213923));
#7428=CARTESIAN_POINT('',(0.0274092781582458,0.0383982681756792,0.0219194861157049));
#7429=CARTESIAN_POINT('',(0.0263298837900914,0.0391541625933831,0.0218902525762348));
#7430=CARTESIAN_POINT('',(0.0257354563077971,0.0392461952877414,0.0219446251120251));
#7431=CARTESIAN_POINT('',(0.0273163640496165,0.0365729738698719,0.0223273060928939));
#7432=CARTESIAN_POINT('',(0.0257354563077971,0.0392461952877414,0.0219446251120251));
#7433=CARTESIAN_POINT('',(-1.03355888366128E-17,0.0392461952877414,-0.1812996));
#7434=CARTESIAN_POINT('',(0.00293328334092485,0.0392461952877414,0.0235464997959197));
#7435=CARTESIAN_POINT('',(0.00293328334092485,0.0392461952877414,0.0235464997959197));
#7436=CARTESIAN_POINT('',(0.00288996183799477,0.0392185532175884,0.0235533471344048));
#7437=CARTESIAN_POINT('',(0.00286363636363634,0.0391696999000792,0.0235647090326985));
#7438=CARTESIAN_POINT('',(0.00286363636363633,0.0391191387511962,0.0235760660694806));
#7439=CARTESIAN_POINT('',(0.00286363636363634,0.0391191387511962,0.0235760660694805));
#7440=CARTESIAN_POINT('',(0.00286363636363635,-0.006899999,-0.1812996));
#7441=CARTESIAN_POINT('',(0.00286363636363635,0.0234476332115652,0.0264762908197206));
#7442=CARTESIAN_POINT('',(0.00286363636363635,0.0234476332115652,0.0264762908197206));
#7443=CARTESIAN_POINT('',(0.00286363636363634,0.0233734686453371,0.0264871232554288));
#7444=CARTESIAN_POINT('',(0.00292485135336417,0.0233050636468903,0.0264962254057299));
#7445=CARTESIAN_POINT('',(0.00299945751857201,0.0232976534831075,0.0264962253649571));
#7446=CARTESIAN_POINT('',(0.00299945751857191,0.0232976534831065,0.0264962253649573));
#7447=CARTESIAN_POINT('',(2.75800508204449E-17,-0.006899999,0.0264962253649574));
#7448=CARTESIAN_POINT('',(0.0196835689395152,0.0161965824505735,0.026496225364949));
#7449=CARTESIAN_POINT('',(0.0196835689395152,0.0161965824505735,0.026496225364949));
#7450=CARTESIAN_POINT('',(0.0197584094566185,0.0161328047674124,0.0264962249702154));
#7451=CARTESIAN_POINT('',(0.0198896469546834,0.0161682363508561,0.0264797736756282));
#7452=CARTESIAN_POINT('',(0.0199229545213085,0.0162597481380537,0.0264663789177317));
#7453=CARTESIAN_POINT('',(0.0199229545213053,0.0162597481380559,0.0264663789177317));
#7454=CARTESIAN_POINT('',(0.0101490123095238,-0.0105939373878679,-0.1812996));
#7455=CARTESIAN_POINT('',(0.0196871294161811,0.0162007666493735,0.0287024));
#7456=CARTESIAN_POINT('',(0.0189412050214449,0.0153254970924066,0.0287024));
#7457=CARTESIAN_POINT('',(0.0189412050214449,0.0153254970924066,0.0255067214346479));
#7458=CARTESIAN_POINT('',(0.0207677759300849,0.015807443484549,0.0287024));
#7459=CARTESIAN_POINT('',(0.0207677759300849,0.015807443484549,0.0254770171133616));
#7460=CARTESIAN_POINT('',(0.020767775930085,0.015807443484549,0.0254770171133616));
#7461=CARTESIAN_POINT('',(0.0206402742318735,0.0154571354477708,0.0254837051916939));
#7462=CARTESIAN_POINT('',(0.0200306769769995,0.0149078473111939,0.0254992788665204));
#7463=CARTESIAN_POINT('',(0.0192249839496416,0.0150836543097333,0.025506721410026));
#7464=CARTESIAN_POINT('',(0.0189412050214493,0.0153254970924119,0.0255067214346479));
#7465=CARTESIAN_POINT('',(-6.88169453436993E-18,-0.006899999,0.0287024));
#7466=CARTESIAN_POINT('',(-7.27305228698615E-18,-0.006899999,0.025506721434648));
#7467=CARTESIAN_POINT('',(0.00288633697107181,0.0221587515427783,0.025506721434648));
#7468=CARTESIAN_POINT('',(0.00288633697107181,0.0221587515427783,0.0287024));
#7469=CARTESIAN_POINT('',(0.003,0.0233031206772244,0.0287024));
#7470=CARTESIAN_POINT('',(0.00185,0.0233031206772244,0.0287024));
#7471=CARTESIAN_POINT('',(0.00185,0.0233031206772244,0.0254868818158171));
#7472=CARTESIAN_POINT('',(0.00288633697107259,0.0221587515427861,0.0255067214346479));
#7473=CARTESIAN_POINT('',(0.00260314867944527,0.0221868788646567,0.0255067214548345));
#7474=CARTESIAN_POINT('',(0.00206884617958809,0.0224593528188136,0.025502542016713));
#7475=CARTESIAN_POINT('',(0.00185,0.0230185920080555,0.025492302437655));
#7476=CARTESIAN_POINT('',(0.00185,0.0233031206772244,0.0254868818158171));
#7477=CARTESIAN_POINT('',(0.00299999999999995,0.0389,0.0287024));
#7478=CARTESIAN_POINT('',(0.00276846813191329,0.0400264515054188,0.0287024));
#7479=CARTESIAN_POINT('',(0.00276846813191329,0.0400264515054188,0.0225656990188988));
#7480=CARTESIAN_POINT('',(0.00185,0.0389,0.0287024));
#7481=CARTESIAN_POINT('',(0.00184999999999998,0.0389,0.0226004676596259));
#7482=CARTESIAN_POINT('',(0.00184999999999997,0.0389,0.0226004676596259));
#7483=CARTESIAN_POINT('',(0.00184999999999997,0.0394295176380976,0.0225849537253137));
#7484=CARTESIAN_POINT('',(0.00224958036909485,0.0399197988421885,0.0225698202536737));
#7485=CARTESIAN_POINT('',(0.00276846813191329,0.0400264515054188,0.0225656990188988));
#7486=CARTESIAN_POINT('',(0.025306900883999,0.03705,0.0287024));
#7487=CARTESIAN_POINT('',(0.0281259787463567,0.036023939570023,0.0287024));
#7488=CARTESIAN_POINT('',(0.0281259787463567,0.036023939570023,0.0213576541591182));
#7489=CARTESIAN_POINT('',(0.0256820494357882,0.0400264515054188,0.0287024));
#7490=CARTESIAN_POINT('',(0.0256820494357882,0.0400264515054188,0.0209680283559756));
#7491=CARTESIAN_POINT('',(0.0256820494357882,0.0400264515054188,0.0209680283559756));
#7492=CARTESIAN_POINT('',(0.0256820494357881,0.0400264515054188,0.0209727114102739));
#7493=CARTESIAN_POINT('',(0.0256823065441126,0.0400264191344176,0.0209773799957654));
#7494=CARTESIAN_POINT('',(0.0256828252727747,0.0400263536170832,0.0209820338570872));
#7495=CARTESIAN_POINT('',(0.0256828252727748,0.0400263536170837,0.0209820338570871));
#7496=CARTESIAN_POINT('',(0.0256828252727748,0.0400263536170837,0.0209820338570871));
#7497=CARTESIAN_POINT('',(0.0265837647389248,0.0399125616549349,0.0209233736323621));
#7498=CARTESIAN_POINT('',(0.0282403083718685,0.0388137065822509,0.0209444110173601));
#7499=CARTESIAN_POINT('',(0.0284329862009428,0.0368674356191026,0.0212101438288532));
#7500=CARTESIAN_POINT('',(0.0281259787463567,0.036023939570023,0.0213576541591181));
#7501=CARTESIAN_POINT('',(0.0117876165751312,-0.00886534156629066,0.0287024));
#7502=CARTESIAN_POINT('',(0.0110403763002644,-0.0109183673483942,-0.1812996));
#7503=CARTESIAN_POINT('',(0.00185,-0.004575,0.0287024));
#7504=CARTESIAN_POINT('',(0.00185,-0.006899999,-0.1812996));
#7505=CARTESIAN_POINT('',(-8.04686275533787E-18,0.0400264515054188,0.0287024));
#7506=CARTESIAN_POINT('',(0.00276846813191329,0.0400264515054188,0.0225656990188988));
#7507=CARTESIAN_POINT('',(0.00276846813191329,0.0400264515054188,0.0225681817076163));
#7508=CARTESIAN_POINT('',(0.0027685140190868,0.0400264515054188,0.0225706635477511));
#7509=CARTESIAN_POINT('',(0.0027686058204691,0.0400264515054188,0.0225731445388034));
#7510=CARTESIAN_POINT('',(0.00276860582046912,0.0400264515054188,0.0225731445388034));
#7511=CARTESIAN_POINT('',(-1.05464020400476E-17,0.0400264515054188,-0.1812996));
#7512=CARTESIAN_POINT('',(-7.27305228698615E-18,-0.006899999,0.025506721434648));
#7513=CARTESIAN_POINT('',(0.0195898376588143,0.0160865987293374,0.025506721434648));
#7514=CARTESIAN_POINT('',(0.00298517822007173,0.0231538547572719,0.025506721434648));
#7515=CARTESIAN_POINT('',(0.00299945751857201,0.0232976534831075,0.0264962253649572));
#7516=CARTESIAN_POINT('',(0.00288633759701208,0.0221587514806155,0.0266633676317558));
#7517=CARTESIAN_POINT('',(0.00288633697107245,0.0221587515427861,0.0255067214346479));
#7518=CARTESIAN_POINT('',(0.00296215451114669,0.023301358836841,0.0264962253447533));
#7519=CARTESIAN_POINT('',(0.00255969424953939,0.0221911975353921,0.0266633674286175));
#7520=CARTESIAN_POINT('',(0.00260170889369685,0.0221870218695703,0.0255067214143391));
#7521=CARTESIAN_POINT('',(0.00289194028951847,0.0233374589410785,0.026491971698152));
#7522=CARTESIAN_POINT('',(0.00196761244293632,0.0225376739900404,0.0266213788761866));
#7523=CARTESIAN_POINT('',(0.00206596390862291,0.0224624745606496,0.0255024880235362));
#7524=CARTESIAN_POINT('',(0.00286363645712112,0.0234105509343471,0.0264817070354251));
#7525=CARTESIAN_POINT('',(0.00181329129820168,0.0231632262057869,0.0265323073550304));
#7526=CARTESIAN_POINT('',(0.00185,0.0230201770158924,0.0254922722399448));
#7527=CARTESIAN_POINT('',(0.00286363636363636,0.0234476332115652,0.0264762908197206));
#7528=CARTESIAN_POINT('',(0.00185,0.0234496310807035,0.0264899692852123));
#7529=CARTESIAN_POINT('',(0.00185,0.0233031206772244,0.0254868818158171));
#7530=CARTESIAN_POINT('',(0.00285,0.0233031206772244,0.0254868818158171));
#7531=CARTESIAN_POINT('',(0.0199229545213053,0.0162597481380559,0.0264663789177317));
#7532=CARTESIAN_POINT('',(0.0208120419018787,0.0159290632425026,0.0264179847150927));
#7533=CARTESIAN_POINT('',(0.020767775930085,0.015807443484549,0.0254770171133616));
#7534=CARTESIAN_POINT('',(0.0199062973464727,0.016213983984351,0.0264730775426542));
#7535=CARTESIAN_POINT('',(0.0207297048157756,0.015577961509258,0.0264650175601223));
#7536=CARTESIAN_POINT('',(0.020640681636591,0.0154582547830326,0.0254836838398157));
#7537=CARTESIAN_POINT('',(0.019827164288719,0.0161421270901025,0.0264886386097271));
#7538=CARTESIAN_POINT('',(0.0201940406901458,0.0149221830559787,0.0265891960573758));
#7539=CARTESIAN_POINT('',(0.0200368804887921,0.0149099773191675,0.025499170807029));
#7540=CARTESIAN_POINT('',(0.019720987864998,0.0161646934852069,0.0264962253084691));
#7541=CARTESIAN_POINT('',(0.019268888123556,0.015046241263902,0.0266633670702497));
#7542=CARTESIAN_POINT('',(0.0192267372135084,0.0150821601388475,0.0255067213782725));
#7543=CARTESIAN_POINT('',(0.0196835661975185,0.0161965847873068,0.0264962253649573));
#7544=CARTESIAN_POINT('',(0.0189412054671424,0.0153254967125808,0.0266633676317561));
#7545=CARTESIAN_POINT('',(0.0189412050214501,0.0153254970924098,0.025506721434648));
#7546=CARTESIAN_POINT('',(0.0198280833092991,0.0161494636278746,0.0254770171133616));
#7547=CARTESIAN_POINT('',(0.00285,-0.006899999,-0.1812996));
#7548=CARTESIAN_POINT('',(0.00285,0.0389,0.0226004676596259));
#7549=CARTESIAN_POINT('',(0.0101006836794785,-0.0105763472050685,-0.1812996));
#7550=CARTESIAN_POINT('',(0.0271862861255707,0.0363659597133487,0.0213576541591182));
#7551=CARTESIAN_POINT('',(0.00286363636363633,0.0391191387511962,0.0235760660694806));
#7552=CARTESIAN_POINT('',(0.00184999999999996,0.0391221683191851,0.0235895536051007));
#7553=CARTESIAN_POINT('',(0.00184999999999996,0.0389,0.0226004676596259));
#7554=CARTESIAN_POINT('',(0.00286363684135765,0.0391883072009027,0.023560529457231));
#7555=CARTESIAN_POINT('',(0.00194701845562002,0.0396091345852331,0.0234788152510252));
#7556=CARTESIAN_POINT('',(0.00184999999999996,0.0394277662497811,0.0225850050308942));
#7557=CARTESIAN_POINT('',(0.00291576220434316,0.0392533439368271,0.0235451516999858));
#7558=CARTESIAN_POINT('',(0.00236580281501254,0.0399697591522224,0.0233917007739364));
#7559=CARTESIAN_POINT('',(0.00224772758119625,0.0399240112243203,0.0225697005010381));
#7560=CARTESIAN_POINT('',(0.00298525107959614,0.0392670199272394,0.0235410567050684));
#7561=CARTESIAN_POINT('',(0.00282356127642579,0.040037335186295,0.0233697993236014));
#7562=CARTESIAN_POINT('',(0.00277793958669676,0.0400283568464116,0.0225656250064728));
#7563=CARTESIAN_POINT('',(0.00276860582046912,0.0400264515054188,0.0225731445388034));
#7564=CARTESIAN_POINT('',(0.00277707164996877,0.0400264515054188,0.0228019389938666));
#7565=CARTESIAN_POINT('',(0.00281287495837154,0.0398673367099753,0.0232502080461786));
#7566=CARTESIAN_POINT('',(0.00286911530988548,0.0394574815624467,0.023499821658157));
#7567=CARTESIAN_POINT('',(0.00293328334092484,0.0392461952877414,0.0235464997959197));
#7568=CARTESIAN_POINT('',(0.0281259787463567,0.036023939570023,0.0213576541591182));
#7569=CARTESIAN_POINT('',(0.028203729309173,0.0362375574857109,0.0222798759900082));
#7570=CARTESIAN_POINT('',(0.0273163640496165,0.0365729738698719,0.0223273060928939));
#7571=CARTESIAN_POINT('',(0.0284317375255221,0.0368640049115802,0.0212107437907994));
#7572=CARTESIAN_POINT('',(0.0284288806100338,0.037047731096319,0.0220767055389866));
#7573=CARTESIAN_POINT('',(0.02752117852251,0.0371356970726384,0.0221796928044143));
#7574=CARTESIAN_POINT('',(0.0282918731337413,0.0383185171648691,0.0210118211532856));
#7575=CARTESIAN_POINT('',(0.0282254888143434,0.0384101814074263,0.0218070749053495));
#7576=CARTESIAN_POINT('',(0.0274274894813789,0.0381100114931457,0.0219798183836116));
#7577=CARTESIAN_POINT('',(0.0269863946539772,0.0396637075641254,0.0209258285918816));
#7578=CARTESIAN_POINT('',(0.0269713688410067,0.0396572953229643,0.0216933064810288));
#7579=CARTESIAN_POINT('',(0.0265530062831518,0.0390110959688095,0.0218934143746516));
#7580=CARTESIAN_POINT('',(0.0261005043775436,0.0399783560426129,0.020954150031603));
#7581=CARTESIAN_POINT('',(0.0261462131379697,0.039961292607272,0.0217303945462766));
#7582=CARTESIAN_POINT('',(0.0259595869611426,0.0392218652928892,0.0219218713235723));
#7583=CARTESIAN_POINT('',(0.0256506339800803,0.0400302428690726,0.0209841554069431));
#7584=CARTESIAN_POINT('',(0.0257281775886392,0.0400212992004449,0.0217695398882071));
#7585=CARTESIAN_POINT('',(0.0256582383688573,0.0392566220127759,0.0219520202653496));
#7586=CARTESIAN_POINT('',(0.0256828252727748,0.0400263536170832,0.0209820338570872));
#7587=CARTESIAN_POINT('',(0.025732658375879,0.0400200595132113,0.0214291199119218));
#7588=CARTESIAN_POINT('',(0.0257576512960441,0.0396775489374309,0.0218438767268582));
#7589=CARTESIAN_POINT('',(0.0257354563077993,0.0392461952877297,0.0219446251120274));
#7590=CARTESIAN_POINT('',(-1.02762174536789E-17,0.0390264515054188,-0.1812996));
#7591=CARTESIAN_POINT('',(0.00487464792224188,0.026725,0.0225004));
#7592=CARTESIAN_POINT('',(0.00428286389632252,0.02775,0.0225004));
#7593=CARTESIAN_POINT('',(0.00428286389632252,0.02775,0.0226004));
#7594=CARTESIAN_POINT('',(0.0176539422308999,0.00459061297252858,0.0226004));
#7595=CARTESIAN_POINT('',(0.00546643194816126,0.0257,0.0226004));
#7596=CARTESIAN_POINT('',(0.00546643194816126,0.0257,0.0225004));
#7597=CARTESIAN_POINT('',(0.00487464792224188,0.028775,0.0225004));
#7598=CARTESIAN_POINT('',(0.00546643194816126,0.0298,0.0225004));
#7599=CARTESIAN_POINT('',(0.00546643194816126,0.0298,0.0226004));
#7600=CARTESIAN_POINT('',(-0.0112296463864161,0.000881544037362137,0.0226004));
#7601=CARTESIAN_POINT('',(0.00665,0.0298,0.0225004));
#7602=CARTESIAN_POINT('',(0.00783356805183871,0.0298,0.0225004));
#7603=CARTESIAN_POINT('',(0.00783356805183871,0.0298,0.0226004));
#7604=CARTESIAN_POINT('',(4.59843389725378E-17,0.0298,0.0226004));
#7605=CARTESIAN_POINT('',(0.00842535207775807,0.028775,0.0225004));
#7606=CARTESIAN_POINT('',(0.00901713610367745,0.02775,0.0225004));
#7607=CARTESIAN_POINT('',(0.00901713610367745,0.02775,0.0226004));
#7608=CARTESIAN_POINT('',(0.0212046463864161,0.00664061297252857,0.0226004));
#7609=CARTESIAN_POINT('',(0.00842535207775809,0.026725,0.0225004));
#7610=CARTESIAN_POINT('',(0.00783356805183871,0.0257,0.0225004));
#7611=CARTESIAN_POINT('',(0.00783356805183871,0.0257,0.0226004));
#7612=CARTESIAN_POINT('',(-0.00767894223089992,-0.00116845596263787,0.0226004));
#7613=CARTESIAN_POINT('',(0.00665,0.0257,0.0225004));
#7614=CARTESIAN_POINT('',(-4.60034177197155E-18,0.0257,0.0226004));
#7615=CARTESIAN_POINT('',(1.5250430261246E-17,-0.00560189532673954,0.0226004));
#7616=CARTESIAN_POINT('',(0.0193230163399072,0.029725,0.0225004));
#7617=CARTESIAN_POINT('',(0.0187312323139878,0.03075,0.0225004));
#7618=CARTESIAN_POINT('',(0.0187312323139878,0.03075,0.0226004));
#7619=CARTESIAN_POINT('',(0.0297892566498255,0.0115969400189962,0.0226004));
#7620=CARTESIAN_POINT('',(0.0199148003658265,0.0287,0.0226004));
#7621=CARTESIAN_POINT('',(0.0199148003658265,0.0287,0.0225004));
#7622=CARTESIAN_POINT('',(0.0193230163399072,0.031775,0.0225004));
#7623=CARTESIAN_POINT('',(0.0199148003658265,0.0328,0.0225004));
#7624=CARTESIAN_POINT('',(0.0199148003658265,0.0328,0.0226004));
#7625=CARTESIAN_POINT('',(-0.00169240817884366,-0.00462478300910543,0.0226004));
#7626=CARTESIAN_POINT('',(0.0210983684176652,0.0328,0.0225004));
#7627=CARTESIAN_POINT('',(0.022281936469504,0.0328,0.0225004));
#7628=CARTESIAN_POINT('',(0.022281936469504,0.0328,0.0226004));
#7629=CARTESIAN_POINT('',(-1.24486415840142E-16,0.0328,0.0226004));
#7630=CARTESIAN_POINT('',(0.0228737204954233,0.031775,0.0225004));
#7631=CARTESIAN_POINT('',(0.0234655045213427,0.03075,0.0225004));
#7632=CARTESIAN_POINT('',(0.0234655045213427,0.03075,0.0226004));
#7633=CARTESIAN_POINT('',(0.0333399608053416,0.0136469400189962,0.0226004));
#7634=CARTESIAN_POINT('',(0.0228737204954233,0.029725,0.0225004));
#7635=CARTESIAN_POINT('',(0.022281936469504,0.0287,0.0225004));
#7636=CARTESIAN_POINT('',(0.022281936469504,0.0287,0.0226004));
#7637=CARTESIAN_POINT('',(0.0018582959766725,-0.00667478300910539,0.0226004));
#7638=CARTESIAN_POINT('',(0.0210983684176652,0.0287,0.0225004));
#7639=CARTESIAN_POINT('',(-1.09567332702681E-16,0.0287,0.0226004));
#7640=CARTESIAN_POINT('',(1.5250430261246E-17,-0.00560189532673954,0.0226004));
#7641=CARTESIAN_POINT('',(0.,0.,0.));
#7642=CARTESIAN_POINT('',(2.13240157950717E-18,-0.006899999,-0.1812996));
#7643=CARTESIAN_POINT('',(-0.00286363636363636,0.0391191387511962,0.0235760660694805));
#7644=CARTESIAN_POINT('',(-0.00286363636363636,0.0391696999000792,0.0235647090326985));
#7645=CARTESIAN_POINT('',(-0.0028899618379948,0.0392185532175884,0.0235533471344048));
#7646=CARTESIAN_POINT('',(-0.00293328334092488,0.0392461952877414,0.0235464997959197));
#7647=CARTESIAN_POINT('',(-0.00286363636363637,0.0391191387511962,0.0235760660694805));
#7648=CARTESIAN_POINT('',(-0.00293328334092488,0.0392461952877414,0.0235464997959197));
#7649=CARTESIAN_POINT('',(-1.03355888366128E-17,0.0392461952877414,-0.1812996));
#7650=CARTESIAN_POINT('',(-0.0257354563077972,0.0392461952877414,0.021944625112025));
#7651=CARTESIAN_POINT('',(-0.0257354563077972,0.0392461952877414,0.021944625112025));
#7652=CARTESIAN_POINT('',(-0.0263298837900915,0.0391541625933831,0.0218902525762348));
#7653=CARTESIAN_POINT('',(-0.0274092781582459,0.0383982681756791,0.021919486115705));
#7654=CARTESIAN_POINT('',(-0.0275167657003654,0.0371235728801255,0.022182873213923));
#7655=CARTESIAN_POINT('',(-0.0273163640496166,0.0365729738698718,0.0223273060928939));
#7656=CARTESIAN_POINT('',(-0.0273163640496166,0.0365729738698718,0.0223273060928939));
#7657=CARTESIAN_POINT('',(-0.0101490123095239,-0.0105939373878679,-0.1812996));
#7658=CARTESIAN_POINT('',(-0.0199229545213053,0.0162597481380559,0.0264663789177317));
#7659=CARTESIAN_POINT('',(-0.0199229545213053,0.0162597481380559,0.0264663789177317));
#7660=CARTESIAN_POINT('',(-0.0198896469640811,0.0161682363766853,0.0264797736718478));
#7661=CARTESIAN_POINT('',(-0.0197584094342754,0.0161328047864528,0.0264962249702154));
#7662=CARTESIAN_POINT('',(-0.0196835689395152,0.0161965824505735,0.026496225364949));
#7663=CARTESIAN_POINT('',(-0.0196835689395152,0.0161965824505735,0.026496225364949));
#7664=CARTESIAN_POINT('',(2.75800508204449E-17,-0.006899999,0.0264962253649574));
#7665=CARTESIAN_POINT('',(-0.00299945751857192,0.0232976534831065,0.0264962253649573));
#7666=CARTESIAN_POINT('',(-0.00299945751857203,0.0232976534831075,0.0264962253649571));
#7667=CARTESIAN_POINT('',(-0.00292482938784556,0.0233050658285879,0.0264962254057419));
#7668=CARTESIAN_POINT('',(-0.00286363636363636,0.0233734480087,0.0264871262696046));
#7669=CARTESIAN_POINT('',(-0.00286363636363637,0.0234476332115652,0.0264762908197206));
#7670=CARTESIAN_POINT('',(-0.00286363636363637,0.0234476332115652,0.0264762908197206));
#7671=CARTESIAN_POINT('',(-0.00286363636363639,-0.006899999,-0.1812996));
#7672=CARTESIAN_POINT('',(-0.003,0.0233031206772244,0.0287024));
#7673=CARTESIAN_POINT('',(-0.003,0.0233031206772244,0.0203004));
#7674=CARTESIAN_POINT('',(-0.00185,0.0233031206772244,0.0203004));
#7675=CARTESIAN_POINT('',(-0.00288633697107182,0.0221587515427783,0.0203004));
#7676=CARTESIAN_POINT('',(-0.00185,0.0233031206772244,0.0287024));
#7677=CARTESIAN_POINT('',(-0.00185,0.0233031206772244,0.0254868818158171));
#7678=CARTESIAN_POINT('',(-0.00185,0.0233031206772244,0.0254868818158172));
#7679=CARTESIAN_POINT('',(-0.00185,0.0230185025737206,0.0254923041414893));
#7680=CARTESIAN_POINT('',(-0.00206824400345282,0.022460107324982,0.0255025287827919));
#7681=CARTESIAN_POINT('',(-0.00260305958551654,0.0221868877137994,0.0255067214548408));
#7682=CARTESIAN_POINT('',(-0.0028863369710726,0.0221587515427861,0.0255067214346479));
#7683=CARTESIAN_POINT('',(-0.00288633697107182,0.0221587515427783,0.025506721434648));
#7684=CARTESIAN_POINT('',(-0.00288633697107182,0.0221587515427783,0.0287024));
#7685=CARTESIAN_POINT('',(1.34623318149272E-17,-0.006899999,0.0287024));
#7686=CARTESIAN_POINT('',(-0.0189412050214449,0.0153254970924066,0.0287024));
#7687=CARTESIAN_POINT('',(-0.0189412050214449,0.0153254970924066,0.0255067214346479));
#7688=CARTESIAN_POINT('',(-0.0189412050214449,0.0153254970924066,0.0203004));
#7689=CARTESIAN_POINT('',(1.22864259583859E-17,-0.006899999,0.0203004));
#7690=CARTESIAN_POINT('',(1.3070974062311E-17,-0.006899999,0.025506721434648));
#7691=CARTESIAN_POINT('',(-0.0196871294161812,0.0162007666493735,0.0287024));
#7692=CARTESIAN_POINT('',(-0.0196871294161812,0.0162007666493735,0.0203004));
#7693=CARTESIAN_POINT('',(-0.0207677759300849,0.015807443484549,0.0203004));
#7694=CARTESIAN_POINT('',(-0.0189412050214493,0.0153254970924118,0.0255067214346479));
#7695=CARTESIAN_POINT('',(-0.0192249331899491,0.0150836975682844,0.0255067214100304));
#7696=CARTESIAN_POINT('',(-0.0200270028999179,0.0149068204554117,0.0254993394510402));
#7697=CARTESIAN_POINT('',(-0.0206402970717973,0.0154571981999458,0.0254837039936298));
#7698=CARTESIAN_POINT('',(-0.0207677759300849,0.015807443484549,0.0254770171133616));
#7699=CARTESIAN_POINT('',(-0.0207677759300849,0.015807443484549,0.0254770171133616));
#7700=CARTESIAN_POINT('',(-0.0207677759300849,0.015807443484549,0.0287024));
#7701=CARTESIAN_POINT('',(-0.025306900883999,0.03705,0.0287024));
#7702=CARTESIAN_POINT('',(-0.025306900883999,0.03705,0.0203004));
#7703=CARTESIAN_POINT('',(-0.0281259787463567,0.036023939570023,0.0203004));
#7704=CARTESIAN_POINT('',(-0.0256820494357882,0.0400264515054188,0.0203004));
#7705=CARTESIAN_POINT('',(-0.0281259787463567,0.036023939570023,0.0287024));
#7706=CARTESIAN_POINT('',(-0.0281259787463567,0.036023939570023,0.0213576541591182));
#7707=CARTESIAN_POINT('',(-0.0281259787463567,0.036023939570023,0.0213576541591182));
#7708=CARTESIAN_POINT('',(-0.0284329862009428,0.0368674356191026,0.0212101438288532));
#7709=CARTESIAN_POINT('',(-0.0282403083718686,0.0388137065822509,0.0209444110173601));
#7710=CARTESIAN_POINT('',(-0.0265837647389248,0.0399125616549349,0.0209233736323621));
#7711=CARTESIAN_POINT('',(-0.0256828252727749,0.0400263536170837,0.0209820338570871));
#7712=CARTESIAN_POINT('',(-0.0256828252727749,0.0400263536170837,0.0209820338570872));
#7713=CARTESIAN_POINT('',(-0.0256828252727748,0.0400263536170832,0.0209820338570873));
#7714=CARTESIAN_POINT('',(-0.0256823065441127,0.0400264191344176,0.0209773799957659));
#7715=CARTESIAN_POINT('',(-0.0256820494357632,0.0400264515054188,0.0209727114102771));
#7716=CARTESIAN_POINT('',(-0.0256820494357633,0.0400264515054188,0.0209680283559784));
#7717=CARTESIAN_POINT('',(-0.0256820494357882,0.0400264515054188,0.0209680283559756));
#7718=CARTESIAN_POINT('',(-0.0256820494357882,0.0400264515054188,0.0287024));
#7719=CARTESIAN_POINT('',(-0.003,0.0389,0.0287024));
#7720=CARTESIAN_POINT('',(-0.003,0.0389,0.0203004));
#7721=CARTESIAN_POINT('',(-0.0027684681319133,0.0400264515054188,0.0203004));
#7722=CARTESIAN_POINT('',(-0.00185,0.0389,0.0203004));
#7723=CARTESIAN_POINT('',(-0.0027684681319133,0.0400264515054188,0.0287024));
#7724=CARTESIAN_POINT('',(-0.0027684681319133,0.0400264515054188,0.0225656990188988));
#7725=CARTESIAN_POINT('',(-0.0027684681319133,0.0400264515054188,0.0225656990188988));
#7726=CARTESIAN_POINT('',(-0.00224958036909488,0.0399197988421885,0.0225698202536737));
#7727=CARTESIAN_POINT('',(-0.00185,0.0394295176380976,0.0225849537253137));
#7728=CARTESIAN_POINT('',(-0.00185,0.0389,0.0226004676596259));
#7729=CARTESIAN_POINT('',(-0.00185,0.0389,0.0226004676596259));
#7730=CARTESIAN_POINT('',(-0.00185,0.0389,0.0287024));
#7731=CARTESIAN_POINT('',(-0.00185,-0.004575,0.0287024));
#7732=CARTESIAN_POINT('',(-0.00185,-0.004575,0.0203004));
#7733=CARTESIAN_POINT('',(-0.00185000000000003,-0.006899999,-0.1812996));
#7734=CARTESIAN_POINT('',(-0.0117876165751312,-0.00886534156629067,0.0287024));
#7735=CARTESIAN_POINT('',(-0.0117876165751312,-0.00886534156629067,0.0203004));
#7736=CARTESIAN_POINT('',(-0.0110403763002644,-0.0109183673483942,-0.1812996));
#7737=CARTESIAN_POINT('',(-8.04686275533787E-18,0.0400264515054188,0.0287024));
#7738=CARTESIAN_POINT('',(-9.22276861187916E-18,0.0400264515054188,0.0203004));
#7739=CARTESIAN_POINT('',(-1.05464020400476E-17,0.0400264515054188,-0.1812996));
#7740=CARTESIAN_POINT('',(-0.00276860582046913,0.0400264515054188,0.0225731445388034));
#7741=CARTESIAN_POINT('',(-0.00276860582046913,0.0400264515054188,0.0225731445388034));
#7742=CARTESIAN_POINT('',(-0.00276851401908682,0.0400264515054188,0.0225706635477511));
#7743=CARTESIAN_POINT('',(-0.0027684681319133,0.0400264515054188,0.0225681817076163));
#7744=CARTESIAN_POINT('',(-0.0027684681319133,0.0400264515054188,0.0225656990188988));
#7745=CARTESIAN_POINT('',(1.3070974062311E-17,-0.006899999,0.025506721434648));
#7746=CARTESIAN_POINT('',(-0.00298517438753111,0.0231538551379488,0.025506721434648));
#7747=CARTESIAN_POINT('',(-0.0195898376588143,0.0160865987293374,0.025506721434648));
#7748=CARTESIAN_POINT('',(-0.019683566197519,0.0161965847873077,0.0264962253649572));
#7749=CARTESIAN_POINT('',(-0.0189412054671413,0.0153254967125831,0.026663367631756));
#7750=CARTESIAN_POINT('',(-0.0189412050214492,0.0153254970924119,0.0255067214346479));
#7751=CARTESIAN_POINT('',(-0.0197209863417123,0.0161646949780811,0.0264962252868296));
#7752=CARTESIAN_POINT('',(-0.0192688748644014,0.0150462544883967,0.0266633668553782));
#7753=CARTESIAN_POINT('',(-0.0192267248572141,0.0150821706691598,0.0255067213566292));
#7754=CARTESIAN_POINT('',(-0.0198266848611174,0.0161419943418679,0.0264886990804245));
#7755=CARTESIAN_POINT('',(-0.0201902581321279,0.0149206372540025,0.0265897285190919));
#7756=CARTESIAN_POINT('',(-0.0200332230939944,0.0149089647329293,0.0254992309897892));
#7757=CARTESIAN_POINT('',(-0.0199063002961632,0.0162139918053746,0.0264730763879923));
#7758=CARTESIAN_POINT('',(-0.0207297199129666,0.0155780228853187,0.0264650092713506));
#7759=CARTESIAN_POINT('',(-0.020640703448775,0.0154583147115121,0.0254836826907219));
#7760=CARTESIAN_POINT('',(-0.0199229545213085,0.0162597481380537,0.0264663789177316));
#7761=CARTESIAN_POINT('',(-0.0208120419018806,0.0159290632424943,0.0264179847150934));
#7762=CARTESIAN_POINT('',(-0.0207677759300859,0.0158074434845406,0.0254770171133615));
#7763=CARTESIAN_POINT('',(-0.0198280833092991,0.0161494636278746,0.0254770171133616));
#7764=CARTESIAN_POINT('',(-0.00286363636363636,0.0234476332115652,0.0264762908197206));
#7765=CARTESIAN_POINT('',(-0.00185,0.0234496310807035,0.0264899692852123));
#7766=CARTESIAN_POINT('',(-0.00185,0.0233031206772244,0.0254868818158171));
#7767=CARTESIAN_POINT('',(-0.00286363662251871,0.0234105406531271,0.0264817085348148));
#7768=CARTESIAN_POINT('',(-0.00181328222936282,0.0231631452007254,0.0265323193106274));
#7769=CARTESIAN_POINT('',(-0.00185,0.023020098568419,0.0254922737320758));
#7770=CARTESIAN_POINT('',(-0.00289186063485094,0.0233375580450531,0.0264919583795539));
#7771=CARTESIAN_POINT('',(-0.0019670240035318,0.0225385718537254,0.0266212563512899));
#7772=CARTESIAN_POINT('',(-0.00206535669052202,0.0224632300214244,0.025502474768352));
#7773=CARTESIAN_POINT('',(-0.00296214346712823,0.0233013597436248,0.0264962253723925));
#7774=CARTESIAN_POINT('',(-0.00255959748360698,0.0221912052675367,0.0266633677029376));
#7775=CARTESIAN_POINT('',(-0.00260162476878085,0.0221870302251721,0.0255067214419815));
#7776=CARTESIAN_POINT('',(-0.00299945751857202,0.0232976534831075,0.0264962253649572));
#7777=CARTESIAN_POINT('',(-0.00288633759701221,0.0221587514806154,0.0266633676317558));
#7778=CARTESIAN_POINT('',(-0.00288633697107256,0.0221587515427861,0.0255067214346479));
#7779=CARTESIAN_POINT('',(-0.00285,0.0233031206772244,0.0254868818158171));
#7780=CARTESIAN_POINT('',(-0.0101006836794785,-0.0105763472050686,-0.1812996));
#7781=CARTESIAN_POINT('',(-0.0271862861255708,0.0363659597133486,0.0213576541591182));
#7782=CARTESIAN_POINT('',(-0.00285,-0.006899999,-0.1812996));
#7783=CARTESIAN_POINT('',(-0.00285,0.0389,0.0226004676596259));
#7784=CARTESIAN_POINT('',(-0.0273163640496166,0.0365729738698718,0.0223273060928939));
#7785=CARTESIAN_POINT('',(-0.0282037293091731,0.0362375574857109,0.0222798759900082));
#7786=CARTESIAN_POINT('',(-0.0281259787463567,0.036023939570023,0.0213576541591182));
#7787=CARTESIAN_POINT('',(-0.0275211785224978,0.0371356970726328,0.0221796928044171));
#7788=CARTESIAN_POINT('',(-0.0284288806100273,0.0370477310963138,0.0220767055389912));
#7789=CARTESIAN_POINT('',(-0.0284317375255181,0.0368640049115688,0.0212107437907984));
#7790=CARTESIAN_POINT('',(-0.0274274894813818,0.0381100114931465,0.021979818383611));
#7791=CARTESIAN_POINT('',(-0.0282254888143447,0.0384101814074261,0.0218070749053493));
#7792=CARTESIAN_POINT('',(-0.0282918731337422,0.0383185171648715,0.0210118211532875));
#7793=CARTESIAN_POINT('',(-0.0265530062831515,0.0390110959688097,0.0218934143746516));
#7794=CARTESIAN_POINT('',(-0.0269713688410071,0.039657295322965,0.0216933064810279));
#7795=CARTESIAN_POINT('',(-0.0269863946539775,0.0396637075641247,0.0209258285918789));
#7796=CARTESIAN_POINT('',(-0.0259595869611426,0.0392218652928879,0.0219218713235726));
#7797=CARTESIAN_POINT('',(-0.0261462131379683,0.0399612926072703,0.0217303945462787));
#7798=CARTESIAN_POINT('',(-0.0261005043775432,0.0399783560426129,0.0209541500316088));
#7799=CARTESIAN_POINT('',(-0.0256582383688575,0.0392566220127759,0.0219520202653496));
#7800=CARTESIAN_POINT('',(-0.0257281775886395,0.0400212992004448,0.021769539888207));
#7801=CARTESIAN_POINT('',(-0.0256506339800806,0.0400302428690726,0.0209841554069431));
#7802=CARTESIAN_POINT('',(-0.0256828252727748,0.0400263536170832,0.0209820338570873));
#7803=CARTESIAN_POINT('',(-0.0257326583758789,0.0400200595132113,0.0214291199119218));
#7804=CARTESIAN_POINT('',(-0.025757651295915,0.0396775489374409,0.0218438767268725));
#7805=CARTESIAN_POINT('',(-0.0257354563077993,0.0392461952877297,0.0219446251120274));
#7806=CARTESIAN_POINT('',(-0.00185,0.0389,0.0226004676596259));
#7807=CARTESIAN_POINT('',(-0.00185,0.0391221683191851,0.0235895536051007));
#7808=CARTESIAN_POINT('',(-0.00286363636363636,0.0391191387511962,0.0235760660694806));
#7809=CARTESIAN_POINT('',(-0.00185,0.0394277662497869,0.0225850050308942));
#7810=CARTESIAN_POINT('',(-0.00194701845562284,0.0396091345852382,0.0234788152510241));
#7811=CARTESIAN_POINT('',(-0.0028636368413595,0.0391883072009033,0.0235605294572308));
#7812=CARTESIAN_POINT('',(-0.0022477275811968,0.0399240112243204,0.0225697005010381));
#7813=CARTESIAN_POINT('',(-0.00236580281501324,0.0399697591522217,0.0233917007739362));
#7814=CARTESIAN_POINT('',(-0.00291576220434349,0.0392533439368264,0.0235451516999859));
#7815=CARTESIAN_POINT('',(-0.00277793958669665,0.0400283568464116,0.0225656250064728));
#7816=CARTESIAN_POINT('',(-0.0028235612764257,0.040037335186295,0.0233697993236014));
#7817=CARTESIAN_POINT('',(-0.00298525107959617,0.0392670199272394,0.0235410567050684));
#7818=CARTESIAN_POINT('',(-0.00276860582046913,0.0400264515054188,0.0225731445388034));
#7819=CARTESIAN_POINT('',(-0.00277707164996878,0.0400264515054188,0.0228019389938666));
#7820=CARTESIAN_POINT('',(-0.00281287495842279,0.0398673367099899,0.0232502080461747));
#7821=CARTESIAN_POINT('',(-0.00286911530978327,0.0394574815624174,0.0234998216581651));
#7822=CARTESIAN_POINT('',(-0.00293328334092487,0.0392461952877414,0.0235464997959197));
#7823=CARTESIAN_POINT('',(-1.02762174536789E-17,0.0390264515054188,-0.1812996));
#7824=CARTESIAN_POINT('',(2.82785611455311E-18,-0.004575,0.0203004));
#7825=CARTESIAN_POINT('',(-0.0172092835109079,0.00536078446758324,0.0203004));
#7826=CARTESIAN_POINT('',(-0.00428286389632254,0.02775,0.0203004));
#7827=CARTESIAN_POINT('',(-0.00546643194816127,0.0257,0.0203004));
#7828=CARTESIAN_POINT('',(0.0107849876664241,0.0016517155324168,0.0203004));
#7829=CARTESIAN_POINT('',(-0.00546643194816127,0.0298,0.0203004));
#7830=CARTESIAN_POINT('',(-4.88142082170364E-17,0.0298,0.0203004));
#7831=CARTESIAN_POINT('',(-0.00783356805183873,0.0298,0.0203004));
#7832=CARTESIAN_POINT('',(-0.020759987666424,0.00741078446758323,0.0203004));
#7833=CARTESIAN_POINT('',(-0.00901713610367746,0.02775,0.0203004));
#7834=CARTESIAN_POINT('',(0.00723428351090793,-0.000398284467583211,0.0203004));
#7835=CARTESIAN_POINT('',(-0.00783356805183873,0.0257,0.0203004));
#7836=CARTESIAN_POINT('',(2.82785611455311E-18,0.0257,0.0203004));
#7837=CARTESIAN_POINT('',(-0.0293445979298335,0.0123671115140508,0.0203004));
#7838=CARTESIAN_POINT('',(-0.0187312323139878,0.03075,0.0203004));
#7839=CARTESIAN_POINT('',(-0.0199148003658265,0.0287,0.0203004));
#7840=CARTESIAN_POINT('',(0.00124774945885168,-0.00385461151405078,0.0203004));
#7841=CARTESIAN_POINT('',(-0.0199148003658265,0.0328,0.0203004));
#7842=CARTESIAN_POINT('',(1.15125872370156E-16,0.0328,0.0203004));
#7843=CARTESIAN_POINT('',(-0.022281936469504,0.0328,0.0203004));
#7844=CARTESIAN_POINT('',(-0.0328953020853497,0.0144171115140509,0.0203004));
#7845=CARTESIAN_POINT('',(-0.0234655045213428,0.03075,0.0203004));
#7846=CARTESIAN_POINT('',(-0.00230295469666448,-0.00590461151405074,0.0203004));
#7847=CARTESIAN_POINT('',(-0.022281936469504,0.0287,0.0203004));
#7848=CARTESIAN_POINT('',(1.02806892660511E-16,0.0287,0.0203004));
#7849=CARTESIAN_POINT('',(-0.0193230163399072,0.029725,0.0225004));
#7850=CARTESIAN_POINT('',(-0.0199148003658265,0.0287,0.0225004));
#7851=CARTESIAN_POINT('',(-0.0199148003658265,0.0287,0.0226004));
#7852=CARTESIAN_POINT('',(-0.0297892566498255,0.0115969400189962,0.0226004));
#7853=CARTESIAN_POINT('',(-0.0187312323139878,0.03075,0.0226004));
#7854=CARTESIAN_POINT('',(-0.0187312323139878,0.03075,0.0225004));
#7855=CARTESIAN_POINT('',(-0.0210983684176652,0.0287,0.0225004));
#7856=CARTESIAN_POINT('',(-0.022281936469504,0.0287,0.0225004));
#7857=CARTESIAN_POINT('',(-0.022281936469504,0.0287,0.0226004));
#7858=CARTESIAN_POINT('',(9.19544391715598E-17,0.0287,0.0226004));
#7859=CARTESIAN_POINT('',(-0.0228737204954233,0.029725,0.0225004));
#7860=CARTESIAN_POINT('',(-0.0234655045213428,0.03075,0.0225004));
#7861=CARTESIAN_POINT('',(-0.0234655045213428,0.03075,0.0226004));
#7862=CARTESIAN_POINT('',(-0.0018582959766725,-0.00667478300910539,0.0226004));
#7863=CARTESIAN_POINT('',(-0.0228737204954234,0.031775,0.0225004));
#7864=CARTESIAN_POINT('',(-0.022281936469504,0.0328,0.0225004));
#7865=CARTESIAN_POINT('',(-0.022281936469504,0.0328,0.0226004));
#7866=CARTESIAN_POINT('',(-0.0333399608053417,0.0136469400189962,0.0226004));
#7867=CARTESIAN_POINT('',(-0.0210983684176652,0.0328,0.0225004));
#7868=CARTESIAN_POINT('',(-0.0199148003658265,0.0328,0.0225004));
#7869=CARTESIAN_POINT('',(-0.0199148003658265,0.0328,0.0226004));
#7870=CARTESIAN_POINT('',(1.04273418881205E-16,0.0328,0.0226004));
#7871=CARTESIAN_POINT('',(-0.0193230163399072,0.031775,0.0225004));
#7872=CARTESIAN_POINT('',(0.00169240817884366,-0.00462478300910543,0.0226004));
#7873=CARTESIAN_POINT('',(-1.11100370558695E-17,-0.00560189532673954,0.0226004));
#7874=CARTESIAN_POINT('',(-0.0048746479222419,0.026725,0.0225004));
#7875=CARTESIAN_POINT('',(-0.00546643194816127,0.0257,0.0225004));
#7876=CARTESIAN_POINT('',(-0.00546643194816127,0.0257,0.0226004));
#7877=CARTESIAN_POINT('',(-0.0176539422308999,0.00459061297252857,0.0226004));
#7878=CARTESIAN_POINT('',(-0.00428286389632254,0.02775,0.0226004));
#7879=CARTESIAN_POINT('',(-0.00428286389632254,0.02775,0.0225004));
#7880=CARTESIAN_POINT('',(-0.00665,0.0257,0.0225004));
#7881=CARTESIAN_POINT('',(-0.00783356805183873,0.0257,0.0225004));
#7882=CARTESIAN_POINT('',(-0.00783356805183873,0.0257,0.0226004));
#7883=CARTESIAN_POINT('',(-1.11100370558695E-17,0.0257,0.0226004));
#7884=CARTESIAN_POINT('',(-0.0084253520777581,0.026725,0.0225004));
#7885=CARTESIAN_POINT('',(-0.00901713610367746,0.02775,0.0225004));
#7886=CARTESIAN_POINT('',(-0.00901713610367746,0.02775,0.0226004));
#7887=CARTESIAN_POINT('',(0.00767894223089991,-0.00116845596263787,0.0226004));
#7888=CARTESIAN_POINT('',(-0.00842535207775809,0.028775,0.0225004));
#7889=CARTESIAN_POINT('',(-0.00783356805183873,0.0298,0.0225004));
#7890=CARTESIAN_POINT('',(-0.00783356805183873,0.0298,0.0226004));
#7891=CARTESIAN_POINT('',(-0.0212046463864161,0.00664061297252856,0.0226004));
#7892=CARTESIAN_POINT('',(-0.00665,0.0298,0.0225004));
#7893=CARTESIAN_POINT('',(-0.00546643194816127,0.0298,0.0225004));
#7894=CARTESIAN_POINT('',(-0.00546643194816127,0.0298,0.0226004));
#7895=CARTESIAN_POINT('',(-6.42948212281948E-17,0.0298,0.0226004));
#7896=CARTESIAN_POINT('',(-0.0048746479222419,0.028775,0.0225004));
#7897=CARTESIAN_POINT('',(0.0112296463864161,0.00088154403736214,0.0226004));
#7898=CARTESIAN_POINT('',(-1.11100370558695E-17,-0.00560189532673954,0.0226004));
#7899=CARTESIAN_POINT('',(0.,0.,0.));
#7900=CARTESIAN_POINT('',(2.90133492250195E-18,-0.004575,0.0203004));
#7901=CARTESIAN_POINT('',(0.0310279807337013,0.0325240996797747,0.0203004));
#7902=CARTESIAN_POINT('',(0.0319543945736149,0.0332166220120344,0.0203004));
#7903=CARTESIAN_POINT('',(0.0341677550427004,0.0340452258784252,0.0203004));
#7904=CARTESIAN_POINT('',(0.0376802889330312,0.0333570926425413,0.0203004));
#7905=CARTESIAN_POINT('',(0.0403191528518902,0.030976183886737,0.0203004));
#7906=CARTESIAN_POINT('',(0.0410322841186581,0.0287132284692322,0.0203004));
#7907=CARTESIAN_POINT('',(0.0410631723738928,0.027557305034947,0.0203004));
#7908=CARTESIAN_POINT('',(0.0310279807337013,0.0325240996797747,0.0203004));
#7909=CARTESIAN_POINT('',(0.0410631723738928,0.027557305034947,0.0203004));
#7910=CARTESIAN_POINT('',(0.0410631723738933,0.027557305034947,0.0203004));
#7911=CARTESIAN_POINT('',(0.0410889244748498,0.0265935906149696,0.0203004));
#7912=CARTESIAN_POINT('',(0.0411,0.0256296892768233,0.0203004));
#7913=CARTESIAN_POINT('',(0.0411,0.0246656468828268,0.0203004));
#7914=CARTESIAN_POINT('',(0.0411,0.0246656468828268,0.0203004));
#7915=CARTESIAN_POINT('',(0.0411,0.0126883505,0.0203004));
#7916=CARTESIAN_POINT('',(0.0411,-0.005373299,0.0203004));
#7917=CARTESIAN_POINT('',(0.03995,-0.005373299,0.0203004));
#7918=CARTESIAN_POINT('',(0.03995,-0.006523299,0.0203004));
#7919=CARTESIAN_POINT('',(4.13689075379718E-18,-0.006523299,0.0203004));
#7920=CARTESIAN_POINT('',(0.0303133242213179,-0.006523299,0.0203004));
#7921=CARTESIAN_POINT('',(0.0303133242213179,-0.005373299,0.0203004));
#7922=CARTESIAN_POINT('',(0.0291647797408372,-0.0054311399576052,0.0203004));
#7923=CARTESIAN_POINT('',(1.13146770872796E-17,-0.006899999,0.0203004));
#7924=CARTESIAN_POINT('',(0.0229168005614939,0.011198679853523,0.0203004));
#7925=CARTESIAN_POINT('',(0.0238192897566867,0.0119114303376059,0.0203004));
#7926=CARTESIAN_POINT('',(0.0227386432427829,0.0123047535024304,0.0203004));
#7927=CARTESIAN_POINT('',(0.0146536790685282,-0.00990850300343395,0.0203004));
#7928=CARTESIAN_POINT('',(0.0293410087719914,0.0304446037089163,0.0203004));
#7929=CARTESIAN_POINT('',(0.0326299329447421,0.0292475332072765,0.0203004));
#7930=CARTESIAN_POINT('',(0.0299173510813644,0.0314592971265237,0.0203004));
#7931=CARTESIAN_POINT('',(0.0348,0.027478123990706,0.0203004));
#7932=CARTESIAN_POINT('',(0.0127129545761651,-0.0119148277467444,0.0203004));
#7933=CARTESIAN_POINT('',(0.0324664319481613,0.0222991986877153,0.0203004));
#7934=CARTESIAN_POINT('',(0.0312828638963225,0.0202491986877152,0.0203004));
#7935=CARTESIAN_POINT('',(0.0342113412683188,0.0151769270906022,0.0203004));
#7936=CARTESIAN_POINT('',(0.0324664319481613,0.0181991986877152,0.0203004));
#7937=CARTESIAN_POINT('',(-7.99694366899539E-17,0.0181991986877151,0.0203004));
#7938=CARTESIAN_POINT('',(0.0348335680518388,0.0181991986877152,0.0203004));
#7939=CARTESIAN_POINT('',(0.0162636587316814,-0.0139648277467444,0.0203004));
#7940=CARTESIAN_POINT('',(0.0360171361036775,0.0202491986877152,0.0203004));
#7941=CARTESIAN_POINT('',(0.0377620454238349,0.0172269270906021,0.0203004));
#7942=CARTESIAN_POINT('',(0.0348335680518388,0.0222991986877153,0.0203004));
#7943=CARTESIAN_POINT('',(-5.4515018809497E-17,0.0222991986877152,0.0203004));
#7944=CARTESIAN_POINT('',(0.0222273251672432,-0.0174079521686732,0.0203004));
#7945=CARTESIAN_POINT('',(0.0324664319481613,0.000326701000000017,0.0203004));
#7946=CARTESIAN_POINT('',(0.0312828638963225,-0.001723299,0.0203004));
#7947=CARTESIAN_POINT('',(0.0246969706772407,0.00968380266867321,0.0203004));
#7948=CARTESIAN_POINT('',(0.0324664319481613,-0.003773299,0.0203004));
#7949=CARTESIAN_POINT('',(2.39291894245721E-18,-0.003773299,0.0203004));
#7950=CARTESIAN_POINT('',(0.0348335680518388,-0.003773299,0.0203004));
#7951=CARTESIAN_POINT('',(0.0257780293227594,-0.0194579521686731,0.0203004));
#7952=CARTESIAN_POINT('',(0.0360171361036775,-0.001723299,0.0203004));
#7953=CARTESIAN_POINT('',(0.0282476748327568,0.0117338026686732,0.0203004));
#7954=CARTESIAN_POINT('',(0.0348335680518388,0.000326701000000019,0.0203004));
#7955=CARTESIAN_POINT('',(-1.1276716067268E-18,0.00032670099999999,0.0203004));
#7956=CARTESIAN_POINT('',(2.13240157950717E-18,-0.006899999,-0.1806996));
#7957=CARTESIAN_POINT('',(0.0169679154481353,-0.0130758151606669,-0.1806996));
#7958=CARTESIAN_POINT('',(0.0326261748464411,0.0299448989641413,0.0234522704516358));
#7959=CARTESIAN_POINT('',(0.026279258719522,0.0125068902222586,0.0267438217126863));
#7960=CARTESIAN_POINT('',(2.75368938199687E-17,-0.006899999,0.0267438217126863));
#7961=CARTESIAN_POINT('',(0.0324883332076302,-0.00347436131884057,0.0267438217126863));
#7962=CARTESIAN_POINT('',(-4.0040439331371E-20,-0.00347436131884059,-0.1806996));
#7963=CARTESIAN_POINT('',(0.0386521739130435,-0.00347436131884056,0.0256842037692718));
#7964=CARTESIAN_POINT('',(0.0386521739130435,-0.006899999,-0.1806996));
#7965=CARTESIAN_POINT('',(0.0386521739130435,0.027976357657238,0.0227448621957378));
#7966=CARTESIAN_POINT('',(0.0386521739130435,0.027976357657238,0.0227448621957378));
#7967=CARTESIAN_POINT('',(0.0386521739130435,0.028666943156615,0.0226264755563639));
#7968=CARTESIAN_POINT('',(0.0382152861541949,0.0300432030806941,0.0224661619002423));
#7969=CARTESIAN_POINT('',(0.0364587989767845,0.0313551168630787,0.0225462070680202));
#7970=CARTESIAN_POINT('',(0.0343049454737389,0.031390620648744,0.0229140459836393));
#7971=CARTESIAN_POINT('',(0.0331398540194252,0.0306195084684065,0.0232477634288047));
#7972=CARTESIAN_POINT('',(0.0327097034731891,0.0300919569081554,0.0234123067981707));
#7973=CARTESIAN_POINT('',(0.0327097034731908,0.030091956908154,0.0234123067981707));
#7974=CARTESIAN_POINT('',(0.0327097034731908,0.030091956908154,0.0234123067981707));
#7975=CARTESIAN_POINT('',(0.032673644217021,0.030047732833186,0.0234261003227732));
#7976=CARTESIAN_POINT('',(0.0326457686726652,0.0299987325592525,0.0234394233250657));
#7977=CARTESIAN_POINT('',(0.0326261748464411,0.0299448989641413,0.0234522704516358));
#7978=CARTESIAN_POINT('',(0.0326299329447421,0.0292475332072765,0.0293024));
#7979=CARTESIAN_POINT('',(0.0293410087719914,0.0304446037089163,0.0293024));
#7980=CARTESIAN_POINT('',(0.0293410087719914,0.0304446037089163,0.0205358151594696));
#7981=CARTESIAN_POINT('',(0.0293410087719914,0.0304446037089163,0.0205358151594696));
#7982=CARTESIAN_POINT('',(0.0294759428370706,0.0308153320058366,0.0205231762292789));
#7983=CARTESIAN_POINT('',(0.0296680618288256,0.0311535603815601,0.0205100454635394));
#7984=CARTESIAN_POINT('',(0.0299173510875772,0.0314592971341413,0.0204964226999918));
#7985=CARTESIAN_POINT('',(0.0299173510813644,0.0314592971265237,0.0204964226999917));
#7986=CARTESIAN_POINT('',(0.0299173510813644,0.0314592971265237,0.0293024));
#7987=CARTESIAN_POINT('',(0.0348,0.027478123990706,0.0293024));
#7988=CARTESIAN_POINT('',(0.029917351081365,0.0314592971265233,0.0204964224153398));
#7989=CARTESIAN_POINT('',(0.0302438855872687,0.0318597703784409,0.0204309946060537));
#7990=CARTESIAN_POINT('',(0.0306140935746709,0.0322147065248852,0.0203656537123243));
#7991=CARTESIAN_POINT('',(0.0310279807337014,0.0325240996797747,0.0203004));
#7992=CARTESIAN_POINT('',(0.03995,-0.005373299,0.0293024));
#7993=CARTESIAN_POINT('',(0.0411,-0.005373299,0.0293024));
#7994=CARTESIAN_POINT('',(0.0411,-0.005373299,0.0223806683598533));
#7995=CARTESIAN_POINT('',(0.03995,-0.005373299,0.0223806683598533));
#7996=CARTESIAN_POINT('',(0.03995,-0.006523299,0.0223806683598533));
#7997=CARTESIAN_POINT('',(0.03995,-0.006523299,0.0293024));
#7998=CARTESIAN_POINT('',(0.0303133242213179,-0.005373299,0.0293024));
#7999=CARTESIAN_POINT('',(0.0303133242213179,-0.006523299,0.0293024));
#8000=CARTESIAN_POINT('',(0.0303133242213179,-0.006523299,0.023780344259648));
#8001=CARTESIAN_POINT('',(0.0303133242213179,-0.005373299,0.023780344259648));
#8002=CARTESIAN_POINT('',(0.0291647797408372,-0.0054311399576052,0.023780344259648));
#8003=CARTESIAN_POINT('',(0.0291647797408372,-0.0054311399576052,0.0293024));
#8004=CARTESIAN_POINT('',(1.2417104135872E-17,-0.006899999,0.0293024));
#8005=CARTESIAN_POINT('',(1.17408473471585E-17,-0.006899999,0.023780344259648));
#8006=CARTESIAN_POINT('',(0.0229168005614939,0.011198679853523,0.023780344259648));
#8007=CARTESIAN_POINT('',(0.0229168005614939,0.011198679853523,0.0293024));
#8008=CARTESIAN_POINT('',(0.0238192897566867,0.0119114303376059,0.0293024));
#8009=CARTESIAN_POINT('',(0.0238192897566867,0.0119114303376059,0.023780344259648));
#8010=CARTESIAN_POINT('',(0.0227386432427829,0.0123047535024304,0.023780344259648));
#8011=CARTESIAN_POINT('',(0.0227386432427829,0.0123047535024304,0.0293024));
#8012=CARTESIAN_POINT('',(0.0146536790685282,-0.00990850300343395,0.0293024));
#8013=CARTESIAN_POINT('',(0.0227386432427829,0.0123047535024304,0.023780344259648));
#8014=CARTESIAN_POINT('',(0.0227386432427829,0.0123047535024304,0.0238236148356092));
#8015=CARTESIAN_POINT('',(0.0227392527808864,0.012306428194606,0.0238668119581807));
#8016=CARTESIAN_POINT('',(0.0227404700434377,0.0123097725959795,0.0239099358459199));
#8017=CARTESIAN_POINT('',(0.0227404700434377,0.0123097725959794,0.0239099358459199));
#8018=CARTESIAN_POINT('',(0.0139064387936614,-0.0119615287855375,-0.1806996));
#8019=CARTESIAN_POINT('',(0.0411,0.0126883505,0.0293024));
#8020=CARTESIAN_POINT('',(0.0411,-0.006899999,-0.1806996));
#8021=CARTESIAN_POINT('',(0.0411,-0.00533589597291496,0.0227578736442992));
#8022=CARTESIAN_POINT('',(0.0411,-0.00533589597291496,0.0227578736442992));
#8023=CARTESIAN_POINT('',(0.0411,-0.00536084154921569,0.0226333758366417));
#8024=CARTESIAN_POINT('',(0.0411,-0.005373299,0.0225076397279418));
#8025=CARTESIAN_POINT('',(0.0411,-0.005373299,0.0223806683598533));
#8026=CARTESIAN_POINT('',(5.23931780238963E-18,-0.006523299,0.0293024));
#8027=CARTESIAN_POINT('',(1.893509149932E-18,-0.006523299,-0.1806996));
#8028=CARTESIAN_POINT('',(0.0303314178638994,-0.006523299,0.0240382885000907));
#8029=CARTESIAN_POINT('',(0.0303314178638994,-0.006523299,0.0240382885000907));
#8030=CARTESIAN_POINT('',(0.0303193555938612,-0.006523299,0.023952730138385));
#8031=CARTESIAN_POINT('',(0.0303133242213179,-0.006523299,0.0238667487360116));
#8032=CARTESIAN_POINT('',(0.0303133242213179,-0.006523299,0.023780344259648));
#8033=CARTESIAN_POINT('',(0.0411,-0.005373299,0.0223806683598533));
#8034=CARTESIAN_POINT('',(0.0411,-0.00652329899999999,0.0223806683598533));
#8035=CARTESIAN_POINT('',(0.03995,-0.006523299,0.0223806683598533));
#8036=CARTESIAN_POINT('',(0.0411,-0.0053732989941487,0.02250851882294));
#8037=CARTESIAN_POINT('',(0.0411000000000002,-0.00650834507578875,0.02258370373128));
#8038=CARTESIAN_POINT('',(0.0399650517785244,-0.006523299,0.0225850324455853));
#8039=CARTESIAN_POINT('',(0.0411,-0.0053606710555106,0.0226342267262154));
#8040=CARTESIAN_POINT('',(0.0410999999999996,-0.00647392726752545,0.0227818126500646));
#8041=CARTESIAN_POINT('',(0.0399798244962906,-0.00650282125420171,0.0227859798010366));
#8042=CARTESIAN_POINT('',(0.0411,-0.00533589597291496,0.0227578736442992));
#8043=CARTESIAN_POINT('',(0.0411,-0.00642082340513946,0.0229752601232304));
#8044=CARTESIAN_POINT('',(0.0399943304700486,-0.0064626454425648,0.022983639988268));
#8045=CARTESIAN_POINT('',(0.03995,-0.00533589597291496,0.0227578736442992));
#8046=CARTESIAN_POINT('',(0.0399943304700486,-0.0064626454425648,0.022983639988268));
#8047=CARTESIAN_POINT('',(0.03995,-0.006523299,0.0223806683598533));
#8048=CARTESIAN_POINT('',(0.0399649521499477,-0.006523299,0.0225836797479328));
#8049=CARTESIAN_POINT('',(0.0399797284415006,-0.00650308728781535,0.0227846709474941));
#8050=CARTESIAN_POINT('',(0.0399943304700486,-0.0064626454425648,0.022983639988268));
#8051=CARTESIAN_POINT('',(0.0411,-0.00533589597291496,0.022757873644299));
#8052=CARTESIAN_POINT('',(0.0411,-0.00642082340513949,0.0229752601232303));
#8053=CARTESIAN_POINT('',(0.0399943304700486,-0.00646264544256481,0.022983639988268));
#8054=CARTESIAN_POINT('',(0.0411000000000001,-0.00528160988098637,0.0231872135543165));
#8055=CARTESIAN_POINT('',(0.0410708145811301,-0.00628201077189895,0.0235253755367712));
#8056=CARTESIAN_POINT('',(0.0400253738049029,-0.00637666759208665,0.0234066407337428));
#8057=CARTESIAN_POINT('',(0.0409152015929488,-0.00506897609668207,0.0239824271418159));
#8058=CARTESIAN_POINT('',(0.0407579130602788,-0.00580690955492969,0.0243649269443157));
#8059=CARTESIAN_POINT('',(0.0399658199942609,-0.00603618080729003,0.0241762789069811));
#8060=CARTESIAN_POINT('',(0.0403092227442539,-0.00458878547148915,0.0248622219500962));
#8061=CARTESIAN_POINT('',(0.040081902669217,-0.00499891556144435,0.0250862203096704));
#8062=CARTESIAN_POINT('',(0.0396446511617611,-0.00526549116870171,0.0249979156132082));
#8063=CARTESIAN_POINT('',(0.0395315083580569,-0.00404206730731584,0.0254352883852469));
#8064=CARTESIAN_POINT('',(0.0393788747523891,-0.0042254226193959,0.0255005898027017));
#8065=CARTESIAN_POINT('',(0.0391920659480695,-0.00438749181334023,0.0255045936558779));
#8066=CARTESIAN_POINT('',(0.0389511999000586,-0.00366332625784287,0.0256313378038235));
#8067=CARTESIAN_POINT('',(0.0388945678300791,-0.00372093487920559,0.0256429002366438));
#8068=CARTESIAN_POINT('',(0.0388379357253353,-0.0037785434651799,0.0256544626755398));
#8069=CARTESIAN_POINT('',(0.0386521739130435,-0.00347436131884056,0.0256842037692718));
#8070=CARTESIAN_POINT('',(0.0386521739130435,-0.00347436131884056,0.0256842037692718));
#8071=CARTESIAN_POINT('',(0.0386521739130435,-0.00347436131884056,0.0256842037692718));
#8072=CARTESIAN_POINT('',(0.0411,-0.00533589597291496,0.0227578736442992));
#8073=CARTESIAN_POINT('',(0.0411000000000001,-0.0052392506235342,0.0235222265164402));
#8074=CARTESIAN_POINT('',(0.0405020324994765,-0.00469832936773336,0.0249290376925687));
#8075=CARTESIAN_POINT('',(0.0392874073566068,-0.00387578663325127,0.0255718983682206));
#8076=CARTESIAN_POINT('',(0.0386521739130435,-0.00347436131884056,0.0256842037692718));
#8077=CARTESIAN_POINT('',(0.0399943304700486,-0.0064626454425648,0.022983639988268));
#8078=CARTESIAN_POINT('',(0.0400496007684461,-0.0063095685705825,0.0237367598865886));
#8079=CARTESIAN_POINT('',(0.0397721695139831,-0.00544140928193619,0.025078025529571));
#8080=CARTESIAN_POINT('',(0.0390468271169186,-0.00412059993922612,0.0256210184579036));
#8081=CARTESIAN_POINT('',(0.0386521739130435,-0.00347436131884056,0.0256842037692718));
#8082=CARTESIAN_POINT('',(-9.00555334796337E-21,-0.003523299,-0.1806996));
#8083=CARTESIAN_POINT('',(0.0303314178638994,-0.006523299,0.0240382885000907));
#8084=CARTESIAN_POINT('',(0.0304541361601019,-0.00652329899999998,0.024892113917282));
#8085=CARTESIAN_POINT('',(0.0311477359304761,-0.00573176281233601,0.0264291926747802));
#8086=CARTESIAN_POINT('',(0.0320794607631213,-0.00421817571734757,0.0268201394995664));
#8087=CARTESIAN_POINT('',(0.0324883332076302,-0.00347436131884057,0.0267438217126863));
#8088=CARTESIAN_POINT('',(0.0381,-0.006899999,-0.1806996));
#8089=CARTESIAN_POINT('',(0.0381000000000005,0.0274781239907059,0.0198385127357986));
#8090=CARTESIAN_POINT('',(0.0303314178638994,-0.006523299,0.0240382885000907));
#8091=CARTESIAN_POINT('',(0.0292480215136059,-0.006523299,0.0241910289111401));
#8092=CARTESIAN_POINT('',(0.0291940908354372,-0.00543054515915235,0.0241986322171226));
#8093=CARTESIAN_POINT('',(0.0303653584700642,-0.00652329899999999,0.0242744337571605));
#8094=CARTESIAN_POINT('',(0.0292922948638897,-0.00652390990883863,0.0245094899741874));
#8095=CARTESIAN_POINT('',(0.0292273623397015,-0.00542986548486556,0.0244348715317712));
#8096=CARTESIAN_POINT('',(0.0304644316901214,-0.00646689966681408,0.0247309855648759));
#8097=CARTESIAN_POINT('',(0.0294674130559257,-0.00642993635192482,0.0251027683471385));
#8098=CARTESIAN_POINT('',(0.0293465727994102,-0.00539395367018847,0.0248885927144987));
#8099=CARTESIAN_POINT('',(0.0307691562592493,-0.00615190878730219,0.0255517268355532));
#8100=CARTESIAN_POINT('',(0.0300356087371306,-0.00597367261152212,0.0259913798250127));
#8101=CARTESIAN_POINT('',(0.0297681652172018,-0.00519713176588746,0.0256929035843013));
#8102=CARTESIAN_POINT('',(0.0312642330086929,-0.00549114543125372,0.0262852069330046));
#8103=CARTESIAN_POINT('',(0.0308201425209449,-0.00523953935352861,0.0265474409003618));
#8104=CARTESIAN_POINT('',(0.0305101328492434,-0.00478202518786655,0.0263916575000549));
#8105=CARTESIAN_POINT('',(0.0318900971509133,-0.00452379358090096,0.0267306822933865));
#8106=CARTESIAN_POINT('',(0.0316856838180087,-0.00435823980365849,0.0267997015364783));
#8107=CARTESIAN_POINT('',(0.0314975956696687,-0.00416224442124226,0.0267861828476684));
#8108=CARTESIAN_POINT('',(0.0322968302918947,-0.00382273823487721,0.0267795665127203));
#8109=CARTESIAN_POINT('',(0.0322316347219544,-0.00376341422360038,0.0267887973303109));
#8110=CARTESIAN_POINT('',(0.0321664391889746,-0.00370409017137001,0.0267980281457294));
#8111=CARTESIAN_POINT('',(0.0324883332076303,-0.00347436131884057,0.0267438217126863));
#8112=CARTESIAN_POINT('',(0.0324883332076303,-0.00347436131884057,0.0267438217126863));
#8113=CARTESIAN_POINT('',(0.0324883332076303,-0.00347436131884056,0.0267438217126863));
#8114=CARTESIAN_POINT('',(0.0303314178638994,-0.005373299,0.0240382885000907));
#8115=CARTESIAN_POINT('',(0.0291940908354372,-0.00543054515915234,0.0241986322171226));
#8116=CARTESIAN_POINT('',(0.0291940908354372,-0.00543054515915234,0.0241986322171226));
#8117=CARTESIAN_POINT('',(0.0293141237994786,-0.00542809314608439,0.0250509082225108));
#8118=CARTESIAN_POINT('',(0.0303019813141021,-0.00494142152306626,0.0265485403731406));
#8119=CARTESIAN_POINT('',(0.0318024414740231,-0.00396383351123909,0.0268593242115081));
#8120=CARTESIAN_POINT('',(0.0324883332076302,-0.00347436131884057,0.0267438217126863));
#8121=CARTESIAN_POINT('',(0.0303133242213179,-0.006523299,0.023780344259648));
#8122=CARTESIAN_POINT('',(0.0292197852294421,-0.006523299,0.023780344259648));
#8123=CARTESIAN_POINT('',(0.0291647799581969,-0.00543114427337565,0.023780344259648));
#8124=CARTESIAN_POINT('',(0.0303133242256516,-0.006523299,0.0238673530852003));
#8125=CARTESIAN_POINT('',(0.0292197852362018,-0.00652329899999763,0.0239188493770015));
#8126=CARTESIAN_POINT('',(0.0291647799582073,-0.00543114427358257,0.0239214396524353));
#8127=CARTESIAN_POINT('',(0.0303194387957068,-0.00652329899999998,0.0239533202990728));
#8128=CARTESIAN_POINT('',(0.0292293269213513,-0.00652329899999953,0.0240557192694331));
#8129=CARTESIAN_POINT('',(0.0291746852736951,-0.00543094157266069,0.0240608459450344));
#8130=CARTESIAN_POINT('',(0.0303314178638994,-0.00652329899999998,0.0240382885000907));
#8131=CARTESIAN_POINT('',(0.0292480215136059,-0.00652329899999998,0.0241910289111401));
#8132=CARTESIAN_POINT('',(0.0291940908354372,-0.00543054515915233,0.0241986322171226));
#8133=CARTESIAN_POINT('',(0.029164779958197,-0.00543114427337564,0.023780344259648));
#8134=CARTESIAN_POINT('',(0.029164779958197,-0.00543114427337564,0.0239204585028695));
#8135=CARTESIAN_POINT('',(0.0291745503325804,-0.00543094432923651,0.0240598878159409));
#8136=CARTESIAN_POINT('',(0.0291940908354372,-0.00543054515915235,0.0241986322171226));
#8137=CARTESIAN_POINT('',(0.0327097034731891,0.0300919569081554,0.0234123067981708));
#8138=CARTESIAN_POINT('',(0.030367000167886,0.032010762373366,0.0234399816328501));
#8139=CARTESIAN_POINT('',(0.029917351081365,0.0314592971265233,0.0204964224153397));
#8140=CARTESIAN_POINT('',(0.0331399338330406,0.030619606338557,0.0232477329010022));
#8141=CARTESIAN_POINT('',(0.031255509392751,0.032876871690292,0.0231406264802392));
#8142=CARTESIAN_POINT('',(0.0307269663800646,0.0324522374302597,0.0203341995736537));
#8143=CARTESIAN_POINT('',(0.0343053152320435,0.0313910147066822,0.022913914397448));
#8144=CARTESIAN_POINT('',(0.0334513004809711,0.0340121051396076,0.0225704839080205));
#8145=CARTESIAN_POINT('',(0.0329200023076298,0.0339038877054606,0.0200051499061429));
#8146=CARTESIAN_POINT('',(0.0364595575742821,0.0313542201887564,0.0225462289847481));
#8147=CARTESIAN_POINT('',(0.0371865392316736,0.0336871034294597,0.0219821742478191));
#8148=CARTESIAN_POINT('',(0.0369738947045718,0.033834647119699,0.0196427171420911));
#8149=CARTESIAN_POINT('',(0.0382162162802679,0.0300449053936315,0.0224657087969445));
#8150=CARTESIAN_POINT('',(0.0401667347325985,0.031398781889086,0.0218580030143695));
#8151=CARTESIAN_POINT('',(0.0402796070063926,0.0313707547305758,0.0195633472426864));
#8152=CARTESIAN_POINT('',(0.0386521739195928,0.0286598080931,0.0226276987145864));
#8153=CARTESIAN_POINT('',(0.0410153103266106,0.0290692769744308,0.0221085342165276));
#8154=CARTESIAN_POINT('',(0.0411000000000001,0.0287642534472965,0.0197230230187131));
#8155=CARTESIAN_POINT('',(0.0386521739130435,0.0279763576572379,0.0227448621957378));
#8156=CARTESIAN_POINT('',(0.0411000000000001,0.0278989088498332,0.0222930795991499));
#8157=CARTESIAN_POINT('',(0.0411,0.0274781239907058,0.0198385127357987));
#8158=CARTESIAN_POINT('',(0.0322424219950007,0.0295635003951818,0.0204964224153397));
#8159=CARTESIAN_POINT('',(1.17408473471585E-17,-0.006899999,0.023780344259648));
#8160=CARTESIAN_POINT('',(0.0229167985484668,0.0111986824024382,0.023780344259648));
#8161=CARTESIAN_POINT('',(0.0229167985484668,0.0111986824024382,0.023850491474576));
#8162=CARTESIAN_POINT('',(0.0229181689799509,0.0112009119888187,0.0239205409472539));
#8163=CARTESIAN_POINT('',(0.0229209080444674,0.0112053691163842,0.0239904927779267));
#8164=CARTESIAN_POINT('',(0.0229209080444674,0.0112053691163842,0.0239904927779267));
#8165=CARTESIAN_POINT('',(0.0229209080444674,0.0112053691163842,0.0239904927779267));
#8166=CARTESIAN_POINT('',(0.0229543390317789,0.0112597695053463,0.0248442728731345));
#8167=CARTESIAN_POINT('',(0.0237820627122988,0.0116461539354292,0.0264478667775024));
#8168=CARTESIAN_POINT('',(0.0254827442985285,0.0122524888680496,0.0268685253414091));
#8169=CARTESIAN_POINT('',(0.026279258719522,0.0125068902222586,0.0267438217126863));
#8170=CARTESIAN_POINT('',(0.0229167985484668,0.0111986824024382,0.023780344259648));
#8171=CARTESIAN_POINT('',(0.0225192720005759,0.0117020359679889,0.023780344259648));
#8172=CARTESIAN_POINT('',(0.0227386432427829,0.0123047535024304,0.023780344259648));
#8173=CARTESIAN_POINT('',(0.0229167985474939,0.0111986824036701,0.0238509060811023));
#8174=CARTESIAN_POINT('',(0.0225192720018336,0.011702035971438,0.0238415887740667));
#8175=CARTESIAN_POINT('',(0.0227386432438462,0.0123047535053519,0.0238238573828782));
#8176=CARTESIAN_POINT('',(0.022918184974441,0.0112009380140187,0.0239209494084881));
#8177=CARTESIAN_POINT('',(0.0225199997096143,0.011704035332139,0.0239024015092597));
#8178=CARTESIAN_POINT('',(0.0227392595211118,0.0123064467132231,0.0238670507682189));
#8179=CARTESIAN_POINT('',(0.0229209080444672,0.0112053691163839,0.0239904927779269));
#8180=CARTESIAN_POINT('',(0.0225214285739859,0.0117079611047362,0.0239627912417415));
#8181=CARTESIAN_POINT('',(0.0227404700434376,0.0123097725959791,0.02390993584592));
#8182=CARTESIAN_POINT('',(0.0238211165573416,0.0119164494311549,0.0239099358459199));
#8183=CARTESIAN_POINT('',(0.0326261748464411,0.0299448989641413,0.0234522704516358));
#8184=CARTESIAN_POINT('',(0.0295857415752263,0.0311170015596043,0.0237266333896698));
#8185=CARTESIAN_POINT('',(0.0293410087719913,0.0304446037089161,0.0205358151594696));
#8186=CARTESIAN_POINT('',(0.0326457687033337,0.0299987325290019,0.023439423325624));
#8187=CARTESIAN_POINT('',(0.0297986279277178,0.0314687553080076,0.0236291275549226));
#8188=CARTESIAN_POINT('',(0.0294762061305605,0.030816055398755,0.0205231515637427));
#8189=CARTESIAN_POINT('',(0.0326736442395446,0.0300477328077797,0.0234261003237681));
#8190=CARTESIAN_POINT('',(0.030061540145386,0.0317645121469167,0.0235335615935739));
#8191=CARTESIAN_POINT('',(0.0296685474051074,0.0311541573760309,0.0205100188904868));
#8192=CARTESIAN_POINT('',(0.0327097034731909,0.0300919569081539,0.0234123067981707));
#8193=CARTESIAN_POINT('',(0.0303670066562343,0.0320107672333844,0.0234399797122687));
#8194=CARTESIAN_POINT('',(0.0299173562965643,0.0314593035226032,0.0204964224153397));
#8195=CARTESIAN_POINT('',(0.0321600866343491,0.0294185432789393,0.0205358151594696));
#8196=CARTESIAN_POINT('',(0.0229209080444673,0.0112053691163842,0.0239904927779267));
#8197=CARTESIAN_POINT('',(0.022521428573986,0.0117079611047365,0.0239627912417414));
#8198=CARTESIAN_POINT('',(0.0227404700434378,0.0123097725959794,0.0239099358459199));
#8199=CARTESIAN_POINT('',(0.0229383436776347,0.0112337411401991,0.0244357740484013));
#8200=CARTESIAN_POINT('',(0.0225307541215216,0.0117457086193382,0.0244630057897023));
#8201=CARTESIAN_POINT('',(0.0227555505118284,0.0123512058423575,0.0243542901646427));
#8202=CARTESIAN_POINT('',(0.0231733185530681,0.0113627404627963,0.0252999417325932));
#8203=CARTESIAN_POINT('',(0.0228327875223987,0.0118654941085924,0.0254106294341343));
#8204=CARTESIAN_POINT('',(0.0229999083272912,0.0124288656383621,0.0252220874567209));
#8205=CARTESIAN_POINT('',(0.0240069142636804,0.0117111374713002,0.0262681040447842));
#8206=CARTESIAN_POINT('',(0.0238580789445447,0.0121045586464814,0.0263552432519928));
#8207=CARTESIAN_POINT('',(0.0238810581400919,0.0125078220182908,0.0262094867587262));
#8208=CARTESIAN_POINT('',(0.0251021022873643,0.0121178202313748,0.0267756652179422));
#8209=CARTESIAN_POINT('',(0.025059828576983,0.0123275639206711,0.0267858089895537));
#8210=CARTESIAN_POINT('',(0.0250388450750148,0.0125366611488333,0.026744494956623));
#8211=CARTESIAN_POINT('',(0.0258944684801409,0.0123840037588262,0.0268040639037041));
#8212=CARTESIAN_POINT('',(0.0258843369847501,0.0124530139458543,0.0267988912886718));
#8213=CARTESIAN_POINT('',(0.0258742055288932,0.0125220241383448,0.0267937186690384));
#8214=CARTESIAN_POINT('',(0.026279258719522,0.0125068902222586,0.0267438217126863));
#8215=CARTESIAN_POINT('',(0.026279258719522,0.0125068902222586,0.0267438217126863));
#8216=CARTESIAN_POINT('',(0.026279258719522,0.0125068902222586,0.0267438217126863));
#8217=CARTESIAN_POINT('',(0.0227404700434377,0.0123097725959794,0.0239099358459199));
#8218=CARTESIAN_POINT('',(0.0227694089573091,0.0123892816083843,0.0247626370490907));
#8219=CARTESIAN_POINT('',(0.0236443375728156,0.0125294596176273,0.0263831655157102));
#8220=CARTESIAN_POINT('',(0.0254401491989959,0.0125382451064403,0.0268471880920248));
#8221=CARTESIAN_POINT('',(0.026279258719522,0.0125068902222586,0.0267438217126863));
#8222=CARTESIAN_POINT('',(0.0167255166560192,-0.0129875892155145,-0.1806996));
#8223=CARTESIAN_POINT('',(0.0318746479222419,0.0192241986877152,0.0225004));
#8224=CARTESIAN_POINT('',(0.0312828638963225,0.0202491986877152,0.0225004));
#8225=CARTESIAN_POINT('',(0.0312828638963225,0.0202491986877152,0.0226004));
#8226=CARTESIAN_POINT('',(0.0381201016034485,0.00840675559554749,0.0226004));
#8227=CARTESIAN_POINT('',(0.0324664319481613,0.0181991986877152,0.0226004));
#8228=CARTESIAN_POINT('',(0.0324664319481613,0.0181991986877152,0.0225004));
#8229=CARTESIAN_POINT('',(0.0318746479222419,0.0212741986877152,0.0225004));
#8230=CARTESIAN_POINT('',(0.0324664319481613,0.0222991986877153,0.0225004));
#8231=CARTESIAN_POINT('',(0.0324664319481613,0.0222991986877153,0.0226004));
#8232=CARTESIAN_POINT('',(0.00880419424103534,-0.0186849992417991,0.0226004));
#8233=CARTESIAN_POINT('',(0.03365,0.0222991986877153,0.0225004));
#8234=CARTESIAN_POINT('',(0.0348335680518388,0.0222991986877153,0.0225004));
#8235=CARTESIAN_POINT('',(0.0348335680518388,0.0222991986877153,0.0226004));
#8236=CARTESIAN_POINT('',(-5.42023936840934E-17,0.0222991986877152,0.0226004));
#8237=CARTESIAN_POINT('',(0.0354253520777581,0.0212741986877152,0.0225004));
#8238=CARTESIAN_POINT('',(0.0360171361036775,0.0202491986877152,0.0225004));
#8239=CARTESIAN_POINT('',(0.0360171361036775,0.0202491986877152,0.0226004));
#8240=CARTESIAN_POINT('',(0.0416708057589647,0.0104567555955474,0.0226004));
#8241=CARTESIAN_POINT('',(0.0354253520777581,0.0192241986877152,0.0225004));
#8242=CARTESIAN_POINT('',(0.0348335680518388,0.0181991986877152,0.0225004));
#8243=CARTESIAN_POINT('',(0.0348335680518388,0.0181991986877152,0.0226004));
#8244=CARTESIAN_POINT('',(0.0123548983965516,-0.0207349992417991,0.0226004));
#8245=CARTESIAN_POINT('',(0.03365,0.0181991986877152,0.0225004));
#8246=CARTESIAN_POINT('',(-9.32180481951834E-17,0.0181991986877151,0.0226004));
#8247=CARTESIAN_POINT('',(2.24997970399023E-17,-0.0136018953267395,0.0226004));
#8248=CARTESIAN_POINT('',(0.0318746479222419,-0.002748299,0.0225004));
#8249=CARTESIAN_POINT('',(0.0312828638963225,-0.001723299,0.0225004));
#8250=CARTESIAN_POINT('',(0.0312828638963225,-0.001723299,0.0226004));
#8251=CARTESIAN_POINT('',(0.0251416293972326,0.00891363117361854,0.0226004));
#8252=CARTESIAN_POINT('',(0.0324664319481613,-0.003773299,0.0226004));
#8253=CARTESIAN_POINT('',(0.0324664319481613,-0.003773299,0.0225004));
#8254=CARTESIAN_POINT('',(0.0318746479222419,-0.000698298999999978,0.0225004));
#8255=CARTESIAN_POINT('',(0.0324664319481613,0.000326701000000017,0.0225004));
#8256=CARTESIAN_POINT('',(0.0324664319481613,0.000326701000000017,0.0226004));
#8257=CARTESIAN_POINT('',(0.0217826664472512,-0.0181781236637279,0.0226004));
#8258=CARTESIAN_POINT('',(0.03365,0.000326701000000018,0.0225004));
#8259=CARTESIAN_POINT('',(0.0348335680518388,0.000326701000000019,0.0225004));
#8260=CARTESIAN_POINT('',(0.0348335680518388,0.000326701000000019,0.0226004));
#8261=CARTESIAN_POINT('',(1.03773559326414E-17,0.00032670099999999,0.0226004));
#8262=CARTESIAN_POINT('',(0.0354253520777581,-0.000698298999999986,0.0225004));
#8263=CARTESIAN_POINT('',(0.0360171361036775,-0.001723299,0.0225004));
#8264=CARTESIAN_POINT('',(0.0360171361036775,-0.001723299,0.0226004));
#8265=CARTESIAN_POINT('',(0.0286923335527488,0.0109636311736186,0.0226004));
#8266=CARTESIAN_POINT('',(0.0354253520777581,-0.002748299,0.0225004));
#8267=CARTESIAN_POINT('',(0.0348335680518388,-0.003773299,0.0225004));
#8268=CARTESIAN_POINT('',(0.0348335680518388,-0.003773299,0.0226004));
#8269=CARTESIAN_POINT('',(0.0253333706027674,-0.0202281236637279,0.0226004));
#8270=CARTESIAN_POINT('',(0.03365,-0.003773299,0.0225004));
#8271=CARTESIAN_POINT('',(1.40907864619174E-17,-0.003773299,0.0226004));
#8272=CARTESIAN_POINT('',(1.5250430261246E-17,-0.00560189532673954,0.0226004));
#8273=CARTESIAN_POINT('',(0.,0.,0.));
#8274=CARTESIAN_POINT('',(2.82785611455311E-18,-0.004575,0.0203004));
#8275=CARTESIAN_POINT('',(0.0169126427353963,-0.0489,0.0203004));
#8276=CARTESIAN_POINT('',(0.0156602463265711,-0.0461739216381106,0.0203004));
#8277=CARTESIAN_POINT('',(0.0157093916934685,-0.0461518757433297,0.0203004));
#8278=CARTESIAN_POINT('',(0.000100442726203281,-0.0462114577105515,0.0203004));
#8279=CARTESIAN_POINT('',(0.00485,-0.0462,0.0203004));
#8280=CARTESIAN_POINT('',(2.92252476225627E-17,-0.0462,0.0203004));
#8281=CARTESIAN_POINT('',(0.003,-0.0462,0.0203004));
#8282=CARTESIAN_POINT('',(0.003,-0.04505,0.0203004));
#8283=CARTESIAN_POINT('',(0.00185000000000003,-0.04505,0.0203004));
#8284=CARTESIAN_POINT('',(0.00185,-0.004575,0.0203004));
#8285=CARTESIAN_POINT('',(0.00185000000000003,-0.037190904441618,0.0203004));
#8286=CARTESIAN_POINT('',(0.003,-0.037190904441618,0.0203004));
#8287=CARTESIAN_POINT('',(0.00271257037121883,-0.0360774035621847,0.0203004));
#8288=CARTESIAN_POINT('',(0.00266258260969166,-0.0358837512353267,0.0203004));
#8289=CARTESIAN_POINT('',(0.00275772265303128,-0.0360596727296171,0.0203004));
#8290=CARTESIAN_POINT('',(-0.00014861926325633,-0.00700291618516424,0.0203004));
#8291=CARTESIAN_POINT('',(0.0148897537010274,-0.032034681260865,0.0203004));
#8292=CARTESIAN_POINT('',(0.0147867573023661,-0.0318632410617785,0.0203004));
#8293=CARTESIAN_POINT('',(0.0149418814332911,-0.0319894809287175,0.0203004));
#8294=CARTESIAN_POINT('',(1.41068717893355E-17,-0.006899999,0.0203004));
#8295=CARTESIAN_POINT('',(0.0169359965994692,-0.0306889448236538,0.0203004));
#8296=CARTESIAN_POINT('',(0.0175393394261938,-0.0316679634309541,0.0203004));
#8297=CARTESIAN_POINT('',(0.0182785451773333,-0.0307870123213673,0.0203004));
#8298=CARTESIAN_POINT('',(-0.00535464191962363,-0.010956413744767,0.0203004));
#8299=CARTESIAN_POINT('',(0.0282066335634731,-0.0391176676244726,0.0203004));
#8300=CARTESIAN_POINT('',(0.0256354831247269,-0.0421818453969484,0.0203004));
#8301=CARTESIAN_POINT('',(0.02615,-0.0461486164245046,0.0203004));
#8302=CARTESIAN_POINT('',(0.000100442726203281,-0.0462114577105515,0.0203004));
#8303=CARTESIAN_POINT('',(0.0181518720005765,-0.0461679109040295,0.0203004));
#8304=CARTESIAN_POINT('',(0.0169126427353962,-0.0489,0.0203004));
#8305=CARTESIAN_POINT('',(0.018115893777324,-0.0461518757433297,0.0203004));
#8306=CARTESIAN_POINT('',(0.0169126427353962,-0.0461518757433297,0.0203004));
#8307=CARTESIAN_POINT('',(0.0323667955194854,-0.0232619781059804,0.0203004));
#8308=CARTESIAN_POINT('',(0.0228163755923027,-0.0398037906534792,0.0203004));
#8309=CARTESIAN_POINT('',(0.021632807540464,-0.0418537906534791,0.0203004));
#8310=CARTESIAN_POINT('',(8.24157912105662E-05,-0.0045274172207591,0.0203004));
#8311=CARTESIAN_POINT('',(0.0228163755923027,-0.0439037906534791,0.0203004));
#8312=CARTESIAN_POINT('',(2.77690569413744E-17,-0.0439037906534792,0.0203004));
#8313=CARTESIAN_POINT('',(0.0251835116959803,-0.0439037906534791,0.0203004));
#8314=CARTESIAN_POINT('',(0.0359174996750017,-0.0253119781059804,0.0203004));
#8315=CARTESIAN_POINT('',(0.026367079747819,-0.0418537906534792,0.0203004));
#8316=CARTESIAN_POINT('',(0.00363311994672675,-0.0024774172207591,0.0203004));
#8317=CARTESIAN_POINT('',(0.0251835116959802,-0.0398037906534792,0.0203004));
#8318=CARTESIAN_POINT('',(2.51689535135585E-17,-0.0398037906534792,0.0203004));
#8319=CARTESIAN_POINT('',(0.0191559543617867,-0.0156346954073617,0.0203004));
#8320=CARTESIAN_POINT('',(0.0054664319481613,-0.0393456437591138,0.0203004));
#8321=CARTESIAN_POINT('',(0.00428286389632256,-0.0413956437591138,0.0203004));
#8322=CARTESIAN_POINT('',(-0.0127316585173028,-0.0119256264721952,0.0203004));
#8323=CARTESIAN_POINT('',(0.00546643194816128,-0.0434456437591138,0.0203004));
#8324=CARTESIAN_POINT('',(2.74785132071104E-17,-0.0434456437591138,0.0203004));
#8325=CARTESIAN_POINT('',(0.00783356805183876,-0.0434456437591138,0.0203004));
#8326=CARTESIAN_POINT('',(0.0227066585173029,-0.0176846954073617,0.0203004));
#8327=CARTESIAN_POINT('',(0.0090171361036775,-0.0413956437591138,0.0203004));
#8328=CARTESIAN_POINT('',(-0.00918095436178665,-0.0098756264721952,0.0203004));
#8329=CARTESIAN_POINT('',(0.00783356805183876,-0.0393456437591138,0.0203004));
#8330=CARTESIAN_POINT('',(2.48784097792944E-17,-0.0393456437591138,0.0203004));
#8331=CARTESIAN_POINT('',(0.0169126427353962,-0.0461518757433297,0.0287024));
#8332=CARTESIAN_POINT('',(0.018115893777324,-0.0461518757433297,0.0287024));
#8333=CARTESIAN_POINT('',(0.018115893777324,-0.0461518757433297,0.0233183006729339));
#8334=CARTESIAN_POINT('',(0.018115893777324,-0.0461518757433297,0.0233183006729339));
#8335=CARTESIAN_POINT('',(0.0181158937773241,-0.0461518757433297,0.0233354765403073));
#8336=CARTESIAN_POINT('',(0.0181169617557944,-0.0461518757433297,0.0233525846838291));
#8337=CARTESIAN_POINT('',(0.0181191482167212,-0.0461518757433297,0.0233696219008844));
#8338=CARTESIAN_POINT('',(0.0181191482167254,-0.0461518757433297,0.0233696219008844));
#8339=CARTESIAN_POINT('',(2.70248257913465E-17,-0.0461518757433297,-0.1812996));
#8340=CARTESIAN_POINT('',(0.0157093916934685,-0.0461518757433297,0.0235686721610018));
#8341=CARTESIAN_POINT('',(0.0157093916934685,-0.0461518757433297,0.0287024));
#8342=CARTESIAN_POINT('',(0.0169126427353963,-0.0489,0.0287024));
#8343=CARTESIAN_POINT('',(0.0157093916934685,-0.0461518757433297,0.0235686721610018));
#8344=CARTESIAN_POINT('',(0.0157093916934685,-0.0461518757433297,0.0235735641206358));
#8345=CARTESIAN_POINT('',(0.0157094731849685,-0.0461518400583678,0.0235784544583339));
#8346=CARTESIAN_POINT('',(0.0157096367189957,-0.0461517684732715,0.0235833431633199));
#8347=CARTESIAN_POINT('',(0.0157096367189957,-0.0461517684732715,0.0235833431633199));
#8348=CARTESIAN_POINT('',(0.0157096367189957,-0.0461517684732715,0.0235833431633199));
#8349=CARTESIAN_POINT('',(0.0156931806568952,-0.0461589719208416,0.0235831854843016));
#8350=CARTESIAN_POINT('',(0.0156767900726057,-0.0461663228339421,0.0235829802920995));
#8351=CARTESIAN_POINT('',(0.0156604670473997,-0.0461738202468673,0.0235827276211663));
#8352=CARTESIAN_POINT('',(0.0156604670473997,-0.0461738202468674,0.0235827276211664));
#8353=CARTESIAN_POINT('',(0.0156604670473997,-0.0461738202468674,0.0235827276211663));
#8354=CARTESIAN_POINT('',(0.0156603197460672,-0.0461738879046024,0.0235779868412131));
#8355=CARTESIAN_POINT('',(0.0156602463265711,-0.0461739216381106,0.0235732446732244));
#8356=CARTESIAN_POINT('',(0.0156602463265711,-0.0461739216381106,0.0235685011257327));
#8357=CARTESIAN_POINT('',(0.0156602463265711,-0.0461739216381106,0.0235685011257327));
#8358=CARTESIAN_POINT('',(0.0156602463265711,-0.0461739216381106,0.0287024));
#8359=CARTESIAN_POINT('',(0.0169126427353962,-0.0489,0.0287024));
#8360=CARTESIAN_POINT('',(0.0181518720005765,-0.0461679109040295,0.0287024));
#8361=CARTESIAN_POINT('',(0.0181518720005765,-0.0461679109040295,0.0233099469576004));
#8362=CARTESIAN_POINT('',(0.0181518720005766,-0.0461679109040295,0.0233099469576004));
#8363=CARTESIAN_POINT('',(0.0181399176280303,-0.0461624886034435,0.0233127484994863));
#8364=CARTESIAN_POINT('',(0.018127924907857,-0.046157143507447,0.023315533079879));
#8365=CARTESIAN_POINT('',(0.0181158937773241,-0.0461518757433297,0.0233183006729339));
#8366=CARTESIAN_POINT('',(0.0147867573023661,-0.0318632410617785,0.0287024));
#8367=CARTESIAN_POINT('',(0.0149418814332911,-0.0319894809287175,0.0287024));
#8368=CARTESIAN_POINT('',(0.0149418814332911,-0.0319894809287175,0.025506721434648));
#8369=CARTESIAN_POINT('',(0.0148897537010274,-0.032034681260865,0.0287024));
#8370=CARTESIAN_POINT('',(0.0148897537010274,-0.032034681260865,0.0255049360309554));
#8371=CARTESIAN_POINT('',(0.0148897537010274,-0.032034681260865,0.0255049360309554));
#8372=CARTESIAN_POINT('',(0.0149099849393575,-0.0320225269079212,0.0255050595575553));
#8373=CARTESIAN_POINT('',(0.0149275099226808,-0.0320071215241736,0.025508698735258));
#8374=CARTESIAN_POINT('',(0.0149418140749941,-0.0319895636538283,0.025515278223372));
#8375=CARTESIAN_POINT('',(0.0149418140749941,-0.0319895636538284,0.025515278223372));
#8376=CARTESIAN_POINT('',(0.0149418140749941,-0.0319895636538284,0.0255152782233721));
#8377=CARTESIAN_POINT('',(0.0149418590216638,-0.031989508483289,0.0255124264043212));
#8378=CARTESIAN_POINT('',(0.0149418814332911,-0.0319894809287175,0.0255095741408915));
#8379=CARTESIAN_POINT('',(0.0149418814332911,-0.0319894809287175,0.025506721434648));
#8380=CARTESIAN_POINT('',(-0.000148619263256329,-0.00700291618516424,0.0287024));
#8381=CARTESIAN_POINT('',(0.00275772265303128,-0.0360596727296171,0.0287024));
#8382=CARTESIAN_POINT('',(0.00275772265303128,-0.0360596727296171,0.0254938468835149));
#8383=CARTESIAN_POINT('',(0.00275772265303128,-0.0360596727296171,0.0254938468835149));
#8384=CARTESIAN_POINT('',(0.00491095269805058,-0.0358443003522605,0.0254955582272568));
#8385=CARTESIAN_POINT('',(0.00915754093707734,-0.0349292543509257,0.0254991856499724));
#8386=CARTESIAN_POINT('',(0.0130347929321545,-0.0331490889661173,0.0255029837391482));
#8387=CARTESIAN_POINT('',(0.0148897537010274,-0.032034681260865,0.0255049360309554));
#8388=CARTESIAN_POINT('',(2.13240157950717E-18,-0.006899999,-0.1812996));
#8389=CARTESIAN_POINT('',(0.00286363636363634,-0.006899999,-0.1812996));
#8390=CARTESIAN_POINT('',(0.00286363636363639,-0.0373358370035396,0.0264633884069806));
#8391=CARTESIAN_POINT('',(0.00286363636363639,-0.0452325358899522,0.0251523706913871));
#8392=CARTESIAN_POINT('',(0.00286363636363639,-0.0452325358899522,0.0251523706913871));
#8393=CARTESIAN_POINT('',(0.00286363636363641,-0.0453115230333953,0.0251377049191025));
#8394=CARTESIAN_POINT('',(0.00293398747733025,-0.0453832535933014,0.0251233572832345));
#8395=CARTESIAN_POINT('',(0.00301435406698567,-0.0453832535933014,0.025122183698974));
#8396=CARTESIAN_POINT('',(0.00301435406698567,-0.0453832535933014,0.025122183698974));
#8397=CARTESIAN_POINT('',(2.6537387477448E-17,-0.0453832535933014,-0.1812996));
#8398=CARTESIAN_POINT('',(0.00487199378493388,-0.0453832535933014,0.0250866950693837));
#8399=CARTESIAN_POINT('',(9.28638319981743E-05,-0.0453947826442281,-0.1812996));
#8400=CARTESIAN_POINT('',(0.0155305832497541,-0.0453575410845484,0.0245639918290013));
#8401=CARTESIAN_POINT('',(0.0155305832497541,-0.0453575410845484,0.0245639918290013));
#8402=CARTESIAN_POINT('',(0.0155502947735704,-0.0453498375350956,0.0245639438754791));
#8403=CARTESIAN_POINT('',(0.0155700657722816,-0.045342290201443,0.024563858989014));
#8404=CARTESIAN_POINT('',(0.015589896243389,-0.0453348990770298,0.0245637371710201));
#8405=CARTESIAN_POINT('',(0.015589896243389,-0.0453348990770298,0.0245637371710201));
#8406=CARTESIAN_POINT('',(2.65067224180557E-17,-0.0453348990770298,-0.1812996));
#8407=CARTESIAN_POINT('',(0.0183972326985618,-0.0453348990770321,0.0243318671569104));
#8408=CARTESIAN_POINT('',(0.0183972326985618,-0.0453348990770321,0.0243318671569104));
#8409=CARTESIAN_POINT('',(0.0184110080927164,-0.0453400333802711,0.0243296750529005));
#8410=CARTESIAN_POINT('',(0.0184247530946709,-0.0453452424336849,0.0243274700847848));
#8411=CARTESIAN_POINT('',(0.0184384677281735,-0.0453505261783705,0.0243252522614485));
#8412=CARTESIAN_POINT('',(0.0184384677281743,-0.0453505261783687,0.0243252522614487));
#8413=CARTESIAN_POINT('',(9.28638319981743E-05,-0.0453947826442281,-0.1812996));
#8414=CARTESIAN_POINT('',(0.0262044280821981,-0.0453317917741365,0.0234840059186642));
#8415=CARTESIAN_POINT('',(0.0262044280821982,-0.0453317917741365,0.0234840059186642));
#8416=CARTESIAN_POINT('',(0.0267831777002304,-0.0452451507380366,0.0234262081650544));
#8417=CARTESIAN_POINT('',(0.0278805157334685,-0.0447282335654493,0.0233776353066936));
#8418=CARTESIAN_POINT('',(0.0288335560268744,-0.0431824195292573,0.0235254338235387));
#8419=CARTESIAN_POINT('',(0.0287876061349992,-0.0413876842378985,0.0238416580043198));
#8420=CARTESIAN_POINT('',(0.0281366203959484,-0.0404114795227857,0.0240918718107585));
#8421=CARTESIAN_POINT('',(0.0276957303841874,-0.0400415288765273,0.0242109484298304));
#8422=CARTESIAN_POINT('',(0.0276957303841874,-0.0400415288765273,0.0242109484298304));
#8423=CARTESIAN_POINT('',(-0.00487580914763565,-0.0127107620684985,-0.1812996));
#8424=CARTESIAN_POINT('',(0.017720139182803,-0.0316710139786704,0.0264800753396938));
#8425=CARTESIAN_POINT('',(0.017720139182803,-0.0316710139786704,0.0264800753396938));
#8426=CARTESIAN_POINT('',(0.0176763263647724,-0.0316342506592201,0.0264881946803729));
#8427=CARTESIAN_POINT('',(0.0176119516742051,-0.0316254596777903,0.0264947071677178));
#8428=CARTESIAN_POINT('',(0.0175595953728157,-0.031649859024638,0.0264962253649573));
#8429=CARTESIAN_POINT('',(0.0175595953728157,-0.031649859024638,0.0264962253649573));
#8430=CARTESIAN_POINT('',(2.75800508204449E-17,-0.006899999,0.0264962253649573));
#8431=CARTESIAN_POINT('',(0.0156162948205992,-0.032919727994982,0.0264962253649573));
#8432=CARTESIAN_POINT('',(0.0156162948205964,-0.0329197279949786,0.0264962253649579));
#8433=CARTESIAN_POINT('',(0.0155725992224847,-0.0329551111967156,0.0264950785759054));
#8434=CARTESIAN_POINT('',(0.0155266489407371,-0.0329872843129449,0.0264944804745652));
#8435=CARTESIAN_POINT('',(0.0154784425636848,-0.0330162453340785,0.0264944314186633));
#8436=CARTESIAN_POINT('',(0.0154784425636848,-0.0330162453340785,0.0264944314186633));
#8437=CARTESIAN_POINT('',(0.0154784425636848,-0.0330162453340785,0.0264944314186633));
#8438=CARTESIAN_POINT('',(0.013567527653632,-0.0341642686969329,0.0264924868283424));
#8439=CARTESIAN_POINT('',(0.00957495233539853,-0.0360019138479554,0.0264887030136075));
#8440=CARTESIAN_POINT('',(0.00520454649171256,-0.0369567142369153,0.0264850869290813));
#8441=CARTESIAN_POINT('',(0.00298723644052789,-0.0371871278923323,0.0264833787107396));
#8442=CARTESIAN_POINT('',(0.00298723644052789,-0.0371871278923323,0.0264833787107396));
#8443=CARTESIAN_POINT('',(0.00298723644052632,-0.0371871278923265,0.0264833787107405));
#8444=CARTESIAN_POINT('',(0.00298372315148324,-0.0371880687751589,0.0264832920741224));
#8445=CARTESIAN_POINT('',(0.00298020562607153,-0.0371889937561059,0.026483207720771));
#8446=CARTESIAN_POINT('',(0.00297668386392094,-0.0371899028337783,0.0264831256508942));
#8447=CARTESIAN_POINT('',(0.00297668386392094,-0.0371899028337783,0.0264831256508942));
#8448=CARTESIAN_POINT('',(0.00297668386392094,-0.0371899028337783,0.0264831256508942));
#8449=CARTESIAN_POINT('',(0.00291161383747708,-0.0372066994559372,0.0264816092824319));
#8450=CARTESIAN_POINT('',(0.00286363636363639,-0.0372693463023025,0.0264731288339311));
#8451=CARTESIAN_POINT('',(0.00286363636363639,-0.0373358370035396,0.0264633884069807));
#8452=CARTESIAN_POINT('',(0.003,-0.04505,0.0287024));
#8453=CARTESIAN_POINT('',(0.00185000000000003,-0.04505,0.0287024));
#8454=CARTESIAN_POINT('',(0.00185000000000003,-0.04505,0.0241692660690471));
#8455=CARTESIAN_POINT('',(0.003,-0.0462,0.0287024));
#8456=CARTESIAN_POINT('',(0.003,-0.0462,0.024139222824217));
#8457=CARTESIAN_POINT('',(0.003,-0.0462,0.024139222824217));
#8458=CARTESIAN_POINT('',(0.00269626616565665,-0.0462,0.0241398013534761));
#8459=CARTESIAN_POINT('',(0.00210089879726976,-0.0459499015531051,0.0241469932879054));
#8460=CARTESIAN_POINT('',(0.00185,-0.0453536428657172,0.0241619123839265));
#8461=CARTESIAN_POINT('',(0.00185,-0.04505,0.0241692660690471));
#8462=CARTESIAN_POINT('',(0.003,-0.037190904441618,0.0287024));
#8463=CARTESIAN_POINT('',(0.00271257037121883,-0.0360774035621847,0.0287024));
#8464=CARTESIAN_POINT('',(0.00271257037121883,-0.0360774035621847,0.0254936841001756));
#8465=CARTESIAN_POINT('',(0.00185000000000003,-0.037190904441618,0.0287024));
#8466=CARTESIAN_POINT('',(0.00185000000000003,-0.037190904441618,0.0254740408431379));
#8467=CARTESIAN_POINT('',(0.00185000000000003,-0.037190904441618,0.0254740408431379));
#8468=CARTESIAN_POINT('',(0.00185000000000003,-0.0366809813713586,0.0254837843469672));
#8469=CARTESIAN_POINT('',(0.00221874094920122,-0.0362048764812218,0.0254921830536966));
#8470=CARTESIAN_POINT('',(0.00271257037121883,-0.0360774035621847,0.0254936841001756));
#8471=CARTESIAN_POINT('',(0.00266258260969166,-0.0358837512353267,0.0287024));
#8472=CARTESIAN_POINT('',(0.00271257037121883,-0.0360774035621847,0.0254936841001756));
#8473=CARTESIAN_POINT('',(0.00272864477962851,-0.0360732542513692,0.0254959316535234));
#8474=CARTESIAN_POINT('',(0.00274360145951272,-0.0360672948240404,0.0254997877470635));
#8475=CARTESIAN_POINT('',(0.0027575793362077,-0.0360597501613562,0.0255050522915653));
#8476=CARTESIAN_POINT('',(0.00275757933620769,-0.0360597501613563,0.0255050522915653));
#8477=CARTESIAN_POINT('',(0.00275757933619161,-0.0360597501613301,0.0255050522915883));
#8478=CARTESIAN_POINT('',(0.00275767497822053,-0.0360596985378351,0.0255013179461969));
#8479=CARTESIAN_POINT('',(0.00275772265303128,-0.0360596727296171,0.0254975828088942));
#8480=CARTESIAN_POINT('',(0.00275772265303128,-0.0360596727296171,0.0254938468835149));
#8481=CARTESIAN_POINT('',(1.52827776458768E-17,-0.006899999,0.0287024));
#8482=CARTESIAN_POINT('',(1.48914198932606E-17,-0.006899999,0.025506721434648));
#8483=CARTESIAN_POINT('',(0.0169359965994692,-0.0306889448236538,0.025506721434648));
#8484=CARTESIAN_POINT('',(0.0169359965994692,-0.0306889448236538,0.0287024));
#8485=CARTESIAN_POINT('',(0.0175393394261938,-0.0316679634309541,0.0287024));
#8486=CARTESIAN_POINT('',(0.0182785451773333,-0.0307870123213673,0.0287024));
#8487=CARTESIAN_POINT('',(0.0182785451773333,-0.0307870123213673,0.0254906483142668));
#8488=CARTESIAN_POINT('',(0.0169359965994692,-0.0306889448236538,0.0287024));
#8489=CARTESIAN_POINT('',(0.0169359965994692,-0.0306889448236538,0.0255070324767027));
#8490=CARTESIAN_POINT('',(0.0169359965994692,-0.0306889448236538,0.0255070324767027));
#8491=CARTESIAN_POINT('',(0.0173476616447544,-0.0304352467322856,0.0255064416616239));
#8492=CARTESIAN_POINT('',(0.0179081812655194,-0.0304762400995628,0.0254996007591877));
#8493=CARTESIAN_POINT('',(0.0182785451773333,-0.0307870123213673,0.0254906483142668));
#8494=CARTESIAN_POINT('',(0.0256354831247269,-0.0421818453969484,0.0287024));
#8495=CARTESIAN_POINT('',(0.02615,-0.0461486164245046,0.0287024));
#8496=CARTESIAN_POINT('',(0.02615,-0.0461486164245046,0.0225001711076278));
#8497=CARTESIAN_POINT('',(0.0282066335634731,-0.0391176676244726,0.0287024));
#8498=CARTESIAN_POINT('',(0.0282066335634731,-0.0391176676244726,0.0232323267706407));
#8499=CARTESIAN_POINT('',(0.0282066335634731,-0.0391176676244726,0.0232323267706407));
#8500=CARTESIAN_POINT('',(0.0287994259128597,-0.0396150794662076,0.0231122496988762));
#8501=CARTESIAN_POINT('',(0.0296711076602821,-0.0409339009830957,0.0228594545318016));
#8502=CARTESIAN_POINT('',(0.0297043316855799,-0.043344185159858,0.0225436164505517));
#8503=CARTESIAN_POINT('',(0.0283973477721681,-0.0453866437735446,0.0224016562734706));
#8504=CARTESIAN_POINT('',(0.0269253236844857,-0.0460478873800206,0.0224547048416772));
#8505=CARTESIAN_POINT('',(0.0261508273518261,-0.046148509023675,0.0225147023618518));
#8506=CARTESIAN_POINT('',(0.026150827351826,-0.046148509023675,0.0225147023618519));
#8507=CARTESIAN_POINT('',(0.0261508273518261,-0.0461485090236751,0.0225147023618518));
#8508=CARTESIAN_POINT('',(0.0261502740193551,-0.0461485809119725,0.0225098746796806));
#8509=CARTESIAN_POINT('',(0.0261500000000006,-0.0461486164245046,0.0225050308256773));
#8510=CARTESIAN_POINT('',(0.0261500000000007,-0.0461486164245046,0.0225001711076278));
#8511=CARTESIAN_POINT('',(0.000100442726203283,-0.0462114577105515,0.0287024));
#8512=CARTESIAN_POINT('',(9.48339906913392E-05,-0.0462114712409217,-0.1812996));
#8513=CARTESIAN_POINT('',(0.00485,-0.0462,0.024103931115355));
#8514=CARTESIAN_POINT('',(0.00485,-0.0462,0.0287024));
#8515=CARTESIAN_POINT('',(0.00485,-0.0462,0.0241038747111159));
#8516=CARTESIAN_POINT('',(0.00485,-0.0462,0.0287024));
#8517=CARTESIAN_POINT('',(3.0401153479104E-17,-0.0462,0.0287024));
#8518=CARTESIAN_POINT('',(2.70553448266464E-17,-0.0462,-0.1812996));
#8519=CARTESIAN_POINT('',(0.00185,-0.004575,0.0287024));
#8520=CARTESIAN_POINT('',(0.00184999999999997,-0.006899999,-0.1812996));
#8521=CARTESIAN_POINT('',(-0.00535464191962363,-0.010956413744767,0.0287024));
#8522=CARTESIAN_POINT('',(-0.00420980339915084,-0.0119170473250533,-0.1812996));
#8523=CARTESIAN_POINT('',(0.000100442726203283,-0.0462114577105515,0.0287024));
#8524=CARTESIAN_POINT('',(9.48339906913392E-05,-0.0462114712409217,-0.1812996));
#8525=CARTESIAN_POINT('',(0.0181553104505142,-0.0461679026092008,0.0233636346608461));
#8526=CARTESIAN_POINT('',(0.0181553104505142,-0.0461679026092008,0.0233636346608461));
#8527=CARTESIAN_POINT('',(0.0181529999752301,-0.0461679081829323,0.0233458133298674));
#8528=CARTESIAN_POINT('',(0.0181518720005766,-0.0461679109040295,0.0233279162647329));
#8529=CARTESIAN_POINT('',(0.0181518720005765,-0.0461679109040295,0.0233099469576004));
#8530=CARTESIAN_POINT('',(0.00286363636363636,-0.0373358370035396,0.0264633884069806));
#8531=CARTESIAN_POINT('',(0.00185,-0.0373378406795109,0.0264770660230706));
#8532=CARTESIAN_POINT('',(0.00185,-0.037190904441618,0.0254740408431379));
#8533=CARTESIAN_POINT('',(0.00286363659561165,-0.0373025916914428,0.0264682586116153));
#8534=CARTESIAN_POINT('',(0.00181705610333355,-0.0370815729753513,0.0265150615368394));
#8535=CARTESIAN_POINT('',(0.00185,-0.0369372374330924,0.0254788878561522));
#8536=CARTESIAN_POINT('',(0.00288605146888765,-0.0372372299138316,0.0264775080664243));
#8537=CARTESIAN_POINT('',(0.00193022072431265,-0.0365300578998124,0.0265941619504684));
#8538=CARTESIAN_POINT('',(0.00202103191046241,-0.0364385175261083,0.0254880932662724));
#8539=CARTESIAN_POINT('',(0.00294414894092444,-0.0371983013538402,0.0264823674349057));
#8540=CARTESIAN_POINT('',(0.00240525067000109,-0.036162717241565,0.0266410518132154));
#8541=CARTESIAN_POINT('',(0.00246432331560671,-0.0361414839417861,0.0254929294945804));
#8542=CARTESIAN_POINT('',(0.00297668386392094,-0.0371899028337783,0.0264831256508942));
#8543=CARTESIAN_POINT('',(0.00268734014181137,-0.036083916278615,0.02664849796988));
#8544=CARTESIAN_POINT('',(0.00271257037121894,-0.0360774035621847,0.0254936841001757));
#8545=CARTESIAN_POINT('',(0.00296250917885465,-0.0370456651964746,0.0254936841001756));
#8546=CARTESIAN_POINT('',(0.00285,-0.037190904441618,0.0254740408431379));
#8547=CARTESIAN_POINT('',(0.00285,-0.006899999,-0.1812996));
#8548=CARTESIAN_POINT('',(0.00285,-0.04505,0.0241692660690471));
#8549=CARTESIAN_POINT('',(0.00297668386392094,-0.0371899028337783,0.0264831256508941));
#8550=CARTESIAN_POINT('',(0.00268734014181124,-0.0360839162786151,0.0266484979698799));
#8551=CARTESIAN_POINT('',(0.00271257037121883,-0.0360774035621847,0.0254936841001756));
#8552=CARTESIAN_POINT('',(0.00307824797510454,-0.0371636859264151,0.0264854924662798));
#8553=CARTESIAN_POINT('',(0.00269129206198556,-0.0360852346656211,0.0266482491646306));
#8554=CARTESIAN_POINT('',(0.00272941711717308,-0.0360730548867367,0.0254960396449308));
#8555=CARTESIAN_POINT('',(0.00317416020871643,-0.0371250278653626,0.0264896757626821));
#8556=CARTESIAN_POINT('',(0.00269623162600397,-0.0360876861847873,0.0266478188179706));
#8557=CARTESIAN_POINT('',(0.00274532636858118,-0.0360666425563883,0.0255002030209188));
#8558=CARTESIAN_POINT('',(0.00326461434716676,-0.0370743551775844,0.0264956129439765));
#8559=CARTESIAN_POINT('',(0.00270331538858736,-0.0360901772403542,0.0266473457957907));
#8560=CARTESIAN_POINT('',(0.00276033026883659,-0.0360582373239748,0.0255061119299576));
#8561=CARTESIAN_POINT('',(0.00275757933619161,-0.0360597501613301,0.0255050522915883));
#8562=CARTESIAN_POINT('',(0.00275022008946816,-0.0360637223693663,0.0257923942624427));
#8563=CARTESIAN_POINT('',(0.0028188179959855,-0.0363215644467,0.0263501584600003));
#8564=CARTESIAN_POINT('',(0.00293575702857444,-0.0369115136669787,0.0265242932495334));
#8565=CARTESIAN_POINT('',(0.00298723644048996,-0.0371871278923361,0.0264833787107396));
#8566=CARTESIAN_POINT('',(0.00301435406698565,-0.0453832535933014,0.025122183698974));
#8567=CARTESIAN_POINT('',(0.00301213101491253,-0.0462,0.0249699499653148));
#8568=CARTESIAN_POINT('',(0.003,-0.0462,0.024139222824217));
#8569=CARTESIAN_POINT('',(0.0029741708261027,-0.0453832532880771,0.0251227705472195));
#8570=CARTESIAN_POINT('',(0.00274626566381831,-0.0462032378467248,0.024973228733256));
#8571=CARTESIAN_POINT('',(0.00269339549374696,-0.0462,0.0241398068777335));
#8572=CARTESIAN_POINT('',(0.00289583683643553,-0.0453497536770493,0.0251301354276656));
#8573=CARTESIAN_POINT('',(0.00220829152931174,-0.0460215516980416,0.0250147941217568));
#8574=CARTESIAN_POINT('',(0.00209569544119497,-0.0459443891571901,0.0241471366877084));
#8575=CARTESIAN_POINT('',(0.00286363655302654,-0.0452720294395809,0.0251450378067198));
#8576=CARTESIAN_POINT('',(0.00189734667057131,-0.0455242291414215,0.025111614285245));
#8577=CARTESIAN_POINT('',(0.00184999999999857,-0.0453513420522929,0.0241619681027427));
#8578=CARTESIAN_POINT('',(0.00286363636363492,-0.0452325358899522,0.025152370691387));
#8579=CARTESIAN_POINT('',(0.00184999999999857,-0.0452350594276013,0.02516596199953));
#8580=CARTESIAN_POINT('',(0.00184999999999857,-0.04505,0.0241692660690471));
#8581=CARTESIAN_POINT('',(0.00301435406698603,-0.0453832535933014,0.0251221836989738));
#8582=CARTESIAN_POINT('',(0.00301311742511708,-0.0458375941888512,0.0250374989490365));
#8583=CARTESIAN_POINT('',(0.00300674825440931,-0.0462,0.0246013406381799));
#8584=CARTESIAN_POINT('',(0.00300000000000038,-0.0462,0.0241392228242168));
#8585=CARTESIAN_POINT('',(0.0148897537010274,-0.032034681260865,0.0255049360309554));
#8586=CARTESIAN_POINT('',(0.0148888887783758,-0.0320352008818099,0.0266616478336249));
#8587=CARTESIAN_POINT('',(0.0154784425636848,-0.0330162453340786,0.0264944314186634));
#8588=CARTESIAN_POINT('',(0.0130205451484857,-0.033157648629572,0.0255029687436116));
#8589=CARTESIAN_POINT('',(0.0130195751191062,-0.0331581434940354,0.0266597566252414));
#8590=CARTESIAN_POINT('',(0.0135359739948399,-0.0341832252378358,0.0264924547186782));
#8591=CARTESIAN_POINT('',(0.00911585709408647,-0.0349485797549367,0.0254991447208799));
#8592=CARTESIAN_POINT('',(0.00911469565871302,-0.0349489582480383,0.0266560805307555));
#8593=CARTESIAN_POINT('',(0.0094782492401041,-0.0360443484472521,0.0264886123989336));
#8594=CARTESIAN_POINT('',(0.00482168155386413,-0.035859056367514,0.0254954842777736));
#8595=CARTESIAN_POINT('',(0.00482070260131923,-0.0358592170392137,0.0266525620066724));
#8596=CARTESIAN_POINT('',(0.00501577179000538,-0.0369905094307238,0.0264849344416386));
#8597=CARTESIAN_POINT('',(0.0026780097753574,-0.0360675354411607,0.0254937835861479));
#8598=CARTESIAN_POINT('',(0.00267713046343665,-0.0360676209571135,0.0266509272512934));
#8599=CARTESIAN_POINT('',(0.00278808293978326,-0.0372071594385847,0.0264832256128758));
#8600=CARTESIAN_POINT('',(0.015404735694334,-0.0328918822562973,0.0255049360309554));
#8601=CARTESIAN_POINT('',(2.64211732588864E-17,-0.0452,-0.1812996));
#8602=CARTESIAN_POINT('',(0.00485000065903743,-0.0461999999984102,0.0241039311000979));
#8603=CARTESIAN_POINT('',(0.00486090238210608,-0.0461999736993722,0.0245701910784182));
#8604=CARTESIAN_POINT('',(0.00487056629356229,-0.0458361674067652,0.025002277434689));
#8605=CARTESIAN_POINT('',(0.0048719937849333,-0.0453832535933011,0.025086695069384));
#8606=CARTESIAN_POINT('',(0.0154784425636848,-0.0330162453340786,0.0264944314186634));
#8607=CARTESIAN_POINT('',(0.0148888887783758,-0.0320352008818099,0.0266616478336249));
#8608=CARTESIAN_POINT('',(0.0148897537010274,-0.032034681260865,0.0255049360309554));
#8609=CARTESIAN_POINT('',(0.0156040450925332,-0.0329407868844543,0.0264945592372035));
#8610=CARTESIAN_POINT('',(0.0148928811111052,-0.0320329454405172,0.0266616339186983));
#8611=CARTESIAN_POINT('',(0.0149105877727808,-0.0320221647427351,0.0255050632407113));
#8612=CARTESIAN_POINT('',(0.0157132330578776,-0.0328445317697113,0.0264983711596346));
#8613=CARTESIAN_POINT('',(0.0148984307434318,-0.0320332273484402,0.0266611819012917));
#8614=CARTESIAN_POINT('',(0.0149286991064162,-0.0320061986125116,0.0255088570113305));
#8615=CARTESIAN_POINT('',(0.0158035801112375,-0.0327301843692196,0.0265057136458725));
#8616=CARTESIAN_POINT('',(0.0149079399883808,-0.0320324723047442,0.026660552575771));
#8617=CARTESIAN_POINT('',(0.0149436852466135,-0.0319872314659003,0.0255161645332731));
#8618=CARTESIAN_POINT('',(0.0149418140749941,-0.0319895636538284,0.0255152782233721));
#8619=CARTESIAN_POINT('',(0.0149372817413189,-0.0319951269423957,0.0258028500418934));
#8620=CARTESIAN_POINT('',(0.0151040916916261,-0.0322011149381259,0.0263619530871126));
#8621=CARTESIAN_POINT('',(0.01545501517356,-0.0326901145798021,0.0265370975496529));
#8622=CARTESIAN_POINT('',(0.0156162948205716,-0.032919727994998,0.0264962253649574));
#8623=CARTESIAN_POINT('',(9.24216232743736E-05,-0.0452114741506842,-0.1812996));
#8624=CARTESIAN_POINT('',(0.0156604670473997,-0.0461738202468674,0.0235827276211663));
#8625=CARTESIAN_POINT('',(0.0156749829498235,-0.0461671528728311,0.024049910762379));
#8626=CARTESIAN_POINT('',(0.0156115633108299,-0.0458022252076385,0.0244748108048332));
#8627=CARTESIAN_POINT('',(0.0155305832497539,-0.0453575410845491,0.0245639918290012));
#8628=CARTESIAN_POINT('',(1.48914198932606E-17,-0.006899999,0.025506721434648));
#8629=CARTESIAN_POINT('',(0.0169359972202468,-0.0306889444410854,0.0255070324758118));
#8630=CARTESIAN_POINT('',(0.0169371504357486,-0.0306882337464084,0.0257959451090437));
#8631=CARTESIAN_POINT('',(0.0170827212477991,-0.0309050914758115,0.0263608190531166));
#8632=CARTESIAN_POINT('',(0.0174178669979414,-0.0314062273384324,0.0265372201396686));
#8633=CARTESIAN_POINT('',(0.0175595953728169,-0.0316498590246371,0.0264962253649573));
#8634=CARTESIAN_POINT('',(0.0156592569458929,-0.0461743763901318,0.0235827088005853));
#8635=CARTESIAN_POINT('',(0.015651335886867,-0.0461780189117128,0.0244015019294026));
#8636=CARTESIAN_POINT('',(0.0153143873367094,-0.0454494037810378,0.0245630069288178));
#8637=CARTESIAN_POINT('',(0.015727282220565,-0.04614309477359,0.0235837717899823));
#8638=CARTESIAN_POINT('',(0.0157233623575697,-0.0461446578627937,0.0244023909073151));
#8639=CARTESIAN_POINT('',(0.0154055216755688,-0.0454074953943385,0.0245640750042731));
#8640=CARTESIAN_POINT('',(0.0157964727393524,-0.0461143777907984,0.0235840055389205));
#8641=CARTESIAN_POINT('',(0.015796726132575,-0.0461141567715039,0.0244025865251706));
#8642=CARTESIAN_POINT('',(0.0154982171076142,-0.0453690228817732,0.0245643098716304));
#8643=CARTESIAN_POINT('',(0.0158661438021265,-0.0460884452730445,0.0235834253311345));
#8644=CARTESIAN_POINT('',(0.0158706349241682,-0.0460867736162986,0.0244021012459872));
#8645=CARTESIAN_POINT('',(0.0155915563307066,-0.0453342807533611,0.0245637268877428));
#8646=CARTESIAN_POINT('',(0.0157096367189957,-0.0461517684732715,0.0235833431633199));
#8647=CARTESIAN_POINT('',(0.0157252480568977,-0.0461449347937807,0.0240500302910414));
#8648=CARTESIAN_POINT('',(0.0156665772490457,-0.0457799435645099,0.0244748398978113));
#8649=CARTESIAN_POINT('',(0.015589896243389,-0.0453348990770298,0.0245637371710201));
#8650=CARTESIAN_POINT('',(0.0182785451773334,-0.0307870123213673,0.0254906483142668));
#8651=CARTESIAN_POINT('',(0.0183901771926231,-0.0308806827042245,0.0265171537547652));
#8652=CARTESIAN_POINT('',(0.017720139182803,-0.0316710139786703,0.0264800753396939));
#8653=CARTESIAN_POINT('',(0.0180929848718917,-0.03063130873751,0.0254951336741288));
#8654=CARTESIAN_POINT('',(0.0182189785412042,-0.0306963373925291,0.026553731366226));
#8655=CARTESIAN_POINT('',(0.0176958197185408,-0.0316506078092375,0.0264845821607712));
#8656=CARTESIAN_POINT('',(0.0176285870060026,-0.0304434202691624,0.0255032063619391));
#8657=CARTESIAN_POINT('',(0.0177417713894215,-0.0304342635295075,0.0266255508198672));
#8658=CARTESIAN_POINT('',(0.0176349564412939,-0.031625983066369,0.0264926934736017));
#8659=CARTESIAN_POINT('',(0.0171330825372881,-0.0305652624680301,0.0255067843432878));
#8660=CARTESIAN_POINT('',(0.0171721071177177,-0.0305431334077084,0.0266608056074429));
#8661=CARTESIAN_POINT('',(0.0175700161934216,-0.031641951776906,0.0264962885746661));
#8662=CARTESIAN_POINT('',(0.0169282049081946,-0.0306937896266923,0.0255070429875977));
#8663=CARTESIAN_POINT('',(0.0169362355099613,-0.0306887517392861,0.0266633686960521));
#8664=CARTESIAN_POINT('',(0.0175431651096685,-0.0316587963174169,0.0264965484564379));
#8665=CARTESIAN_POINT('',(0.0176357575676468,-0.0315530567644862,0.0254906483142668));
#8666=CARTESIAN_POINT('',(2.63906542235865E-17,-0.0451518757433297,-0.1812996));
#8667=CARTESIAN_POINT('',(0.0181191482167254,-0.0461518757433297,0.0233696219008844));
#8668=CARTESIAN_POINT('',(0.0181792182825798,-0.0461518757433298,0.0238376964673799));
#8669=CARTESIAN_POINT('',(0.0183069987305431,-0.0457848041527249,0.0242558476568997));
#8670=CARTESIAN_POINT('',(0.018397232698556,-0.0453348990770114,0.0243318671569149));
#8671=CARTESIAN_POINT('',(-0.00485259100883738,-0.0126830917681723,-0.1812996));
#8672=CARTESIAN_POINT('',(0.0275638459537866,-0.0398837120675915,0.0232323267706407));
#8673=CARTESIAN_POINT('',(0.0186552862338214,-0.0454414273112375,0.0242886744692992));
#8674=CARTESIAN_POINT('',(0.0182792760991393,-0.0462257623652646,0.024175755497498));
#8675=CARTESIAN_POINT('',(0.0181529993369515,-0.0461684225251737,0.0233096826861121));
#8676=CARTESIAN_POINT('',(0.0185703839670941,-0.0454028748299211,0.0243036059812763));
#8677=CARTESIAN_POINT('',(0.018214137208715,-0.046192656000744,0.0241878726828416));
#8678=CARTESIAN_POINT('',(0.0180896258590281,-0.0461396458521962,0.0233245430956714));
#8679=CARTESIAN_POINT('',(0.018483365559875,-0.0453669611463403,0.0243181691028997));
#8680=CARTESIAN_POINT('',(0.0181470301042204,-0.0461615679538049,0.0241997386627426));
#8681=CARTESIAN_POINT('',(0.0180246728337263,-0.0461128388525595,0.0233390368690952));
#8682=CARTESIAN_POINT('',(0.0183956730326539,-0.045334318133103,0.024332115273813));
#8683=CARTESIAN_POINT('',(0.0180790930002176,-0.0461330964310599,0.0242111378398516));
#8684=CARTESIAN_POINT('',(0.01795921662608,-0.0460884731743519,0.0233529166296519));
#8685=CARTESIAN_POINT('',(0.0181553104505142,-0.0461679026092008,0.0233636346608462));
#8686=CARTESIAN_POINT('',(0.0182160219343529,-0.0461677561503692,0.0238319190243175));
#8687=CARTESIAN_POINT('',(0.0183462271148597,-0.0458003415527363,0.0242494109293687));
#8688=CARTESIAN_POINT('',(0.0184384677281689,-0.0453505261783546,0.0243252522614519));
#8689=CARTESIAN_POINT('',(0.0276957303841874,-0.0400415288765274,0.0242109484298304));
#8690=CARTESIAN_POINT('',(0.0283675485445951,-0.0392526913257829,0.024247621917763));
#8691=CARTESIAN_POINT('',(0.0282066335634731,-0.0391176676244725,0.0232323267706407));
#8692=CARTESIAN_POINT('',(0.0281432454264648,-0.0404170385978414,0.0240900825044975));
#8693=CARTESIAN_POINT('',(0.0289251005358591,-0.0397726160882465,0.024088637807402));
#8694=CARTESIAN_POINT('',(0.0288004789305276,-0.0396159630529443,0.0231120363971485));
#8695=CARTESIAN_POINT('',(0.0288004524912901,-0.0414118798873336,0.0238358665137937));
#8696=CARTESIAN_POINT('',(0.0297108932036393,-0.0410903397450978,0.0237637057402761));
#8697=CARTESIAN_POINT('',(0.0296725822599433,-0.0409361016691217,0.0228590309590552));
#8698=CARTESIAN_POINT('',(0.0288243558293969,-0.0432362501154807,0.0235172729477359));
#8699=CARTESIAN_POINT('',(0.0296626568849871,-0.0434417119952601,0.0233643550562253));
#8700=CARTESIAN_POINT('',(0.0297043016158696,-0.043357011998369,0.0225419545050931));
#8701=CARTESIAN_POINT('',(0.0278203041470466,-0.0447883100188412,0.0233748065748133));
#8702=CARTESIAN_POINT('',(0.0283512207593573,-0.0454087379246661,0.0231892591207759));
#8703=CARTESIAN_POINT('',(0.0283719409686366,-0.0454165708510128,0.0224001665435541));
#8704=CARTESIAN_POINT('',(0.0266902139530068,-0.0452772676467316,0.0234323443511008));
#8705=CARTESIAN_POINT('',(0.0269183489857287,-0.0460433652610301,0.0232594483899224));
#8706=CARTESIAN_POINT('',(0.0268723292208541,-0.0460654098741398,0.022457430330289));
#8707=CARTESIAN_POINT('',(0.0261046529216957,-0.0453450294266855,0.0234942639982385));
#8708=CARTESIAN_POINT('',(0.0261803720688835,-0.0461454839248942,0.0233343465136212));
#8709=CARTESIAN_POINT('',(0.0260952990259444,-0.046155328671984,0.0225190551220564));
#8710=CARTESIAN_POINT('',(0.0261508273518261,-0.0461485090236751,0.0225147023618518));
#8711=CARTESIAN_POINT('',(0.026203477307751,-0.0461416688039347,0.0229740595600277));
#8712=CARTESIAN_POINT('',(0.0262283518441516,-0.0457786467405612,0.0233970832087663));
#8713=CARTESIAN_POINT('',(0.0262044280821985,-0.0453317917741345,0.0234840059186645));
#8714=CARTESIAN_POINT('',(9.24216232743736E-05,-0.0452114741506842,-0.1812996));
#8715=CARTESIAN_POINT('',(0.0222245915663834,-0.0428787906534791,0.0225004));
#8716=CARTESIAN_POINT('',(0.021632807540464,-0.0418537906534791,0.0225004));
#8717=CARTESIAN_POINT('',(0.021632807540464,-0.0418537906534791,0.0226004));
#8718=CARTESIAN_POINT('',(0.000527074511202553,-0.00529758871581376,0.0226004));
#8719=CARTESIAN_POINT('',(0.0228163755923027,-0.0439037906534791,0.0226004));
#8720=CARTESIAN_POINT('',(0.0228163755923027,-0.0439037906534791,0.0225004));
#8721=CARTESIAN_POINT('',(0.0222245915663834,-0.0408287906534791,0.0225004));
#8722=CARTESIAN_POINT('',(0.0228163755923027,-0.0398037906534792,0.0225004));
#8723=CARTESIAN_POINT('',(0.0228163755923027,-0.0398037906534792,0.0226004));
#8724=CARTESIAN_POINT('',(0.0319221367994934,-0.0240321496010351,0.0226004));
#8725=CARTESIAN_POINT('',(0.0239999436441415,-0.0398037906534792,0.0225004));
#8726=CARTESIAN_POINT('',(0.0251835116959802,-0.0398037906534792,0.0225004));
#8727=CARTESIAN_POINT('',(0.0251835116959802,-0.0398037906534792,0.0226004));
#8728=CARTESIAN_POINT('',(3.69402998409675E-17,-0.0398037906534792,0.0226004));
#8729=CARTESIAN_POINT('',(0.0257752957218996,-0.0408287906534791,0.0225004));
#8730=CARTESIAN_POINT('',(0.026367079747819,-0.0418537906534792,0.0225004));
#8731=CARTESIAN_POINT('',(0.026367079747819,-0.0418537906534792,0.0226004));
#8732=CARTESIAN_POINT('',(0.00407777866671875,-0.00324758871581376,0.0226004));
#8733=CARTESIAN_POINT('',(0.0257752957218996,-0.0428787906534791,0.0225004));
#8734=CARTESIAN_POINT('',(0.0251835116959803,-0.0439037906534791,0.0225004));
#8735=CARTESIAN_POINT('',(0.0251835116959803,-0.0439037906534791,0.0226004));
#8736=CARTESIAN_POINT('',(0.0354728409550096,-0.0260821496010351,0.0226004));
#8737=CARTESIAN_POINT('',(0.0239999436441415,-0.0439037906534791,0.0225004));
#8738=CARTESIAN_POINT('',(3.95404032687834E-17,-0.0439037906534792,0.0226004));
#8739=CARTESIAN_POINT('',(1.5250430261246E-17,-0.00560189532673954,0.0226004));
#8740=CARTESIAN_POINT('',(0.00487464792224192,-0.0424206437591138,0.0225004));
#8741=CARTESIAN_POINT('',(0.00428286389632256,-0.0413956437591138,0.0225004));
#8742=CARTESIAN_POINT('',(0.00428286389632256,-0.0413956437591138,0.0226004));
#8743=CARTESIAN_POINT('',(-0.0122869997973109,-0.0126957979672499,0.0226004));
#8744=CARTESIAN_POINT('',(0.00546643194816128,-0.0434456437591138,0.0226004));
#8745=CARTESIAN_POINT('',(0.00546643194816128,-0.0434456437591138,0.0225004));
#8746=CARTESIAN_POINT('',(0.00487464792224193,-0.0403706437591138,0.0225004));
#8747=CARTESIAN_POINT('',(0.0054664319481613,-0.0393456437591138,0.0225004));
#8748=CARTESIAN_POINT('',(0.0054664319481613,-0.0393456437591138,0.0226004));
#8749=CARTESIAN_POINT('',(0.0187112956417947,-0.0164048669024163,0.0226004));
#8750=CARTESIAN_POINT('',(0.00665,-0.0393456437591138,0.0225004));
#8751=CARTESIAN_POINT('',(0.00783356805183876,-0.0393456437591138,0.0225004));
#8752=CARTESIAN_POINT('',(0.00783356805183876,-0.0393456437591138,0.0226004));
#8753=CARTESIAN_POINT('',(3.66497561067034E-17,-0.0393456437591138,0.0226004));
#8754=CARTESIAN_POINT('',(0.00842535207775813,-0.0403706437591138,0.0225004));
#8755=CARTESIAN_POINT('',(0.0090171361036775,-0.0413956437591138,0.0225004));
#8756=CARTESIAN_POINT('',(0.0090171361036775,-0.0413956437591138,0.0226004));
#8757=CARTESIAN_POINT('',(-0.00873629564179466,-0.0106457979672499,0.0226004));
#8758=CARTESIAN_POINT('',(0.00842535207775813,-0.0424206437591138,0.0225004));
#8759=CARTESIAN_POINT('',(0.00783356805183876,-0.0434456437591138,0.0225004));
#8760=CARTESIAN_POINT('',(0.00783356805183876,-0.0434456437591138,0.0226004));
#8761=CARTESIAN_POINT('',(0.0222619997973109,-0.0184548669024163,0.0226004));
#8762=CARTESIAN_POINT('',(0.00665,-0.0434456437591138,0.0225004));
#8763=CARTESIAN_POINT('',(3.92498595345194E-17,-0.0434456437591138,0.0226004));
#8764=CARTESIAN_POINT('',(1.5250430261246E-17,-0.00560189532673954,0.0226004));
#8765=CARTESIAN_POINT('',(0.,0.,0.));
#8766=CARTESIAN_POINT('',(2.13240157950717E-18,-0.006899999,-0.1806996));
#8767=CARTESIAN_POINT('',(2.13240157950717E-18,-0.00347436131884059,-0.1806996));
#8768=CARTESIAN_POINT('',(-0.0386521739130435,-0.00347436131884059,0.0256842037692718));
#8769=CARTESIAN_POINT('',(-0.0324883332076302,-0.00347436131884059,0.0267438217126863));
#8770=CARTESIAN_POINT('',(2.75368938199687E-17,-0.006899999,0.0267438217126863));
#8771=CARTESIAN_POINT('',(-0.026279258719522,0.0125068902222586,0.0267438217126863));
#8772=CARTESIAN_POINT('',(-0.0169679154481354,-0.0130758151606669,-0.1806996));
#8773=CARTESIAN_POINT('',(-0.0326261748464411,0.0299448989641413,0.0234522704516358));
#8774=CARTESIAN_POINT('',(-0.0326261748464411,0.0299448989641413,0.0234522704516358));
#8775=CARTESIAN_POINT('',(-0.0326457686726652,0.0299987325592525,0.0234394233250657));
#8776=CARTESIAN_POINT('',(-0.032673644217021,0.030047732833186,0.0234261003227731));
#8777=CARTESIAN_POINT('',(-0.0327097034731908,0.0300919569081539,0.0234123067981707));
#8778=CARTESIAN_POINT('',(-0.0327097034731909,0.0300919569081539,0.0234123067981707));
#8779=CARTESIAN_POINT('',(-0.0327097034731891,0.0300919569081554,0.0234123067981707));
#8780=CARTESIAN_POINT('',(-0.0331398540194253,0.0306195084684064,0.0232477634288047));
#8781=CARTESIAN_POINT('',(-0.0343049454737388,0.031390620648744,0.0229140459836392));
#8782=CARTESIAN_POINT('',(-0.0364587989767845,0.0313551168630787,0.0225462070680203));
#8783=CARTESIAN_POINT('',(-0.0382152861541949,0.030043203080694,0.0224661619002423));
#8784=CARTESIAN_POINT('',(-0.0386521739130435,0.0286669431566149,0.0226264755563639));
#8785=CARTESIAN_POINT('',(-0.0386521739130435,0.027976357657238,0.0227448621957378));
#8786=CARTESIAN_POINT('',(-0.0386521739130435,0.027976357657238,0.0227448621957378));
#8787=CARTESIAN_POINT('',(-0.0386521739130436,-0.006899999,-0.1806996));
#8788=CARTESIAN_POINT('',(-5.83646685531478E-18,-0.006899999,0.0293024));
#8789=CARTESIAN_POINT('',(-0.0229168005614939,0.011198679853523,0.0293024));
#8790=CARTESIAN_POINT('',(-0.0229168005614939,0.011198679853523,0.023780344259648));
#8791=CARTESIAN_POINT('',(-0.0229168005614939,0.011198679853523,0.0203004));
#8792=CARTESIAN_POINT('',(-6.51272364402832E-18,-0.006899999,0.023780344259648));
#8793=CARTESIAN_POINT('',(-0.0291647797408372,-0.00543113995760522,0.023780344259648));
#8794=CARTESIAN_POINT('',(-0.0291647797408372,-0.00543113995760522,0.0293024));
#8795=CARTESIAN_POINT('',(-0.0291647797408372,-0.00543113995760522,0.0203004));
#8796=CARTESIAN_POINT('',(-6.93889390390723E-18,-0.006899999,0.0203004));
#8797=CARTESIAN_POINT('',(-0.0238192897566867,0.0119114303376059,0.0293024));
#8798=CARTESIAN_POINT('',(-0.0227386432427829,0.0123047535024304,0.0293024));
#8799=CARTESIAN_POINT('',(-0.0227386432427829,0.0123047535024304,0.023780344259648));
#8800=CARTESIAN_POINT('',(-0.0227386432427829,0.0123047535024304,0.0203004));
#8801=CARTESIAN_POINT('',(-0.0238192897566867,0.0119114303376059,0.023780344259648));
#8802=CARTESIAN_POINT('',(-0.0238192897566867,0.0119114303376059,0.0203004));
#8803=CARTESIAN_POINT('',(-0.0303133242213179,-0.005373299,0.0293024));
#8804=CARTESIAN_POINT('',(-0.0303133242213179,-0.005373299,0.023780344259648));
#8805=CARTESIAN_POINT('',(-0.0303133242213179,-0.006523299,0.023780344259648));
#8806=CARTESIAN_POINT('',(-0.0303133242213179,-0.006523299,0.0293024));
#8807=CARTESIAN_POINT('',(-0.0303133242213179,-0.006523299,0.0203004));
#8808=CARTESIAN_POINT('',(-0.0303133242213179,-0.005373299,0.0203004));
#8809=CARTESIAN_POINT('',(0.,-0.004575,0.0203004));
#8810=CARTESIAN_POINT('',(-0.0246969706772407,0.00968380266867319,0.0203004));
#8811=CARTESIAN_POINT('',(-0.0312828638963225,-0.001723299,0.0203004));
#8812=CARTESIAN_POINT('',(-0.0324664319481613,-0.003773299,0.0203004));
#8813=CARTESIAN_POINT('',(-0.0222273251672431,-0.0174079521686732,0.0203004));
#8814=CARTESIAN_POINT('',(-0.0324664319481613,0.000326700999999997,0.0203004));
#8815=CARTESIAN_POINT('',(9.20487121368054E-19,0.000326700999999991,0.0203004));
#8816=CARTESIAN_POINT('',(-0.0348335680518388,0.000326701,0.0203004));
#8817=CARTESIAN_POINT('',(-0.0282476748327568,0.0117338026686732,0.0203004));
#8818=CARTESIAN_POINT('',(-0.0360171361036775,-0.001723299,0.0203004));
#8819=CARTESIAN_POINT('',(-0.0257780293227594,-0.0194579521686732,0.0203004));
#8820=CARTESIAN_POINT('',(-0.0348335680518388,-0.003773299,0.0203004));
#8821=CARTESIAN_POINT('',(0.,-0.003773299,0.0203004));
#8822=CARTESIAN_POINT('',(-0.0342113412683188,0.0151769270906021,0.0203004));
#8823=CARTESIAN_POINT('',(-0.0312828638963226,0.0202491986877152,0.0203004));
#8824=CARTESIAN_POINT('',(-0.0324664319481613,0.0181991986877152,0.0203004));
#8825=CARTESIAN_POINT('',(-0.0127129545761651,-0.0119148277467444,0.0203004));
#8826=CARTESIAN_POINT('',(-0.0324664319481613,0.0222991986877152,0.0203004));
#8827=CARTESIAN_POINT('',(4.03735010179172E-17,0.0222991986877152,0.0203004));
#8828=CARTESIAN_POINT('',(-0.0348335680518388,0.0222991986877152,0.0203004));
#8829=CARTESIAN_POINT('',(-0.0377620454238349,0.017226927090602,0.0203004));
#8830=CARTESIAN_POINT('',(-0.0360171361036775,0.0202491986877152,0.0203004));
#8831=CARTESIAN_POINT('',(-0.0162636587316814,-0.0139648277467444,0.0203004));
#8832=CARTESIAN_POINT('',(-0.0348335680518388,0.0181991986877152,0.0203004));
#8833=CARTESIAN_POINT('',(6.842802232619E-17,0.0181991986877151,0.0203004));
#8834=CARTESIAN_POINT('',(-0.0411,0.0126883505,0.0203004));
#8835=CARTESIAN_POINT('',(-0.0411,-0.005373299,0.0203004));
#8836=CARTESIAN_POINT('',(-0.0411,0.0246656468828266,0.0203004));
#8837=CARTESIAN_POINT('',(-0.0411,0.0246656468828266,0.0203004));
#8838=CARTESIAN_POINT('',(-0.0411,0.0256296892768231,0.0203004));
#8839=CARTESIAN_POINT('',(-0.0410889244748494,0.0265935906149694,0.0203004));
#8840=CARTESIAN_POINT('',(-0.0410631723738928,0.027557305034947,0.0203004));
#8841=CARTESIAN_POINT('',(-0.0410631723738933,0.027557305034947,0.0203004));
#8842=CARTESIAN_POINT('',(-0.0410631723738933,0.027557305034947,0.0203004));
#8843=CARTESIAN_POINT('',(-0.0410322757563485,0.0287135414098677,0.0203004));
#8844=CARTESIAN_POINT('',(-0.0403281614123005,0.0309634419798937,0.0203004));
#8845=CARTESIAN_POINT('',(-0.0376760259039009,0.0333587329747818,0.0203004));
#8846=CARTESIAN_POINT('',(-0.0341863455832381,0.0340461240748737,0.0203004));
#8847=CARTESIAN_POINT('',(-0.0319545965327496,0.0332167729825888,0.0203004));
#8848=CARTESIAN_POINT('',(-0.0310279807337015,0.0325240996797748,0.0203004));
#8849=CARTESIAN_POINT('',(-0.0310279807337015,0.0325240996797748,0.0203004));
#8850=CARTESIAN_POINT('',(-0.0348,0.027478123990706,0.0203004));
#8851=CARTESIAN_POINT('',(-0.0299173510813644,0.0314592971265237,0.0203004));
#8852=CARTESIAN_POINT('',(-0.0326299329447421,0.0292475332072764,0.0203004));
#8853=CARTESIAN_POINT('',(-0.0293410087719914,0.0304446037089163,0.0203004));
#8854=CARTESIAN_POINT('',(-0.0146536790685282,-0.00990850300343396,0.0203004));
#8855=CARTESIAN_POINT('',(0.,-0.006523299,0.0203004));
#8856=CARTESIAN_POINT('',(-0.03995,-0.006523299,0.0203004));
#8857=CARTESIAN_POINT('',(-0.03995,-0.005373299,0.0203004));
#8858=CARTESIAN_POINT('',(1.10242704859245E-18,-0.006523299,0.0293024));
#8859=CARTESIAN_POINT('',(-0.0303133242213179,-0.006523299,0.023780344259648));
#8860=CARTESIAN_POINT('',(-0.0303133242213179,-0.006523299,0.0238667487360116));
#8861=CARTESIAN_POINT('',(-0.0303193555938612,-0.006523299,0.023952730138385));
#8862=CARTESIAN_POINT('',(-0.0303314178638994,-0.006523299,0.0240382885000907));
#8863=CARTESIAN_POINT('',(-0.0303314178638994,-0.006523299,0.0240382885000907));
#8864=CARTESIAN_POINT('',(2.13240157950717E-18,-0.006523299,-0.1806996));
#8865=CARTESIAN_POINT('',(-0.03995,-0.006523299,0.0223806683598532));
#8866=CARTESIAN_POINT('',(-0.03995,-0.006523299,0.0293024));
#8867=CARTESIAN_POINT('',(-0.03995,-0.005373299,0.0293024));
#8868=CARTESIAN_POINT('',(-0.03995,-0.005373299,0.0223806683598533));
#8869=CARTESIAN_POINT('',(-0.0411,-0.005373299,0.0223806683598533));
#8870=CARTESIAN_POINT('',(-0.0411,-0.005373299,0.0293024));
#8871=CARTESIAN_POINT('',(-0.0411,0.0126883505,0.0293024));
#8872=CARTESIAN_POINT('',(-0.0411,-0.005373299,0.0223806683598533));
#8873=CARTESIAN_POINT('',(-0.0411,-0.005373299,0.0225076397279418));
#8874=CARTESIAN_POINT('',(-0.0411,-0.00536084154921572,0.0226333758366417));
#8875=CARTESIAN_POINT('',(-0.0411,-0.00533589597291499,0.0227578736442992));
#8876=CARTESIAN_POINT('',(-0.0411,-0.00533589597291499,0.0227578736442992));
#8877=CARTESIAN_POINT('',(-0.0411,-0.006899999,-0.1806996));
#8878=CARTESIAN_POINT('',(-0.0348,0.027478123990706,0.0293024));
#8879=CARTESIAN_POINT('',(-0.0310279807337015,0.0325240996797748,0.0203004));
#8880=CARTESIAN_POINT('',(-0.0306140935746709,0.0322147065248852,0.0203656537123243));
#8881=CARTESIAN_POINT('',(-0.0302438855872687,0.0318597703784409,0.0204309946060536));
#8882=CARTESIAN_POINT('',(-0.029917351081365,0.0314592971265232,0.0204964224153397));
#8883=CARTESIAN_POINT('',(-0.0299173510813644,0.0314592971265237,0.0204964226999917));
#8884=CARTESIAN_POINT('',(-0.0299173510813644,0.0314592971265237,0.0293024));
#8885=CARTESIAN_POINT('',(-0.0326299329447421,0.0292475332072764,0.0293024));
#8886=CARTESIAN_POINT('',(-0.0299173510875773,0.0314592971341413,0.0204964226999917));
#8887=CARTESIAN_POINT('',(-0.0296680618288256,0.0311535603815601,0.0205100454635394));
#8888=CARTESIAN_POINT('',(-0.0294759428370706,0.0308153320058366,0.020523176229279));
#8889=CARTESIAN_POINT('',(-0.0293410087719914,0.0304446037089163,0.0205358151594696));
#8890=CARTESIAN_POINT('',(-0.0293410087719914,0.0304446037089163,0.0205358151594696));
#8891=CARTESIAN_POINT('',(-0.0293410087719914,0.0304446037089163,0.0293024));
#8892=CARTESIAN_POINT('',(-0.0146536790685282,-0.00990850300343396,0.0293024));
#8893=CARTESIAN_POINT('',(-0.0139064387936614,-0.0119615287855375,-0.1806996));
#8894=CARTESIAN_POINT('',(-0.0227404700434377,0.0123097725959794,0.0239099358459199));
#8895=CARTESIAN_POINT('',(-0.0227404700434377,0.0123097725959794,0.0239099358459199));
#8896=CARTESIAN_POINT('',(-0.0227392527808864,0.012306428194606,0.0238668119581807));
#8897=CARTESIAN_POINT('',(-0.0227386432427829,0.0123047535024304,0.0238236148356092));
#8898=CARTESIAN_POINT('',(-0.0227386432427829,0.0123047535024304,0.023780344259648));
#8899=CARTESIAN_POINT('',(-0.03995,-0.006523299,0.0223806683598533));
#8900=CARTESIAN_POINT('',(-0.0411,-0.00652329899999999,0.0223806683598533));
#8901=CARTESIAN_POINT('',(-0.0411,-0.005373299,0.0223806683598533));
#8902=CARTESIAN_POINT('',(-0.0399650517785218,-0.006523299,0.0225850324455859));
#8903=CARTESIAN_POINT('',(-0.041099999999998,-0.00650834507579389,0.0225837037312798));
#8904=CARTESIAN_POINT('',(-0.0411,-0.00537329899415374,0.0225085188229407));
#8905=CARTESIAN_POINT('',(-0.0399798244962886,-0.0065028212542015,0.0227859798010381));
#8906=CARTESIAN_POINT('',(-0.0411000000000008,-0.00647392726753279,0.0227818126500674));
#8907=CARTESIAN_POINT('',(-0.0411,-0.00536067105551602,0.022634226726217));
#8908=CARTESIAN_POINT('',(-0.0399943304700486,-0.00646264544256482,0.022983639988268));
#8909=CARTESIAN_POINT('',(-0.0411,-0.00642082340513947,0.0229752601232304));
#8910=CARTESIAN_POINT('',(-0.0411,-0.00533589597291497,0.0227578736442991));
#8911=CARTESIAN_POINT('',(-0.03995,-0.00533589597291499,0.0227578736442992));
#8912=CARTESIAN_POINT('',(-0.0399943304700486,-0.00646264544256484,0.0229836399882679));
#8913=CARTESIAN_POINT('',(-0.0399943304700486,-0.00646264544256484,0.0229836399882679));
#8914=CARTESIAN_POINT('',(-0.0399797284415006,-0.00650308728781539,0.022784670947494));
#8915=CARTESIAN_POINT('',(-0.0399649521499477,-0.006523299,0.0225836797479328));
#8916=CARTESIAN_POINT('',(-0.03995,-0.006523299,0.0223806683598533));
#8917=CARTESIAN_POINT('',(-0.0399943304700486,-0.00646264544256485,0.022983639988268));
#8918=CARTESIAN_POINT('',(-0.0411,-0.00642082340513947,0.0229752601232305));
#8919=CARTESIAN_POINT('',(-0.0411,-0.005335895972915,0.0227578736442993));
#8920=CARTESIAN_POINT('',(-0.0400253738048843,-0.0063766675920878,0.0234066407337409));
#8921=CARTESIAN_POINT('',(-0.0410708145811114,-0.00628201077189418,0.0235253755367691));
#8922=CARTESIAN_POINT('',(-0.0410999999999999,-0.00528160988098326,0.0231872135543126));
#8923=CARTESIAN_POINT('',(-0.0399658199942746,-0.00603618080728086,0.0241762789069806));
#8924=CARTESIAN_POINT('',(-0.0407579130602958,-0.00580690955492278,0.0243649269443206));
#8925=CARTESIAN_POINT('',(-0.0409152015929571,-0.00506897609667817,0.0239824271418162));
#8926=CARTESIAN_POINT('',(-0.0396446511617398,-0.00526549116873292,0.0249979156132118));
#8927=CARTESIAN_POINT('',(-0.0400819026691849,-0.0049989155614717,0.0250862203096583));
#8928=CARTESIAN_POINT('',(-0.0403092227442234,-0.00458878547150807,0.0248622219501018));
#8929=CARTESIAN_POINT('',(-0.0391920659481389,-0.00438749181322742,0.0255045936558627));
#8930=CARTESIAN_POINT('',(-0.0393788747524919,-0.00422542261930206,0.0255005898027424));
#8931=CARTESIAN_POINT('',(-0.0395315083581671,-0.00404206730724593,0.025435288385225));
#8932=CARTESIAN_POINT('',(-0.0388379357251845,-0.00377854346542703,0.0256544626755721));
#8933=CARTESIAN_POINT('',(-0.0388945678298584,-0.00372093487940824,0.0256429002365573));
#8934=CARTESIAN_POINT('',(-0.0389511998998169,-0.00366332625799631,0.0256313378038712));
#8935=CARTESIAN_POINT('',(-0.0386521739130435,-0.00347436131884059,0.0256842037692717));
#8936=CARTESIAN_POINT('',(-0.0386521739130435,-0.00347436131884059,0.0256842037692717));
#8937=CARTESIAN_POINT('',(-0.0386521739130435,-0.00347436131884059,0.0256842037692717));
#8938=CARTESIAN_POINT('',(-0.0411,-0.00533589597291499,0.0227578736442992));
#8939=CARTESIAN_POINT('',(-0.0410999999999999,-0.00523925062353429,0.0235222265164401));
#8940=CARTESIAN_POINT('',(-0.0405020324994492,-0.00469832936777792,0.0249290376925742));
#8941=CARTESIAN_POINT('',(-0.03928740735666,-0.0038757866331638,0.0255718983682091));
#8942=CARTESIAN_POINT('',(-0.0386521739130435,-0.00347436131884059,0.0256842037692717));
#8943=CARTESIAN_POINT('',(-0.0399943304700486,-0.00646264544256484,0.0229836399882679));
#8944=CARTESIAN_POINT('',(-0.040049600768446,-0.00630956857058256,0.0237367598865886));
#8945=CARTESIAN_POINT('',(-0.0397721695139243,-0.00544140928197318,0.0250780255295824));
#8946=CARTESIAN_POINT('',(-0.0390468271170346,-0.00412059993915307,0.0256210184578807));
#8947=CARTESIAN_POINT('',(-0.0386521739130435,-0.00347436131884059,0.0256842037692718));
#8948=CARTESIAN_POINT('',(2.13240157950717E-18,-0.003523299,-0.1806996));
#8949=CARTESIAN_POINT('',(-0.0303314178638994,-0.006523299,0.0240382885000907));
#8950=CARTESIAN_POINT('',(-0.0304541361601019,-0.00652329899999998,0.024892113917282));
#8951=CARTESIAN_POINT('',(-0.0311477359303699,-0.00573176281227607,0.0264291926747958));
#8952=CARTESIAN_POINT('',(-0.0320794607633337,-0.00421817571746752,0.0268201394995351));
#8953=CARTESIAN_POINT('',(-0.0324883332076302,-0.00347436131884059,0.0267438217126863));
#8954=CARTESIAN_POINT('',(-0.0381,-0.006899999,-0.1806996));
#8955=CARTESIAN_POINT('',(-0.0381000000000006,0.0274781239907059,0.0198385127357986));
#8956=CARTESIAN_POINT('',(-0.0291647799581969,-0.00543114427337565,0.0237803442596479));
#8957=CARTESIAN_POINT('',(-0.0292197852294421,-0.006523299,0.023780344259648));
#8958=CARTESIAN_POINT('',(-0.0303133242213179,-0.006523299,0.023780344259648));
#8959=CARTESIAN_POINT('',(-0.0291647799582075,-0.00543114427358491,0.0239214396524357));
#8960=CARTESIAN_POINT('',(-0.0292197852362008,-0.00652329899999994,0.0239188493770022));
#8961=CARTESIAN_POINT('',(-0.0303133242256511,-0.006523299,0.0238673530852003));
#8962=CARTESIAN_POINT('',(-0.0291746852736953,-0.00543094157266072,0.0240608459450359));
#8963=CARTESIAN_POINT('',(-0.0292293269213522,-0.00652329899999952,0.0240557192694336));
#8964=CARTESIAN_POINT('',(-0.0303194387957068,-0.006523299,0.0239533202990733));
#8965=CARTESIAN_POINT('',(-0.0291940908354372,-0.00543054515915235,0.0241986322171226));
#8966=CARTESIAN_POINT('',(-0.0292480215136059,-0.006523299,0.02419102891114));
#8967=CARTESIAN_POINT('',(-0.0303314178638994,-0.006523299,0.0240382885000907));
#8968=CARTESIAN_POINT('',(-0.0303314178638994,-0.005373299,0.0240382885000907));
#8969=CARTESIAN_POINT('',(-0.0291940908354372,-0.00543054515915236,0.0241986322171226));
#8970=CARTESIAN_POINT('',(-0.0291940908354372,-0.00543054515915236,0.0241986322171226));
#8971=CARTESIAN_POINT('',(-0.0291745503325805,-0.00543094432923652,0.0240598878159409));
#8972=CARTESIAN_POINT('',(-0.029164779958197,-0.00543114427337566,0.0239204585028695));
#8973=CARTESIAN_POINT('',(-0.029164779958197,-0.00543114427337566,0.023780344259648));
#8974=CARTESIAN_POINT('',(-0.0291940908354372,-0.00543054515915235,0.0241986322171226));
#8975=CARTESIAN_POINT('',(-0.0292480215136059,-0.006523299,0.0241910289111401));
#8976=CARTESIAN_POINT('',(-0.0303314178638994,-0.006523299,0.0240382885000907));
#8977=CARTESIAN_POINT('',(-0.0292273623397018,-0.00542986548486952,0.0244348715317718));
#8978=CARTESIAN_POINT('',(-0.0292922948638871,-0.00652390990884265,0.0245094899741854));
#8979=CARTESIAN_POINT('',(-0.0303653584700627,-0.00652329899999999,0.0242744337571575));
#8980=CARTESIAN_POINT('',(-0.0293465727994098,-0.0053939536701866,0.0248885927144984));
#8981=CARTESIAN_POINT('',(-0.0294674130559277,-0.00642993635192273,0.0251027683471461));
#8982=CARTESIAN_POINT('',(-0.030464431690122,-0.00646689966681392,0.0247309855648773));
#8983=CARTESIAN_POINT('',(-0.029768165217203,-0.00519713176588908,0.0256929035843013));
#8984=CARTESIAN_POINT('',(-0.0300356087371263,-0.00597367261152455,0.0259913798249812));
#8985=CARTESIAN_POINT('',(-0.0307691562592495,-0.00615190878730317,0.0255517268355523));
#8986=CARTESIAN_POINT('',(-0.0305101328492341,-0.00478202518786159,0.0263916575000562));
#8987=CARTESIAN_POINT('',(-0.0308201425209714,-0.00523953935351789,0.0265474409005826));
#8988=CARTESIAN_POINT('',(-0.0312642330086879,-0.00549114543124598,0.0262852069330055));
#8989=CARTESIAN_POINT('',(-0.0314975956697021,-0.00416224442125924,0.0267861828476635));
#8990=CARTESIAN_POINT('',(-0.0316856838179203,-0.00435823980369365,0.0267997015357385));
#8991=CARTESIAN_POINT('',(-0.0318900971509322,-0.00452379358092928,0.0267306822933839));
#8992=CARTESIAN_POINT('',(-0.0321664391889027,-0.00370409017133373,0.0267980281457401));
#8993=CARTESIAN_POINT('',(-0.0322316347221411,-0.00376341422352632,0.0267887973318729));
#8994=CARTESIAN_POINT('',(-0.0322968302918539,-0.00382273823481634,0.0267795665127256));
#8995=CARTESIAN_POINT('',(-0.0324883332076303,-0.00347436131884058,0.0267438217126863));
#8996=CARTESIAN_POINT('',(-0.0324883332076303,-0.00347436131884059,0.0267438217126863));
#8997=CARTESIAN_POINT('',(-0.0324883332076303,-0.00347436131884059,0.0267438217126863));
#8998=CARTESIAN_POINT('',(-0.0291940908354372,-0.00543054515915236,0.0241986322171226));
#8999=CARTESIAN_POINT('',(-0.0293141237994786,-0.00542809314608441,0.0250509082225108));
#9000=CARTESIAN_POINT('',(-0.0303019813142483,-0.00494142152327563,0.0265485403731212));
#9001=CARTESIAN_POINT('',(-0.0318024414737307,-0.00396383351082032,0.026859324211547));
#9002=CARTESIAN_POINT('',(-0.0324883332076302,-0.00347436131884059,0.0267438217126863));
#9003=CARTESIAN_POINT('',(-0.029917351081365,0.0314592971265232,0.0204964224153397));
#9004=CARTESIAN_POINT('',(-0.030367000167886,0.0320107623733659,0.0234399816328501));
#9005=CARTESIAN_POINT('',(-0.0327097034731891,0.0300919569081553,0.0234123067981708));
#9006=CARTESIAN_POINT('',(-0.0307269663800742,0.0324522374302716,0.0203341995736801));
#9007=CARTESIAN_POINT('',(-0.031255509392731,0.0328768716903068,0.023140626480246));
#9008=CARTESIAN_POINT('',(-0.0331399338330039,0.0306196063385797,0.0232477329010039));
#9009=CARTESIAN_POINT('',(-0.0329200023076252,0.0339038877054547,0.0200051499061292));
#9010=CARTESIAN_POINT('',(-0.0334513004809831,0.0340121051396016,0.0225704839080151));
#9011=CARTESIAN_POINT('',(-0.0343053152320613,0.0313910147066717,0.022913914397447));
#9012=CARTESIAN_POINT('',(-0.0369738947045729,0.0338346471197017,0.0196427171420997));
#9013=CARTESIAN_POINT('',(-0.0371865392316662,0.0336871034294625,0.0219821742478263));
#9014=CARTESIAN_POINT('',(-0.0364595575742745,0.0313542201887589,0.022546228984749));
#9015=CARTESIAN_POINT('',(-0.0402796070063922,0.0313707547305711,0.0195633472426656));
#9016=CARTESIAN_POINT('',(-0.0401667347326115,0.031398781889082,0.0218580030143466));
#9017=CARTESIAN_POINT('',(-0.0382162162802802,0.030044905393632,0.0224657087969421));
#9018=CARTESIAN_POINT('',(-0.0411000000000001,0.0287642534473061,0.0197230230187557));
#9019=CARTESIAN_POINT('',(-0.0410153103265855,0.029069276974436,0.0221085342165777));
#9020=CARTESIAN_POINT('',(-0.038652173919569,0.0286598080930972,0.0226276987145914));
#9021=CARTESIAN_POINT('',(-0.0411000000000001,0.027478123990706,0.0198385127357987));
#9022=CARTESIAN_POINT('',(-0.0411000000000001,0.0278989088498333,0.0222930795991499));
#9023=CARTESIAN_POINT('',(-0.0386521739130435,0.0279763576572379,0.0227448621957378));
#9024=CARTESIAN_POINT('',(-0.0322424219950007,0.0295635003951817,0.0204964224153397));
#9025=CARTESIAN_POINT('',(-0.022738643242783,0.0123047535024304,0.023780344259648));
#9026=CARTESIAN_POINT('',(-0.0225192720005759,0.0117020359679889,0.0237803442596479));
#9027=CARTESIAN_POINT('',(-0.0229167985484669,0.0111986824024382,0.0237803442596479));
#9028=CARTESIAN_POINT('',(-0.022738643243846,0.012304753505351,0.0238238573828785));
#9029=CARTESIAN_POINT('',(-0.022519272001829,0.0117020359714389,0.0238415887740671));
#9030=CARTESIAN_POINT('',(-0.022916798547492,0.0111986824036726,0.0238509060811029));
#9031=CARTESIAN_POINT('',(-0.0227392595211117,0.0123064467132228,0.0238670507682191));
#9032=CARTESIAN_POINT('',(-0.0225199997096142,0.011704035332139,0.0239024015092595));
#9033=CARTESIAN_POINT('',(-0.0229181849744411,0.0112009380140185,0.0239209494084885));
#9034=CARTESIAN_POINT('',(-0.0227404700434376,0.0123097725959791,0.02390993584592));
#9035=CARTESIAN_POINT('',(-0.0225214285739859,0.0117079611047362,0.0239627912417415));
#9036=CARTESIAN_POINT('',(-0.0229209080444672,0.0112053691163839,0.0239904927779269));
#9037=CARTESIAN_POINT('',(-0.0229167985484668,0.0111986824024382,0.023780344259648));
#9038=CARTESIAN_POINT('',(-0.0229167985484668,0.0111986824024382,0.023850491474576));
#9039=CARTESIAN_POINT('',(-0.0229181689799509,0.0112009119888187,0.0239205409472539));
#9040=CARTESIAN_POINT('',(-0.0229209080444674,0.0112053691163842,0.0239904927779267));
#9041=CARTESIAN_POINT('',(-0.0229209080444674,0.0112053691163842,0.0239904927779267));
#9042=CARTESIAN_POINT('',(-0.0238211165573416,0.0119164494311549,0.0239099358459199));
#9043=CARTESIAN_POINT('',(-6.51272364402832E-18,-0.006899999,0.023780344259648));
#9044=CARTESIAN_POINT('',(-0.0229209080444674,0.0112053691163842,0.0239904927779267));
#9045=CARTESIAN_POINT('',(-0.0229543390317789,0.0112597695053463,0.0248442728731345));
#9046=CARTESIAN_POINT('',(-0.023782062712302,0.0116461539354192,0.0264478667775029));
#9047=CARTESIAN_POINT('',(-0.025482744298522,0.0122524888680695,0.0268685253414081));
#9048=CARTESIAN_POINT('',(-0.026279258719522,0.0125068902222586,0.0267438217126863));
#9049=CARTESIAN_POINT('',(-0.0327097034731912,0.0300919569081543,0.0234123067981706));
#9050=CARTESIAN_POINT('',(-0.030367006656237,0.0320107672333865,0.0234399797122679));
#9051=CARTESIAN_POINT('',(-0.0299173562965665,0.0314593035226058,0.0204964224153396));
#9052=CARTESIAN_POINT('',(-0.032673644239519,0.0300477328077486,0.0234261003237779));
#9053=CARTESIAN_POINT('',(-0.0300615401451694,0.0317645121467411,0.0235335615936394));
#9054=CARTESIAN_POINT('',(-0.0296685474049327,0.0311541573758172,0.0205100188904958));
#9055=CARTESIAN_POINT('',(-0.0326457687033319,0.0299987325290031,0.0234394233256241));
#9056=CARTESIAN_POINT('',(-0.0297986279277181,0.0314687553080124,0.023629127554922));
#9057=CARTESIAN_POINT('',(-0.0294762061305621,0.0308160553987592,0.020523151563743));
#9058=CARTESIAN_POINT('',(-0.0326261748464412,0.0299448989641413,0.0234522704516358));
#9059=CARTESIAN_POINT('',(-0.0295857415752266,0.0311170015596047,0.0237266333896697));
#9060=CARTESIAN_POINT('',(-0.0293410087719915,0.0304446037089164,0.0205358151594696));
#9061=CARTESIAN_POINT('',(-0.0321600866343491,0.0294185432789393,0.0205358151594696));
#9062=CARTESIAN_POINT('',(-0.0227404700434378,0.0123097725959794,0.0239099358459199));
#9063=CARTESIAN_POINT('',(-0.022521428573986,0.0117079611047365,0.0239627912417414));
#9064=CARTESIAN_POINT('',(-0.0229209080444673,0.0112053691163842,0.0239904927779267));
#9065=CARTESIAN_POINT('',(-0.0227555505118285,0.0123512058423576,0.0243542901646355));
#9066=CARTESIAN_POINT('',(-0.0225307541215169,0.0117457086193414,0.0244630057896946));
#9067=CARTESIAN_POINT('',(-0.0229383436776299,0.0112337411402049,0.0244357740483993));
#9068=CARTESIAN_POINT('',(-0.0229999083272919,0.0124288656383596,0.0252220874567244));
#9069=CARTESIAN_POINT('',(-0.0228327875224053,0.0118654941085912,0.0254106294341715));
#9070=CARTESIAN_POINT('',(-0.02317331855307,0.011362740462791,0.0252999417325944));
#9071=CARTESIAN_POINT('',(-0.0238810581400895,0.012507822018299,0.0262094867587248));
#9072=CARTESIAN_POINT('',(-0.0238580789445296,0.0121045586464808,0.0263552432518817));
#9073=CARTESIAN_POINT('',(-0.0240069142636811,0.0117111374713101,0.0262681040447829));
#9074=CARTESIAN_POINT('',(-0.0250388450750239,0.0125366611488029,0.026744494956625));
#9075=CARTESIAN_POINT('',(-0.0250598285770343,0.0123275639206742,0.0267858089899433));
#9076=CARTESIAN_POINT('',(-0.0251021022873595,0.0121178202313403,0.0267756652179461));
#9077=CARTESIAN_POINT('',(-0.0258742055288737,0.0125220241384103,0.0267937186690347));
#9078=CARTESIAN_POINT('',(-0.0258843369846414,0.0124530139458475,0.0267988912878431));
#9079=CARTESIAN_POINT('',(-0.0258944684801518,0.0123840037589,0.0268040639036958));
#9080=CARTESIAN_POINT('',(-0.026279258719522,0.0125068902222586,0.0267438217126863));
#9081=CARTESIAN_POINT('',(-0.026279258719522,0.0125068902222586,0.0267438217126863));
#9082=CARTESIAN_POINT('',(-0.026279258719522,0.0125068902222586,0.0267438217126863));
#9083=CARTESIAN_POINT('',(-0.0227404700434377,0.0123097725959794,0.0239099358459199));
#9084=CARTESIAN_POINT('',(-0.0227694089573091,0.0123892816083843,0.0247626370490907));
#9085=CARTESIAN_POINT('',(-0.023644337572815,0.0125294596176062,0.0263831655157122));
#9086=CARTESIAN_POINT('',(-0.025440149198997,0.0125382451064824,0.0268471880920208));
#9087=CARTESIAN_POINT('',(-0.026279258719522,0.0125068902222586,0.0267438217126863));
#9088=CARTESIAN_POINT('',(-0.0167255166560192,-0.0129875892155145,-0.1806996));
#9089=CARTESIAN_POINT('',(-0.0318746479222419,0.0192241986877152,0.0225004));
#9090=CARTESIAN_POINT('',(-0.0324664319481613,0.0181991986877152,0.0225004));
#9091=CARTESIAN_POINT('',(-0.0324664319481613,0.0181991986877152,0.0226004));
#9092=CARTESIAN_POINT('',(-0.0381201016034485,0.00840675559554745,0.0226004));
#9093=CARTESIAN_POINT('',(-0.0312828638963226,0.0202491986877152,0.0226004));
#9094=CARTESIAN_POINT('',(-0.0312828638963226,0.0202491986877152,0.0225004));
#9095=CARTESIAN_POINT('',(-0.03365,0.0181991986877152,0.0225004));
#9096=CARTESIAN_POINT('',(-0.0348335680518388,0.0181991986877152,0.0225004));
#9097=CARTESIAN_POINT('',(-0.0348335680518388,0.0181991986877152,0.0226004));
#9098=CARTESIAN_POINT('',(8.22644642950102E-17,0.0181991986877151,0.0226004));
#9099=CARTESIAN_POINT('',(-0.0354253520777581,0.0192241986877152,0.0225004));
#9100=CARTESIAN_POINT('',(-0.0360171361036775,0.0202491986877152,0.0225004));
#9101=CARTESIAN_POINT('',(-0.0360171361036775,0.0202491986877152,0.0226004));
#9102=CARTESIAN_POINT('',(-0.0123548983965516,-0.0207349992417991,0.0226004));
#9103=CARTESIAN_POINT('',(-0.0354253520777581,0.0212741986877152,0.0225004));
#9104=CARTESIAN_POINT('',(-0.0348335680518388,0.0222991986877152,0.0225004));
#9105=CARTESIAN_POINT('',(-0.0348335680518388,0.0222991986877152,0.0226004));
#9106=CARTESIAN_POINT('',(-0.0416708057589647,0.0104567555955474,0.0226004));
#9107=CARTESIAN_POINT('',(-0.03365,0.0222991986877152,0.0225004));
#9108=CARTESIAN_POINT('',(-0.0324664319481613,0.0222991986877152,0.0225004));
#9109=CARTESIAN_POINT('',(-0.0324664319481613,0.0222991986877152,0.0226004));
#9110=CARTESIAN_POINT('',(4.06487063561043E-17,0.0222991986877152,0.0226004));
#9111=CARTESIAN_POINT('',(-0.0318746479222419,0.0212741986877152,0.0225004));
#9112=CARTESIAN_POINT('',(-0.00880419424103533,-0.0186849992417991,0.0226004));
#9113=CARTESIAN_POINT('',(-1.32860312924459E-17,-0.0136018953267395,0.0226004));
#9114=CARTESIAN_POINT('',(-0.0318746479222419,-0.002748299,0.0225004));
#9115=CARTESIAN_POINT('',(-0.0324664319481613,-0.003773299,0.0225004));
#9116=CARTESIAN_POINT('',(-0.0324664319481613,-0.003773299,0.0226004));
#9117=CARTESIAN_POINT('',(-0.0251416293972326,0.00891363117361852,0.0226004));
#9118=CARTESIAN_POINT('',(-0.0312828638963225,-0.001723299,0.0226004));
#9119=CARTESIAN_POINT('',(-0.0312828638963225,-0.001723299,0.0225004));
#9120=CARTESIAN_POINT('',(-0.03365,-0.003773299,0.0225004));
#9121=CARTESIAN_POINT('',(-0.0348335680518388,-0.003773299,0.0225004));
#9122=CARTESIAN_POINT('',(-0.0348335680518388,-0.003773299,0.0226004));
#9123=CARTESIAN_POINT('',(-1.11100370558695E-17,-0.003773299,0.0226004));
#9124=CARTESIAN_POINT('',(-0.0354253520777581,-0.002748299,0.0225004));
#9125=CARTESIAN_POINT('',(-0.0360171361036775,-0.001723299,0.0225004));
#9126=CARTESIAN_POINT('',(-0.0360171361036775,-0.001723299,0.0226004));
#9127=CARTESIAN_POINT('',(-0.0253333706027674,-0.0202281236637279,0.0226004));
#9128=CARTESIAN_POINT('',(-0.0354253520777581,-0.000698299000000008,0.0225004));
#9129=CARTESIAN_POINT('',(-0.0348335680518388,0.000326701,0.0225004));
#9130=CARTESIAN_POINT('',(-0.0348335680518388,0.000326701,0.0226004));
#9131=CARTESIAN_POINT('',(-0.0286923335527488,0.0109636311736185,0.0226004));
#9132=CARTESIAN_POINT('',(-0.03365,0.000326701,0.0225004));
#9133=CARTESIAN_POINT('',(-0.0324664319481613,0.000326700999999997,0.0225004));
#9134=CARTESIAN_POINT('',(-0.0324664319481613,0.000326700999999997,0.0226004));
#9135=CARTESIAN_POINT('',(-9.99670995440945E-18,0.000326700999999991,0.0226004));
#9136=CARTESIAN_POINT('',(-0.0318746479222419,-0.000698299,0.0225004));
#9137=CARTESIAN_POINT('',(-0.0217826664472512,-0.0181781236637279,0.0226004));
#9138=CARTESIAN_POINT('',(-1.11100370558695E-17,-0.00560189532673954,0.0226004));
#9139=CARTESIAN_POINT('',(0.,0.,0.));
#9140=CARTESIAN_POINT('',(-0.0169126427353962,-0.0461518757433297,0.0287024));
#9141=CARTESIAN_POINT('',(-0.018115893777324,-0.0461518757433297,0.0287024));
#9142=CARTESIAN_POINT('',(-0.018115893777324,-0.0461518757433297,0.0233183006729339));
#9143=CARTESIAN_POINT('',(-0.018115893777324,-0.0461518757433297,0.0203004));
#9144=CARTESIAN_POINT('',(-0.0169126427353962,-0.0461518757433297,0.0203004));
#9145=CARTESIAN_POINT('',(-0.0157093916934685,-0.0461518757433297,0.0203004));
#9146=CARTESIAN_POINT('',(-0.0157093916934685,-0.0461518757433297,0.0287024));
#9147=CARTESIAN_POINT('',(-0.0157093916934685,-0.0461518757433297,0.0235686721610018));
#9148=CARTESIAN_POINT('',(2.13240157950717E-18,-0.0461518757433297,-0.1812996));
#9149=CARTESIAN_POINT('',(-0.0181191482167254,-0.0461518757433297,0.0233696219008844));
#9150=CARTESIAN_POINT('',(-0.0181191482167254,-0.0461518757433297,0.0233696219008844));
#9151=CARTESIAN_POINT('',(-0.0181169617557985,-0.0461518757433297,0.0233525846838292));
#9152=CARTESIAN_POINT('',(-0.018115893777324,-0.0461518757433297,0.0233354765403074));
#9153=CARTESIAN_POINT('',(-0.018115893777324,-0.0461518757433297,0.0233183006729339));
#9154=CARTESIAN_POINT('',(-0.0169126427353963,-0.0489,0.0287024));
#9155=CARTESIAN_POINT('',(-0.0169126427353963,-0.0489,0.0203004));
#9156=CARTESIAN_POINT('',(-0.0156602463265711,-0.0461739216381106,0.0203004));
#9157=CARTESIAN_POINT('',(-0.0156602463265711,-0.0461739216381106,0.0287024));
#9158=CARTESIAN_POINT('',(-0.0156602463265711,-0.0461739216381106,0.0235685011257327));
#9159=CARTESIAN_POINT('',(-0.0156602463265711,-0.0461739216381106,0.0235685011257327));
#9160=CARTESIAN_POINT('',(-0.0156602463265711,-0.0461739216381106,0.0235732446732245));
#9161=CARTESIAN_POINT('',(-0.0156603197460672,-0.0461738879046024,0.0235779868412131));
#9162=CARTESIAN_POINT('',(-0.0156604670473997,-0.0461738202468674,0.0235827276211663));
#9163=CARTESIAN_POINT('',(-0.0156604670473997,-0.0461738202468674,0.0235827276211664));
#9164=CARTESIAN_POINT('',(-0.0156604670473996,-0.0461738202468673,0.0235827276211663));
#9165=CARTESIAN_POINT('',(-0.0156767900726057,-0.0461663228339421,0.0235829802920995));
#9166=CARTESIAN_POINT('',(-0.0156931806568952,-0.0461589719208416,0.0235831854843016));
#9167=CARTESIAN_POINT('',(-0.0157096367189957,-0.0461517684732715,0.0235833431633199));
#9168=CARTESIAN_POINT('',(-0.0157096367189957,-0.0461517684732715,0.0235833431633199));
#9169=CARTESIAN_POINT('',(-0.0157096367189957,-0.0461517684732715,0.0235833431633199));
#9170=CARTESIAN_POINT('',(-0.0157094731849685,-0.0461518400583678,0.0235784544583339));
#9171=CARTESIAN_POINT('',(-0.0157093916934685,-0.0461518757433297,0.0235735641206359));
#9172=CARTESIAN_POINT('',(-0.0157093916934685,-0.0461518757433297,0.0235686721610018));
#9173=CARTESIAN_POINT('',(0.000148619263256333,-0.00700291618516424,0.0287024));
#9174=CARTESIAN_POINT('',(0.000148619263256331,-0.00700291618516424,0.0203004));
#9175=CARTESIAN_POINT('',(-0.00275772265303125,-0.0360596727296171,0.0203004));
#9176=CARTESIAN_POINT('',(-0.0148897537010274,-0.032034681260865,0.0203004));
#9177=CARTESIAN_POINT('',(-0.0148897537010274,-0.032034681260865,0.0287024));
#9178=CARTESIAN_POINT('',(-0.0148897537010274,-0.032034681260865,0.0255049360309554));
#9179=CARTESIAN_POINT('',(-0.0148897537010274,-0.032034681260865,0.0255049360309554));
#9180=CARTESIAN_POINT('',(-0.0130347929321545,-0.0331490889661173,0.0255029837391482));
#9181=CARTESIAN_POINT('',(-0.00915754093707732,-0.0349292543509257,0.0254991856499724));
#9182=CARTESIAN_POINT('',(-0.00491095269805055,-0.0358443003522605,0.0254955582272568));
#9183=CARTESIAN_POINT('',(-0.00275772265303125,-0.0360596727296171,0.0254938468835149));
#9184=CARTESIAN_POINT('',(-0.00275772265303125,-0.0360596727296171,0.0254938468835149));
#9185=CARTESIAN_POINT('',(-0.00275772265303125,-0.0360596727296171,0.0287024));
#9186=CARTESIAN_POINT('',(-0.0147867573023661,-0.0318632410617785,0.0287024));
#9187=CARTESIAN_POINT('',(-0.0147867573023661,-0.0318632410617785,0.0203004));
#9188=CARTESIAN_POINT('',(-0.014941881433291,-0.0319894809287175,0.0203004));
#9189=CARTESIAN_POINT('',(-0.014941881433291,-0.0319894809287175,0.0287024));
#9190=CARTESIAN_POINT('',(-0.014941881433291,-0.0319894809287175,0.025506721434648));
#9191=CARTESIAN_POINT('',(-0.014941881433291,-0.0319894809287175,0.025506721434648));
#9192=CARTESIAN_POINT('',(-0.014941881433291,-0.0319894809287175,0.0255095741408915));
#9193=CARTESIAN_POINT('',(-0.0149418590216637,-0.031989508483289,0.0255124264043212));
#9194=CARTESIAN_POINT('',(-0.0149418140749941,-0.0319895636538284,0.025515278223372));
#9195=CARTESIAN_POINT('',(-0.0149418140749941,-0.0319895636538284,0.025515278223372));
#9196=CARTESIAN_POINT('',(-0.0149418140749941,-0.0319895636538283,0.025515278223372));
#9197=CARTESIAN_POINT('',(-0.0149275194915368,-0.0320071097787216,0.0255087031366495));
#9198=CARTESIAN_POINT('',(-0.0149099765139305,-0.0320225319696782,0.0255050595061119));
#9199=CARTESIAN_POINT('',(-0.0148897537010274,-0.032034681260865,0.0255049360309554));
#9200=CARTESIAN_POINT('',(-0.0169126427353962,-0.0489,0.0287024));
#9201=CARTESIAN_POINT('',(-0.0181518720005765,-0.0461679109040295,0.0287024));
#9202=CARTESIAN_POINT('',(-0.0181518720005765,-0.0461679109040295,0.0233099469576004));
#9203=CARTESIAN_POINT('',(-0.0181518720005765,-0.0461679109040295,0.0203004));
#9204=CARTESIAN_POINT('',(-0.0169126427353962,-0.0489,0.0203004));
#9205=CARTESIAN_POINT('',(-0.018115893777324,-0.0461518757433297,0.0233183006729339));
#9206=CARTESIAN_POINT('',(-0.0181279249078569,-0.046157143507447,0.023315533079879));
#9207=CARTESIAN_POINT('',(-0.0181399176280302,-0.0461624886034434,0.0233127484994863));
#9208=CARTESIAN_POINT('',(-0.0181518720005765,-0.0461679109040295,0.0233099469576004));
#9209=CARTESIAN_POINT('',(2.13240157950717E-18,-0.006899999,-0.1812996));
#9210=CARTESIAN_POINT('',(2.13240157950717E-18,-0.0453832535933014,-0.1812996));
#9211=CARTESIAN_POINT('',(-0.00487199378493377,-0.0453832535933014,0.0250866950693837));
#9212=CARTESIAN_POINT('',(-0.00301435406698564,-0.0453832535933014,0.025122183698974));
#9213=CARTESIAN_POINT('',(-0.00301435406698564,-0.0453832535933014,0.025122183698974));
#9214=CARTESIAN_POINT('',(-0.0029339631539105,-0.0453832535933014,0.0251233576384266));
#9215=CARTESIAN_POINT('',(-0.00286363636363638,-0.0453115465817511,0.0251377005468108));
#9216=CARTESIAN_POINT('',(-0.00286363636363636,-0.0452325358899522,0.025152370691387));
#9217=CARTESIAN_POINT('',(-0.00286363636363637,-0.0452325358899522,0.0251523706913871));
#9218=CARTESIAN_POINT('',(-0.00286363636363638,-0.006899999,-0.1812996));
#9219=CARTESIAN_POINT('',(-0.00286363636363636,-0.0373358370035396,0.0264633884069806));
#9220=CARTESIAN_POINT('',(-0.00286363636363636,-0.0373358370035396,0.0264633884069806));
#9221=CARTESIAN_POINT('',(-0.00286363636363637,-0.0372693492094588,0.0264731284080529));
#9222=CARTESIAN_POINT('',(-0.00291161684745538,-0.0372066986789671,0.0264816093525753));
#9223=CARTESIAN_POINT('',(-0.00297668386392092,-0.0371899028337783,0.0264831256508942));
#9224=CARTESIAN_POINT('',(-0.00297668386392092,-0.0371899028337783,0.0264831256508942));
#9225=CARTESIAN_POINT('',(-0.00297668386392092,-0.0371899028337783,0.0264831256508942));
#9226=CARTESIAN_POINT('',(-0.00298020562607152,-0.0371889937561059,0.026483207720771));
#9227=CARTESIAN_POINT('',(-0.00298372315148319,-0.0371880687751589,0.0264832920741224));
#9228=CARTESIAN_POINT('',(-0.00298723644052628,-0.0371871278923265,0.0264833787107405));
#9229=CARTESIAN_POINT('',(-0.00298723644052784,-0.0371871278923323,0.0264833787107396));
#9230=CARTESIAN_POINT('',(-0.00298723644052784,-0.0371871278923323,0.0264833787107396));
#9231=CARTESIAN_POINT('',(-0.00520454649171251,-0.0369567142369153,0.0264850869290812));
#9232=CARTESIAN_POINT('',(-0.00957495233539847,-0.0360019138479554,0.0264887030136075));
#9233=CARTESIAN_POINT('',(-0.0135675276536319,-0.0341642686969329,0.0264924868283424));
#9234=CARTESIAN_POINT('',(-0.0154784425636848,-0.0330162453340786,0.0264944314186633));
#9235=CARTESIAN_POINT('',(-0.0154784425636848,-0.0330162453340786,0.0264944314186633));
#9236=CARTESIAN_POINT('',(-0.0154784425636848,-0.0330162453340786,0.0264944314186633));
#9237=CARTESIAN_POINT('',(-0.0155266489407373,-0.0329872843129449,0.0264944804745652));
#9238=CARTESIAN_POINT('',(-0.0155725992224845,-0.0329551111967157,0.0264950785759054));
#9239=CARTESIAN_POINT('',(-0.0156162948205964,-0.0329197279949786,0.0264962253649579));
#9240=CARTESIAN_POINT('',(-0.0156162948205992,-0.032919727994982,0.0264962253649573));
#9241=CARTESIAN_POINT('',(2.75800508204449E-17,-0.006899999,0.0264962253649573));
#9242=CARTESIAN_POINT('',(-0.0175595953728156,-0.0316498590246381,0.0264962253649573));
#9243=CARTESIAN_POINT('',(-0.0175595953728156,-0.0316498590246381,0.0264962253649573));
#9244=CARTESIAN_POINT('',(-0.017611951674205,-0.0316254596777903,0.0264947071677178));
#9245=CARTESIAN_POINT('',(-0.0176763263647724,-0.03163425065922,0.0264881946803729));
#9246=CARTESIAN_POINT('',(-0.017720139182803,-0.0316710139786704,0.0264800753396939));
#9247=CARTESIAN_POINT('',(-0.017720139182803,-0.0316710139786704,0.0264800753396938));
#9248=CARTESIAN_POINT('',(0.00487580914763563,-0.0127107620684984,-0.1812996));
#9249=CARTESIAN_POINT('',(-0.0276957303841874,-0.0400415288765274,0.0242109484298304));
#9250=CARTESIAN_POINT('',(-0.0276957303841875,-0.0400415288765274,0.0242109484298304));
#9251=CARTESIAN_POINT('',(-0.0281366203959484,-0.0404114795227858,0.0240918718107585));
#9252=CARTESIAN_POINT('',(-0.0287876061349992,-0.0413876842378985,0.0238416580043198));
#9253=CARTESIAN_POINT('',(-0.0288335560268743,-0.0431824195292574,0.0235254338235387));
#9254=CARTESIAN_POINT('',(-0.0278805157334684,-0.0447282335654493,0.0233776353066936));
#9255=CARTESIAN_POINT('',(-0.0267831777002304,-0.0452451507380366,0.0234262081650544));
#9256=CARTESIAN_POINT('',(-0.0262044280821981,-0.0453317917741365,0.0234840059186642));
#9257=CARTESIAN_POINT('',(-0.0262044280821981,-0.0453317917741365,0.0234840059186642));
#9258=CARTESIAN_POINT('',(-9.28638319981457E-05,-0.0453947826442281,-0.1812996));
#9259=CARTESIAN_POINT('',(-0.0184384677281743,-0.0453505261783687,0.0243252522614488));
#9260=CARTESIAN_POINT('',(-0.0184384677281735,-0.0453505261783705,0.0243252522614485));
#9261=CARTESIAN_POINT('',(-0.0184247530946709,-0.0453452424336849,0.0243274700847848));
#9262=CARTESIAN_POINT('',(-0.0184110080927164,-0.0453400333802711,0.0243296750529005));
#9263=CARTESIAN_POINT('',(-0.0183972326985617,-0.0453348990770321,0.0243318671569104));
#9264=CARTESIAN_POINT('',(-0.0183972326985617,-0.0453348990770321,0.0243318671569104));
#9265=CARTESIAN_POINT('',(2.13240157950717E-18,-0.0453348990770298,-0.1812996));
#9266=CARTESIAN_POINT('',(-0.015589896243389,-0.0453348990770298,0.0245637371710201));
#9267=CARTESIAN_POINT('',(-0.015589896243389,-0.0453348990770298,0.0245637371710201));
#9268=CARTESIAN_POINT('',(-0.0155700657722815,-0.045342290201443,0.024563858989014));
#9269=CARTESIAN_POINT('',(-0.0155502947735704,-0.0453498375350956,0.0245639438754791));
#9270=CARTESIAN_POINT('',(-0.0155305832497541,-0.0453575410845484,0.0245639918290013));
#9271=CARTESIAN_POINT('',(-0.0155305832497541,-0.0453575410845484,0.0245639918290013));
#9272=CARTESIAN_POINT('',(-9.28638319981457E-05,-0.0453947826442281,-0.1812996));
#9273=CARTESIAN_POINT('',(-0.0256354831247269,-0.0421818453969484,0.0287024));
#9274=CARTESIAN_POINT('',(-0.0256354831247269,-0.0421818453969484,0.0203004));
#9275=CARTESIAN_POINT('',(-0.02615,-0.0461486164245047,0.0203004));
#9276=CARTESIAN_POINT('',(-0.0282066335634731,-0.0391176676244726,0.0203004));
#9277=CARTESIAN_POINT('',(-0.02615,-0.0461486164245047,0.0287024));
#9278=CARTESIAN_POINT('',(-0.02615,-0.0461486164245047,0.0225001711076278));
#9279=CARTESIAN_POINT('',(-0.02615,-0.0461486164245046,0.0225001711076278));
#9280=CARTESIAN_POINT('',(-0.02615,-0.0461486164245046,0.0225050308256773));
#9281=CARTESIAN_POINT('',(-0.026150274019355,-0.0461485809119725,0.0225098746796806));
#9282=CARTESIAN_POINT('',(-0.0261508273518259,-0.0461485090236751,0.0225147023618518));
#9283=CARTESIAN_POINT('',(-0.026150827351826,-0.046148509023675,0.0225147023618518));
#9284=CARTESIAN_POINT('',(-0.026150827351826,-0.046148509023675,0.0225147023618518));
#9285=CARTESIAN_POINT('',(-0.0269253236844857,-0.0460478873800206,0.0224547048416772));
#9286=CARTESIAN_POINT('',(-0.0283973477721681,-0.0453866437735446,0.0224016562734706));
#9287=CARTESIAN_POINT('',(-0.0297043316855798,-0.043344185159858,0.0225436164505518));
#9288=CARTESIAN_POINT('',(-0.029671107660282,-0.0409339009830958,0.0228594545318015));
#9289=CARTESIAN_POINT('',(-0.0287994259128597,-0.0396150794662076,0.0231122496988763));
#9290=CARTESIAN_POINT('',(-0.0282066335634731,-0.0391176676244726,0.0232323267706408));
#9291=CARTESIAN_POINT('',(-0.0282066335634731,-0.0391176676244726,0.0232323267706407));
#9292=CARTESIAN_POINT('',(-0.0282066335634731,-0.0391176676244726,0.0287024));
#9293=CARTESIAN_POINT('',(-0.0175393394261938,-0.0316679634309541,0.0287024));
#9294=CARTESIAN_POINT('',(-0.0175393394261938,-0.0316679634309541,0.0203004));
#9295=CARTESIAN_POINT('',(-0.0182785451773333,-0.0307870123213673,0.0203004));
#9296=CARTESIAN_POINT('',(-0.0169359965994692,-0.0306889448236538,0.0203004));
#9297=CARTESIAN_POINT('',(-0.0182785451773333,-0.0307870123213673,0.0287024));
#9298=CARTESIAN_POINT('',(-0.0182785451773333,-0.0307870123213673,0.0254906483142668));
#9299=CARTESIAN_POINT('',(-0.0182785451773333,-0.0307870123213673,0.0254906483142668));
#9300=CARTESIAN_POINT('',(-0.0179081812655194,-0.0304762400995628,0.0254996007591877));
#9301=CARTESIAN_POINT('',(-0.0173476616447544,-0.0304352467322856,0.0255064416616239));
#9302=CARTESIAN_POINT('',(-0.0169359965994692,-0.0306889448236538,0.0255070324767027));
#9303=CARTESIAN_POINT('',(-0.0169359965994692,-0.0306889448236538,0.0255070324767027));
#9304=CARTESIAN_POINT('',(-0.0169359965994692,-0.0306889448236538,0.0287024));
#9305=CARTESIAN_POINT('',(-0.0169359965994692,-0.0306889448236538,0.025506721434648));
#9306=CARTESIAN_POINT('',(-0.0169359965994692,-0.0306889448236538,0.0287024));
#9307=CARTESIAN_POINT('',(-8.70214036531958E-18,-0.006899999,0.0287024));
#9308=CARTESIAN_POINT('',(-9.87804622186087E-18,-0.006899999,0.0203004));
#9309=CARTESIAN_POINT('',(-9.0934981179358E-18,-0.006899999,0.025506721434648));
#9310=CARTESIAN_POINT('',(-0.00266258260969164,-0.0358837512353267,0.0287024));
#9311=CARTESIAN_POINT('',(-0.0027125703712188,-0.0360774035621847,0.0287024));
#9312=CARTESIAN_POINT('',(-0.0027125703712188,-0.0360774035621847,0.0254936841001756));
#9313=CARTESIAN_POINT('',(-0.0027125703712188,-0.0360774035621847,0.0203004));
#9314=CARTESIAN_POINT('',(-0.00266258260969164,-0.0358837512353267,0.0203004));
#9315=CARTESIAN_POINT('',(-0.00275772265303125,-0.0360596727296171,0.0254938468835149));
#9316=CARTESIAN_POINT('',(-0.00275772265303125,-0.0360596727296171,0.0254975828088942));
#9317=CARTESIAN_POINT('',(-0.00275767497822034,-0.0360596985378352,0.0255013179461969));
#9318=CARTESIAN_POINT('',(-0.00275757933619142,-0.0360597501613301,0.0255050522915883));
#9319=CARTESIAN_POINT('',(-0.00275757933620766,-0.0360597501613563,0.0255050522915653));
#9320=CARTESIAN_POINT('',(-0.00275757933620765,-0.0360597501613562,0.0255050522915653));
#9321=CARTESIAN_POINT('',(-0.00274360145951268,-0.0360672948240404,0.0254997877470635));
#9322=CARTESIAN_POINT('',(-0.00272864477962849,-0.0360732542513692,0.0254959316535234));
#9323=CARTESIAN_POINT('',(-0.0027125703712188,-0.0360774035621847,0.0254936841001756));
#9324=CARTESIAN_POINT('',(-0.003,-0.037190904441618,0.0287024));
#9325=CARTESIAN_POINT('',(-0.003,-0.037190904441618,0.0203004));
#9326=CARTESIAN_POINT('',(-0.00185,-0.037190904441618,0.0203004));
#9327=CARTESIAN_POINT('',(-0.0027125703712188,-0.0360774035621847,0.0254936841001756));
#9328=CARTESIAN_POINT('',(-0.00221877202979568,-0.036204868458342,0.0254921831481693));
#9329=CARTESIAN_POINT('',(-0.00185,-0.0366810134382049,0.0254837837342405));
#9330=CARTESIAN_POINT('',(-0.00185,-0.037190904441618,0.0254740408431379));
#9331=CARTESIAN_POINT('',(-0.00185,-0.037190904441618,0.0254740408431379));
#9332=CARTESIAN_POINT('',(-0.00185,-0.037190904441618,0.0287024));
#9333=CARTESIAN_POINT('',(-0.003,-0.04505,0.0287024));
#9334=CARTESIAN_POINT('',(-0.003,-0.04505,0.0203004));
#9335=CARTESIAN_POINT('',(-0.00185,-0.04505,0.0203004));
#9336=CARTESIAN_POINT('',(-0.003,-0.0462,0.0203004));
#9337=CARTESIAN_POINT('',(-0.00185,-0.04505,0.0287024));
#9338=CARTESIAN_POINT('',(-0.00185,-0.04505,0.0241692660690471));
#9339=CARTESIAN_POINT('',(-0.00185,-0.04505,0.0241692660690471));
#9340=CARTESIAN_POINT('',(-0.00185,-0.045353749386035,0.0241619098041957));
#9341=CARTESIAN_POINT('',(-0.00209982253979749,-0.0459487184834654,0.0241470239923088));
#9342=CARTESIAN_POINT('',(-0.00269615958233901,-0.0462,0.024139801556488));
#9343=CARTESIAN_POINT('',(-0.003,-0.0462,0.024139222824217));
#9344=CARTESIAN_POINT('',(-0.003,-0.0462,0.024139222824217));
#9345=CARTESIAN_POINT('',(-0.003,-0.0462,0.0287024));
#9346=CARTESIAN_POINT('',(-0.000100442726203251,-0.0462114577105515,0.0287024));
#9347=CARTESIAN_POINT('',(-0.000100442726203252,-0.0462114577105515,0.0203004));
#9348=CARTESIAN_POINT('',(-0.0181518720005765,-0.0461679109040295,0.0233099469576004));
#9349=CARTESIAN_POINT('',(-0.0181518720005765,-0.0461679109040295,0.0233279162647328));
#9350=CARTESIAN_POINT('',(-0.0181529999752256,-0.0461679081829323,0.0233458133298673));
#9351=CARTESIAN_POINT('',(-0.0181553104505097,-0.0461679026092008,0.0233636346608461));
#9352=CARTESIAN_POINT('',(-0.0181553104505142,-0.0461679026092008,0.0233636346608461));
#9353=CARTESIAN_POINT('',(-9.483399069131E-05,-0.0462114712409217,-0.1812996));
#9354=CARTESIAN_POINT('',(0.00535464191962364,-0.010956413744767,0.0287024));
#9355=CARTESIAN_POINT('',(0.00535464191962363,-0.010956413744767,0.0203004));
#9356=CARTESIAN_POINT('',(0.00420980339915083,-0.0119170473250533,-0.1812996));
#9357=CARTESIAN_POINT('',(-0.00185,-0.004575,0.0287024));
#9358=CARTESIAN_POINT('',(-0.00185,-0.004575,0.0203004));
#9359=CARTESIAN_POINT('',(-0.00185,-0.006899999,-0.1812996));
#9360=CARTESIAN_POINT('',(1.10242704859245E-18,-0.0462,0.0287024));
#9361=CARTESIAN_POINT('',(-7.34788079488412E-20,-0.0462,0.0203004));
#9362=CARTESIAN_POINT('',(-0.00485,-0.0462,0.0203004));
#9363=CARTESIAN_POINT('',(2.13240157950717E-18,-0.0462,-0.1812996));
#9364=CARTESIAN_POINT('',(-0.00485,-0.0462,0.0241038747111159));
#9365=CARTESIAN_POINT('',(-0.00485,-0.0462,0.0287024));
#9366=CARTESIAN_POINT('',(-0.000100442726203251,-0.0462114577105515,0.0287024));
#9367=CARTESIAN_POINT('',(-0.000100442726203252,-0.0462114577105515,0.0203004));
#9368=CARTESIAN_POINT('',(-0.00485,-0.0462,0.0287024));
#9369=CARTESIAN_POINT('',(-0.00485,-0.0462,0.0241039311153551));
#9370=CARTESIAN_POINT('',(-9.483399069131E-05,-0.0462114712409217,-0.1812996));
#9371=CARTESIAN_POINT('',(-0.00297668386392092,-0.0371899028337783,0.0264831256508941));
#9372=CARTESIAN_POINT('',(-0.00268734014181116,-0.0360839162786151,0.0266484979698799));
#9373=CARTESIAN_POINT('',(-0.00271257037121876,-0.0360774035621847,0.0254936841001756));
#9374=CARTESIAN_POINT('',(-0.00294415046244588,-0.0371983009911828,0.0264823674659754));
#9375=CARTESIAN_POINT('',(-0.00240526384330081,-0.0361627138589672,0.0266410521174175));
#9376=CARTESIAN_POINT('',(-0.00246433486948837,-0.0361414809593656,0.0254929295254833));
#9377=CARTESIAN_POINT('',(-0.00288619509020803,-0.0372370421785941,0.0264775334829982));
#9378=CARTESIAN_POINT('',(-0.00193125795471221,-0.0365283807974419,0.0265943924358335));
#9379=CARTESIAN_POINT('',(-0.00202212771912517,-0.0364370851840822,0.0254881185618174));
#9380=CARTESIAN_POINT('',(-0.00286363657658373,-0.0373025931390404,0.0264682583998146));
#9381=CARTESIAN_POINT('',(-0.00181705741272598,-0.0370815843339445,0.0265150598549459));
#9382=CARTESIAN_POINT('',(-0.00185,-0.0369372484785081,0.0254788876453741));
#9383=CARTESIAN_POINT('',(-0.00286363636363636,-0.0373358370035396,0.0264633884069806));
#9384=CARTESIAN_POINT('',(-0.00185,-0.0373378406795109,0.0264770660230706));
#9385=CARTESIAN_POINT('',(-0.00185,-0.037190904441618,0.0254740408431379));
#9386=CARTESIAN_POINT('',(-0.00296250917885463,-0.0370456651964746,0.0254936841001756));
#9387=CARTESIAN_POINT('',(-0.00285,-0.037190904441618,0.0254740408431379));
#9388=CARTESIAN_POINT('',(-0.00285,-0.006899999,-0.1812996));
#9389=CARTESIAN_POINT('',(-0.00285,-0.04505,0.0241692660690471));
#9390=CARTESIAN_POINT('',(-0.00271257037121881,-0.0360774035621847,0.0254936841001756));
#9391=CARTESIAN_POINT('',(-0.00268734014181121,-0.0360839162786151,0.0266484979698799));
#9392=CARTESIAN_POINT('',(-0.00297668386392092,-0.0371899028337783,0.0264831256508941));
#9393=CARTESIAN_POINT('',(-0.00272941711717305,-0.0360730548867367,0.0254960396449308));
#9394=CARTESIAN_POINT('',(-0.00269129206198553,-0.0360852346656212,0.0266482491646305));
#9395=CARTESIAN_POINT('',(-0.00307824797510441,-0.0371636859264151,0.0264854924662798));
#9396=CARTESIAN_POINT('',(-0.00274532636858118,-0.0360666425563883,0.0255002030209131));
#9397=CARTESIAN_POINT('',(-0.00269623162600443,-0.0360876861847884,0.0266478188179648));
#9398=CARTESIAN_POINT('',(-0.00317416020871664,-0.0371250278653634,0.026489675762682));
#9399=CARTESIAN_POINT('',(-0.00276033026883656,-0.0360582373239748,0.0255061119299576));
#9400=CARTESIAN_POINT('',(-0.00270331538858734,-0.0360901772403542,0.0266473457957907));
#9401=CARTESIAN_POINT('',(-0.00326461434716669,-0.0370743551775844,0.0264956129439765));
#9402=CARTESIAN_POINT('',(-0.00275757933619158,-0.0360597501613301,0.0255050522915883));
#9403=CARTESIAN_POINT('',(-0.00275022008946813,-0.0360637223693663,0.0257923942624427));
#9404=CARTESIAN_POINT('',(-0.00281881799587513,-0.0363215644467204,0.026350158459999));
#9405=CARTESIAN_POINT('',(-0.00293575702879504,-0.036911513666938,0.0265242932495362));
#9406=CARTESIAN_POINT('',(-0.00298723644048985,-0.0371871278923362,0.0264833787107395));
#9407=CARTESIAN_POINT('',(-0.00286363636363636,-0.0452325358899522,0.025152370691387));
#9408=CARTESIAN_POINT('',(-0.00185,-0.0452350594276013,0.02516596199953));
#9409=CARTESIAN_POINT('',(-0.00185,-0.04505,0.0241692660690471));
#9410=CARTESIAN_POINT('',(-0.00286363664220607,-0.0452720411886141,0.0251450356240057));
#9411=CARTESIAN_POINT('',(-0.0018973610825144,-0.0455243130403149,0.0251115985070948));
#9412=CARTESIAN_POINT('',(-0.00185,-0.0453514316991841,0.024161965930356));
#9413=CARTESIAN_POINT('',(-0.00289569425080042,-0.0453495978462926,0.0251301664460295));
#9414=CARTESIAN_POINT('',(-0.00220718951653755,-0.0460206241226749,0.0250149823250243));
#9415=CARTESIAN_POINT('',(-0.00209460783038778,-0.0459432006103447,0.0241471675583551));
#9416=CARTESIAN_POINT('',(-0.00297415863015656,-0.0453832534103588,0.0251227707025185));
#9417=CARTESIAN_POINT('',(-0.00274618486408628,-0.0462032395151978,0.024973229602704));
#9418=CARTESIAN_POINT('',(-0.00269330243675204,-0.0461999999999999,0.024139807032381));
#9419=CARTESIAN_POINT('',(-0.00301435406698558,-0.0453832535933014,0.025122183698974));
#9420=CARTESIAN_POINT('',(-0.0030121310149121,-0.0462,0.0249699499653148));
#9421=CARTESIAN_POINT('',(-0.0029999999999995,-0.0462,0.024139222824217));
#9422=CARTESIAN_POINT('',(-0.00299999999999997,-0.0462,0.0241392228242168));
#9423=CARTESIAN_POINT('',(-0.0030067482544089,-0.0462,0.0246013406381798));
#9424=CARTESIAN_POINT('',(-0.00301311742511667,-0.0458375941888512,0.0250374989490365));
#9425=CARTESIAN_POINT('',(-0.00301435406698562,-0.0453832535933014,0.0251221836989738));
#9426=CARTESIAN_POINT('',(-0.0154784425636848,-0.0330162453340786,0.0264944314186634));
#9427=CARTESIAN_POINT('',(-0.0148888887783758,-0.0320352008818099,0.0266616478336249));
#9428=CARTESIAN_POINT('',(-0.0148897537010274,-0.032034681260865,0.0255049360309554));
#9429=CARTESIAN_POINT('',(-0.0135359739948488,-0.0341832252378454,0.0264924547186764));
#9430=CARTESIAN_POINT('',(-0.0130195751191142,-0.0331581434940443,0.0266597566252344));
#9431=CARTESIAN_POINT('',(-0.013020545148488,-0.0331576486295706,0.0255029687436116));
#9432=CARTESIAN_POINT('',(-0.00947824924009764,-0.0360443484472271,0.0264886123989374));
#9433=CARTESIAN_POINT('',(-0.00911469565868635,-0.0349489582480148,0.0266560805308156));
#9434=CARTESIAN_POINT('',(-0.00911585709408546,-0.0349485797549374,0.0254991447209416));
#9435=CARTESIAN_POINT('',(-0.00501577179000935,-0.0369905094307642,0.0264849344416326));
#9436=CARTESIAN_POINT('',(-0.00482070260133643,-0.0358592170392562,0.0266525620065591));
#9437=CARTESIAN_POINT('',(-0.00482168155386378,-0.035859056367514,0.02549548427765));
#9438=CARTESIAN_POINT('',(-0.00278808293978323,-0.0372071594385847,0.0264832256128759));
#9439=CARTESIAN_POINT('',(-0.00267713046343662,-0.0360676209571135,0.0266509272512934));
#9440=CARTESIAN_POINT('',(-0.00267800977535737,-0.0360675354411607,0.0254937835861479));
#9441=CARTESIAN_POINT('',(-0.0154047356943339,-0.0328918822562973,0.0255049360309554));
#9442=CARTESIAN_POINT('',(2.13240157950717E-18,-0.0452,-0.1812996));
#9443=CARTESIAN_POINT('',(-0.00485000065903739,-0.0461999999984102,0.024103931100098));
#9444=CARTESIAN_POINT('',(-0.00486090238211141,-0.0461999736993722,0.024570191078418));
#9445=CARTESIAN_POINT('',(-0.00487056629350826,-0.0458361674067653,0.0250022774346898));
#9446=CARTESIAN_POINT('',(-0.0048719937849352,-0.0453832535933014,0.0250866950693837));
#9447=CARTESIAN_POINT('',(-0.0148897537010274,-0.032034681260865,0.0255049360309554));
#9448=CARTESIAN_POINT('',(-0.0148888887783758,-0.0320352008818099,0.0266616478336249));
#9449=CARTESIAN_POINT('',(-0.0154784425636848,-0.0330162453340786,0.0264944314186634));
#9450=CARTESIAN_POINT('',(-0.0149105877727808,-0.0320221647427351,0.0255050632407184));
#9451=CARTESIAN_POINT('',(-0.0148928811111096,-0.0320329454405232,0.0266616339187061));
#9452=CARTESIAN_POINT('',(-0.0156040450925364,-0.0329407868844569,0.0264945592372029));
#9453=CARTESIAN_POINT('',(-0.0149286991064154,-0.0320061986125126,0.0255088570113325));
#9454=CARTESIAN_POINT('',(-0.0148984307434313,-0.0320332273484449,0.0266611819012924));
#9455=CARTESIAN_POINT('',(-0.0157132330578776,-0.0328445317697112,0.0264983711596347));
#9456=CARTESIAN_POINT('',(-0.0149436852466135,-0.0319872314659003,0.0255161645332731));
#9457=CARTESIAN_POINT('',(-0.0149079399883808,-0.0320324723047442,0.026660552575771));
#9458=CARTESIAN_POINT('',(-0.0158035801112375,-0.0327301843692197,0.0265057136458725));
#9459=CARTESIAN_POINT('',(-0.0149418140749941,-0.0319895636538284,0.025515278223372));
#9460=CARTESIAN_POINT('',(-0.0149372817413189,-0.0319951269423957,0.0258028500418933));
#9461=CARTESIAN_POINT('',(-0.0151040916916825,-0.0322011149380863,0.0263619530871133));
#9462=CARTESIAN_POINT('',(-0.0154550151734474,-0.0326901145798811,0.0265370975496515));
#9463=CARTESIAN_POINT('',(-0.0156162948205716,-0.0329197279949982,0.0264962253649573));
#9464=CARTESIAN_POINT('',(-9.2421623274345E-05,-0.0452114741506842,-0.1812996));
#9465=CARTESIAN_POINT('',(-0.0156604670473997,-0.0461738202468674,0.0235827276211663));
#9466=CARTESIAN_POINT('',(-0.0156749829498234,-0.0461671528728311,0.0240499107623792));
#9467=CARTESIAN_POINT('',(-0.0156115633107475,-0.0458022252076538,0.0244748108048368));
#9468=CARTESIAN_POINT('',(-0.015530583249754,-0.0453575410845484,0.0245639918290013));
#9469=CARTESIAN_POINT('',(-9.0934981179358E-18,-0.006899999,0.025506721434648));
#9470=CARTESIAN_POINT('',(-0.0169359972202467,-0.0306889444410855,0.0255070324758118));
#9471=CARTESIAN_POINT('',(-0.0169371504357485,-0.0306882337464084,0.0257959451090437));
#9472=CARTESIAN_POINT('',(-0.0170827212477792,-0.0309050914758232,0.0263608190531169));
#9473=CARTESIAN_POINT('',(-0.017417866997981,-0.0314062273384093,0.026537220139668));
#9474=CARTESIAN_POINT('',(-0.0175595953728168,-0.0316498590246371,0.0264962253649573));
#9475=CARTESIAN_POINT('',(-0.0153143873367093,-0.0454494037810378,0.0245630069288178));
#9476=CARTESIAN_POINT('',(-0.0156513358868669,-0.0461780189117129,0.0244015019294026));
#9477=CARTESIAN_POINT('',(-0.0156592569458928,-0.0461743763901318,0.0235827088005853));
#9478=CARTESIAN_POINT('',(-0.015405521675567,-0.0454074953943388,0.0245640750042731));
#9479=CARTESIAN_POINT('',(-0.0157233623575681,-0.0461446578627931,0.0244023909073205));
#9480=CARTESIAN_POINT('',(-0.0157272822205634,-0.0461430947735907,0.0235837717899879));
#9481=CARTESIAN_POINT('',(-0.0154982171076149,-0.045369022881774,0.0245643098716302));
#9482=CARTESIAN_POINT('',(-0.0157967261325756,-0.0461141567715015,0.0244025865251658));
#9483=CARTESIAN_POINT('',(-0.0157964727393527,-0.0461143777907983,0.0235840055389169));
#9484=CARTESIAN_POINT('',(-0.0155915563307066,-0.0453342807533611,0.0245637268877428));
#9485=CARTESIAN_POINT('',(-0.0158706349241682,-0.0460867736162986,0.0244021012459872));
#9486=CARTESIAN_POINT('',(-0.0158661438021265,-0.0460884452730445,0.0235834253311345));
#9487=CARTESIAN_POINT('',(-0.0157096367189957,-0.0461517684732715,0.0235833431633199));
#9488=CARTESIAN_POINT('',(-0.0157252480568976,-0.0461449347937807,0.0240500302910407));
#9489=CARTESIAN_POINT('',(-0.015666577249138,-0.0457799435644945,0.0244748398978064));
#9490=CARTESIAN_POINT('',(-0.0155898962433882,-0.045334899077032,0.0245637371710198));
#9491=CARTESIAN_POINT('',(-0.017720139182803,-0.0316710139786703,0.0264800753396939));
#9492=CARTESIAN_POINT('',(-0.0183901771926231,-0.0308806827042245,0.0265171537547652));
#9493=CARTESIAN_POINT('',(-0.0182785451773334,-0.0307870123213673,0.0254906483142668));
#9494=CARTESIAN_POINT('',(-0.0176958197185409,-0.0316506078092375,0.0264845821607712));
#9495=CARTESIAN_POINT('',(-0.0182189785412049,-0.0306963373925296,0.0265537313662259));
#9496=CARTESIAN_POINT('',(-0.0180929848718923,-0.0306313087375104,0.0254951336741289));
#9497=CARTESIAN_POINT('',(-0.0176349564412948,-0.0316259830663692,0.0264926934736016));
#9498=CARTESIAN_POINT('',(-0.0177417713894284,-0.0304342635295101,0.0266255508198653));
#9499=CARTESIAN_POINT('',(-0.0176285870060088,-0.0304434202691638,0.0255032063619383));
#9500=CARTESIAN_POINT('',(-0.0175700161934223,-0.0316419517769056,0.026496288574666));
#9501=CARTESIAN_POINT('',(-0.017172107117725,-0.0305431334077061,0.0266608056074446));
#9502=CARTESIAN_POINT('',(-0.0171330825372948,-0.0305652624680283,0.0255067843432891));
#9503=CARTESIAN_POINT('',(-0.0175431651096696,-0.0316587963174162,0.0264965484564379));
#9504=CARTESIAN_POINT('',(-0.0169362355099709,-0.0306887517392801,0.026663368696052));
#9505=CARTESIAN_POINT('',(-0.0169282049082029,-0.030693789626687,0.0255070429875977));
#9506=CARTESIAN_POINT('',(-0.0176357575676468,-0.0315530567644862,0.0254906483142668));
#9507=CARTESIAN_POINT('',(2.13240157950717E-18,-0.0451518757433297,-0.1812996));
#9508=CARTESIAN_POINT('',(-0.0181191482167254,-0.0461518757433297,0.0233696219008844));
#9509=CARTESIAN_POINT('',(-0.0181792182825797,-0.0461518757433298,0.0238376964673799));
#9510=CARTESIAN_POINT('',(-0.0183069987304845,-0.0457848041527145,0.0242558476569074));
#9511=CARTESIAN_POINT('',(-0.018397232698556,-0.0453348990770114,0.0243318671569149));
#9512=CARTESIAN_POINT('',(0.00485259100883737,-0.0126830917681722,-0.1812996));
#9513=CARTESIAN_POINT('',(-0.0275638459537866,-0.0398837120675916,0.0232323267706407));
#9514=CARTESIAN_POINT('',(-0.0181529993369515,-0.0461684225251737,0.0233096826861121));
#9515=CARTESIAN_POINT('',(-0.0182792760991393,-0.0462257623652647,0.024175755497498));
#9516=CARTESIAN_POINT('',(-0.0186552862338215,-0.0454414273112375,0.0242886744692993));
#9517=CARTESIAN_POINT('',(-0.0180896258590245,-0.0461396458521946,0.0233245430956682));
#9518=CARTESIAN_POINT('',(-0.0182141372087113,-0.046192656000743,0.0241878726828391));
#9519=CARTESIAN_POINT('',(-0.0185703839670896,-0.0454028748299201,0.0243036059812769));
#9520=CARTESIAN_POINT('',(-0.0180246728337198,-0.0461128388525568,0.0233390368690939));
#9521=CARTESIAN_POINT('',(-0.0181470301042138,-0.0461615679538023,0.0241997386627422));
#9522=CARTESIAN_POINT('',(-0.0184833655598665,-0.0453669611463368,0.0243181691029011));
#9523=CARTESIAN_POINT('',(-0.0179592166260708,-0.0460884731743484,0.0233529166296539));
#9524=CARTESIAN_POINT('',(-0.0180790930002081,-0.0461330964310559,0.0242111378398532));
#9525=CARTESIAN_POINT('',(-0.0183956730326415,-0.0453343181330984,0.0243321152738149));
#9526=CARTESIAN_POINT('',(-0.0181553104505142,-0.0461679026092008,0.0233636346608462));
#9527=CARTESIAN_POINT('',(-0.0182160219343529,-0.0461677561503692,0.0238319190243175));
#9528=CARTESIAN_POINT('',(-0.0183462271146533,-0.0458003415526983,0.0242494109293948));
#9529=CARTESIAN_POINT('',(-0.0184384677281689,-0.0453505261783546,0.0243252522614519));
#9530=CARTESIAN_POINT('',(-0.0282066335634731,-0.0391176676244726,0.0232323267706407));
#9531=CARTESIAN_POINT('',(-0.0283675485445951,-0.039252691325783,0.024247621917763));
#9532=CARTESIAN_POINT('',(-0.0276957303841875,-0.0400415288765274,0.0242109484298304));
#9533=CARTESIAN_POINT('',(-0.0288004789305339,-0.0396159630529496,0.0231120363971156));
#9534=CARTESIAN_POINT('',(-0.0289251005358607,-0.0397726160882653,0.0240886378073779));
#9535=CARTESIAN_POINT('',(-0.028143245426471,-0.0404170385978485,0.0240900825044955));
#9536=CARTESIAN_POINT('',(-0.0296725822599406,-0.0409361016691193,0.0228590309590715));
#9537=CARTESIAN_POINT('',(-0.0297108932036393,-0.0410903397450898,0.0237637057402877));
#9538=CARTESIAN_POINT('',(-0.0288004524912871,-0.0414118798873302,0.0238358665137947));
#9539=CARTESIAN_POINT('',(-0.0297043016158693,-0.0433570119983699,0.0225419545050853));
#9540=CARTESIAN_POINT('',(-0.0296626568849854,-0.0434417119952623,0.0233643550562192));
#9541=CARTESIAN_POINT('',(-0.0288243558293976,-0.0432362501154823,0.0235172729477356));
#9542=CARTESIAN_POINT('',(-0.0283719409686401,-0.0454165708510122,0.022400166543569));
#9543=CARTESIAN_POINT('',(-0.0283512207593635,-0.0454087379246645,0.0231892591207888));
#9544=CARTESIAN_POINT('',(-0.0278203041470465,-0.0447883100188385,0.0233748065748138));
#9545=CARTESIAN_POINT('',(-0.026872329220846,-0.0460654098741407,0.0224574303302593));
#9546=CARTESIAN_POINT('',(-0.0269183489857155,-0.0460433652610323,0.023259448389896));
#9547=CARTESIAN_POINT('',(-0.0266902139530063,-0.045277267646737,0.0234323443510998));
#9548=CARTESIAN_POINT('',(-0.0260952990259444,-0.0461553286719841,0.0225190551220565));
#9549=CARTESIAN_POINT('',(-0.0261803720688834,-0.0461454839248942,0.0233343465136212));
#9550=CARTESIAN_POINT('',(-0.0261046529216957,-0.0453450294266856,0.0234942639982386));
#9551=CARTESIAN_POINT('',(-0.0261508273518261,-0.0461485090236751,0.0225147023618518));
#9552=CARTESIAN_POINT('',(-0.026203477307751,-0.0461416688039347,0.0229740595600277));
#9553=CARTESIAN_POINT('',(-0.0262283518441862,-0.0457786467405586,0.0233970832087624));
#9554=CARTESIAN_POINT('',(-0.0262044280821985,-0.0453317917741345,0.0234840059186645));
#9555=CARTESIAN_POINT('',(-9.2421623274345E-05,-0.0452114741506842,-0.1812996));
#9556=CARTESIAN_POINT('',(-7.34788079488412E-20,-0.004575,0.0203004));
#9557=CARTESIAN_POINT('',(-8.24157912105669E-05,-0.0045274172207591,0.0203004));
#9558=CARTESIAN_POINT('',(-0.021632807540464,-0.0418537906534792,0.0203004));
#9559=CARTESIAN_POINT('',(-0.0228163755923027,-0.0439037906534792,0.0203004));
#9560=CARTESIAN_POINT('',(-0.0323667955194854,-0.0232619781059804,0.0203004));
#9561=CARTESIAN_POINT('',(-0.0228163755923027,-0.0398037906534792,0.0203004));
#9562=CARTESIAN_POINT('',(-7.34788079488412E-20,-0.0398037906534792,0.0203004));
#9563=CARTESIAN_POINT('',(-0.0251835116959802,-0.0398037906534792,0.0203004));
#9564=CARTESIAN_POINT('',(-0.00363311994672675,-0.0024774172207591,0.0203004));
#9565=CARTESIAN_POINT('',(-0.026367079747819,-0.0418537906534792,0.0203004));
#9566=CARTESIAN_POINT('',(-0.0359174996750016,-0.0253119781059805,0.0203004));
#9567=CARTESIAN_POINT('',(-0.0251835116959802,-0.0439037906534792,0.0203004));
#9568=CARTESIAN_POINT('',(-7.34788079488412E-20,-0.0439037906534792,0.0203004));
#9569=CARTESIAN_POINT('',(0.0127316585173029,-0.0119256264721952,0.0203004));
#9570=CARTESIAN_POINT('',(-0.00428286389632253,-0.0413956437591138,0.0203004));
#9571=CARTESIAN_POINT('',(-0.00546643194816126,-0.0434456437591138,0.0203004));
#9572=CARTESIAN_POINT('',(-0.0191559543617867,-0.0156346954073617,0.0203004));
#9573=CARTESIAN_POINT('',(-0.00546643194816128,-0.0393456437591138,0.0203004));
#9574=CARTESIAN_POINT('',(-7.34788079488412E-20,-0.0393456437591138,0.0203004));
#9575=CARTESIAN_POINT('',(-0.00783356805183873,-0.0393456437591138,0.0203004));
#9576=CARTESIAN_POINT('',(0.00918095436178666,-0.0098756264721952,0.0203004));
#9577=CARTESIAN_POINT('',(-0.00901713610367747,-0.0413956437591138,0.0203004));
#9578=CARTESIAN_POINT('',(-0.0227066585173029,-0.0176846954073617,0.0203004));
#9579=CARTESIAN_POINT('',(-0.00783356805183873,-0.0434456437591138,0.0203004));
#9580=CARTESIAN_POINT('',(-7.34788079488412E-20,-0.0434456437591138,0.0203004));
#9581=CARTESIAN_POINT('',(-0.00487464792224189,-0.0424206437591138,0.0225004));
#9582=CARTESIAN_POINT('',(-0.00546643194816126,-0.0434456437591138,0.0225004));
#9583=CARTESIAN_POINT('',(-0.00546643194816126,-0.0434456437591138,0.0226004));
#9584=CARTESIAN_POINT('',(0.0122869997973109,-0.0126957979672499,0.0226004));
#9585=CARTESIAN_POINT('',(-0.00428286389632253,-0.0413956437591138,0.0226004));
#9586=CARTESIAN_POINT('',(-0.00428286389632253,-0.0413956437591138,0.0225004));
#9587=CARTESIAN_POINT('',(-0.00665,-0.0434456437591138,0.0225004));
#9588=CARTESIAN_POINT('',(-0.00783356805183873,-0.0434456437591138,0.0225004));
#9589=CARTESIAN_POINT('',(-0.00783356805183873,-0.0434456437591138,0.0226004));
#9590=CARTESIAN_POINT('',(-1.11100370558695E-17,-0.0434456437591138,0.0226004));
#9591=CARTESIAN_POINT('',(-0.0084253520777581,-0.0424206437591138,0.0225004));
#9592=CARTESIAN_POINT('',(-0.00901713610367747,-0.0413956437591138,0.0225004));
#9593=CARTESIAN_POINT('',(-0.00901713610367747,-0.0413956437591138,0.0226004));
#9594=CARTESIAN_POINT('',(-0.0222619997973109,-0.0184548669024164,0.0226004));
#9595=CARTESIAN_POINT('',(-0.00842535207775811,-0.0403706437591138,0.0225004));
#9596=CARTESIAN_POINT('',(-0.00783356805183873,-0.0393456437591138,0.0225004));
#9597=CARTESIAN_POINT('',(-0.00783356805183873,-0.0393456437591138,0.0226004));
#9598=CARTESIAN_POINT('',(0.00873629564179467,-0.0106457979672499,0.0226004));
#9599=CARTESIAN_POINT('',(-0.00665,-0.0393456437591138,0.0225004));
#9600=CARTESIAN_POINT('',(-0.00546643194816128,-0.0393456437591138,0.0225004));
#9601=CARTESIAN_POINT('',(-0.00546643194816128,-0.0393456437591138,0.0226004));
#9602=CARTESIAN_POINT('',(-1.11100370558695E-17,-0.0393456437591138,0.0226004));
#9603=CARTESIAN_POINT('',(-0.00487464792224191,-0.0403706437591138,0.0225004));
#9604=CARTESIAN_POINT('',(-0.0187112956417947,-0.0164048669024164,0.0226004));
#9605=CARTESIAN_POINT('',(-1.11100370558695E-17,-0.00560189532673954,0.0226004));
#9606=CARTESIAN_POINT('',(-0.0222245915663834,-0.0428787906534792,0.0225004));
#9607=CARTESIAN_POINT('',(-0.0228163755923027,-0.0439037906534792,0.0225004));
#9608=CARTESIAN_POINT('',(-0.0228163755923027,-0.0439037906534792,0.0226004));
#9609=CARTESIAN_POINT('',(-0.000527074511202552,-0.00529758871581376,0.0226004));
#9610=CARTESIAN_POINT('',(-0.021632807540464,-0.0418537906534792,0.0226004));
#9611=CARTESIAN_POINT('',(-0.021632807540464,-0.0418537906534792,0.0225004));
#9612=CARTESIAN_POINT('',(-0.0239999436441415,-0.0439037906534792,0.0225004));
#9613=CARTESIAN_POINT('',(-0.0251835116959802,-0.0439037906534792,0.0225004));
#9614=CARTESIAN_POINT('',(-0.0251835116959802,-0.0439037906534792,0.0226004));
#9615=CARTESIAN_POINT('',(-1.11100370558695E-17,-0.0439037906534792,0.0226004));
#9616=CARTESIAN_POINT('',(-0.0257752957218996,-0.0428787906534791,0.0225004));
#9617=CARTESIAN_POINT('',(-0.026367079747819,-0.0418537906534792,0.0225004));
#9618=CARTESIAN_POINT('',(-0.026367079747819,-0.0418537906534792,0.0226004));
#9619=CARTESIAN_POINT('',(-0.0354728409550096,-0.0260821496010352,0.0226004));
#9620=CARTESIAN_POINT('',(-0.0257752957218996,-0.0408287906534791,0.0225004));
#9621=CARTESIAN_POINT('',(-0.0251835116959802,-0.0398037906534792,0.0225004));
#9622=CARTESIAN_POINT('',(-0.0251835116959802,-0.0398037906534792,0.0226004));
#9623=CARTESIAN_POINT('',(-0.00407777866671875,-0.00324758871581376,0.0226004));
#9624=CARTESIAN_POINT('',(-0.0239999436441415,-0.0398037906534792,0.0225004));
#9625=CARTESIAN_POINT('',(-0.0228163755923027,-0.0398037906534792,0.0225004));
#9626=CARTESIAN_POINT('',(-0.0228163755923027,-0.0398037906534792,0.0226004));
#9627=CARTESIAN_POINT('',(-1.11100370558695E-17,-0.0398037906534792,0.0226004));
#9628=CARTESIAN_POINT('',(-0.0222245915663834,-0.0408287906534791,0.0225004));
#9629=CARTESIAN_POINT('',(-0.0319221367994934,-0.0240321496010351,0.0226004));
#9630=CARTESIAN_POINT('',(-1.11100370558695E-17,-0.00560189532673954,0.0226004));
#9631=CARTESIAN_POINT('',(0.,0.,0.));
#9632=CARTESIAN_POINT('',(2.13240157950717E-18,-0.006899999,-0.1806996));
#9633=CARTESIAN_POINT('',(2.75368938199687E-17,-0.006899999,0.0267438217126863));
#9634=CARTESIAN_POINT('',(-0.0246968767834089,-0.0282843639725146,0.0267438217126863));
#9635=CARTESIAN_POINT('',(-0.0321574370502841,-0.0126555207391304,0.0267438217126863));
#9636=CARTESIAN_POINT('',(2.13240157950717E-18,-0.0126555207391304,-0.1806996));
#9637=CARTESIAN_POINT('',(-0.0386521739130435,-0.0126555207391304,0.0256323738220576));
#9638=CARTESIAN_POINT('',(-0.0386521739130436,-0.006899999,-0.1806996));
#9639=CARTESIAN_POINT('',(-0.038652173913042,-0.0310701356337599,0.0242926289914945));
#9640=CARTESIAN_POINT('',(-0.038652173913042,-0.0310701356337599,0.0242926289914945));
#9641=CARTESIAN_POINT('',(-0.038652173199048,-0.0322921131688693,0.0241485487181356));
#9642=CARTESIAN_POINT('',(-0.0381180483584591,-0.0347096172549861,0.0239419916376177));
#9643=CARTESIAN_POINT('',(-0.0366125752316397,-0.0367004625148458,0.0239292500835696));
#9644=CARTESIAN_POINT('',(-0.0356741069540159,-0.037495353760019,0.0239739995680489));
#9645=CARTESIAN_POINT('',(-0.0356741069540159,-0.037495353760019,0.0239739995680489));
#9646=CARTESIAN_POINT('',(0.000325589641134915,-0.00728802162453395,-0.1806996));
#9647=CARTESIAN_POINT('',(0.,-0.004575,0.0203004));
#9648=CARTESIAN_POINT('',(-0.0113972244869521,0.00200519062555648,0.0203004));
#9649=CARTESIAN_POINT('',(-0.0312828638963225,-0.0324377471724667,0.0203004));
#9650=CARTESIAN_POINT('',(-0.0324664319481613,-0.0344877471724667,0.0203004));
#9651=CARTESIAN_POINT('',(-0.0355270713575315,-0.0250865642117898,0.0203004));
#9652=CARTESIAN_POINT('',(-0.0324664319481613,-0.0303877471724667,0.0203004));
#9653=CARTESIAN_POINT('',(-7.75577338214178E-17,-0.0303877471724668,0.0203004));
#9654=CARTESIAN_POINT('',(-0.0348335680518388,-0.0303877471724667,0.0203004));
#9655=CARTESIAN_POINT('',(-0.0149479286424684,0.00405519062555649,0.0203004));
#9656=CARTESIAN_POINT('',(-0.0360171361036775,-0.0324377471724667,0.0203004));
#9657=CARTESIAN_POINT('',(-0.0390777755130478,-0.0271365642117898,0.0203004));
#9658=CARTESIAN_POINT('',(-0.0348335680518388,-0.0344877471724667,0.0203004));
#9659=CARTESIAN_POINT('',(-1.79753427062123E-16,-0.0344877471724669,0.0203004));
#9660=CARTESIAN_POINT('',(-0.019219359998304,0.0065213026686732,0.0203004));
#9661=CARTESIAN_POINT('',(-0.0312828638963225,-0.014373299,0.0203004));
#9662=CARTESIAN_POINT('',(-0.0324664319481613,-0.016423299,0.0203004));
#9663=CARTESIAN_POINT('',(-0.0277049358461798,-0.0205704521686731,0.0203004));
#9664=CARTESIAN_POINT('',(-0.0324664319481613,-0.012323299,0.0203004));
#9665=CARTESIAN_POINT('',(-1.16403827030804E-17,-0.012323299,0.0203004));
#9666=CARTESIAN_POINT('',(-0.0348335680518388,-0.012323299,0.0203004));
#9667=CARTESIAN_POINT('',(-0.0227700641538202,0.00857130266867322,0.0203004));
#9668=CARTESIAN_POINT('',(-0.0360171361036775,-0.014373299,0.0203004));
#9669=CARTESIAN_POINT('',(-0.031255640001696,-0.0226204521686732,0.0203004));
#9670=CARTESIAN_POINT('',(-0.0348335680518388,-0.016423299,0.0203004));
#9671=CARTESIAN_POINT('',(-3.55997451158061E-17,-0.0164232990000001,0.0203004));
#9672=CARTESIAN_POINT('',(4.07322039390242E-18,-0.006899999,0.0203004));
#9673=CARTESIAN_POINT('',(-0.020849842420858,-0.0273456830248343,0.0203004));
#9674=CARTESIAN_POINT('',(-0.0289691386392231,-0.010578440343781,0.0203004));
#9675=CARTESIAN_POINT('',(-0.0216709368243773,-0.0281508562860152,0.0203004));
#9676=CARTESIAN_POINT('',(-0.0209317310732378,-0.0290318073956021,0.0203004));
#9677=CARTESIAN_POINT('',(0.0033941397100797,-0.00861997819325415,0.0203004));
#9678=CARTESIAN_POINT('',(-0.0332361140256132,-0.0393564105928042,0.0203004));
#9679=CARTESIAN_POINT('',(-0.0351644768546728,-0.0370582772634473,0.0203004));
#9680=CARTESIAN_POINT('',(-0.0371034443925064,-0.0393474703280942,0.0203004));
#9681=CARTESIAN_POINT('',(-0.0298,-0.0307248431179241,0.0203004));
#9682=CARTESIAN_POINT('',(-0.0411,-0.0307248479675633,0.0203004));
#9683=CARTESIAN_POINT('',(-0.0411,-0.013723299,0.0203004));
#9684=CARTESIAN_POINT('',(-0.0411,-0.010723299,0.0203004));
#9685=CARTESIAN_POINT('',(-0.03995,-0.010723299,0.0203004));
#9686=CARTESIAN_POINT('',(-0.03995,-0.009573299,0.0203004));
#9687=CARTESIAN_POINT('',(0.,-0.009573299,0.0203004));
#9688=CARTESIAN_POINT('',(-0.0301099786673245,-0.009573299,0.0203004));
#9689=CARTESIAN_POINT('',(-0.0301099786673245,-0.010723299,0.0203004));
#9690=CARTESIAN_POINT('',(-0.0216709368243773,-0.0281508562860152,0.0293024));
#9691=CARTESIAN_POINT('',(-0.020849842420858,-0.0273456830248343,0.0293024));
#9692=CARTESIAN_POINT('',(-0.020849842420858,-0.0273456830248343,0.023780344259648));
#9693=CARTESIAN_POINT('',(-0.0216709368243773,-0.0281508562860153,0.023780344259648));
#9694=CARTESIAN_POINT('',(-0.0209317310732378,-0.0290318073956021,0.023780344259648));
#9695=CARTESIAN_POINT('',(-0.0209317310732378,-0.0290318073956021,0.0293024));
#9696=CARTESIAN_POINT('',(-0.0351644768546728,-0.0370582772634473,0.0293024));
#9697=CARTESIAN_POINT('',(-0.0332361140256132,-0.0393564105928042,0.0293024));
#9698=CARTESIAN_POINT('',(-0.0332361140256132,-0.0393564105928042,0.021050091002791));
#9699=CARTESIAN_POINT('',(-0.0351644768546728,-0.0370582772634473,0.021050091002791));
#9700=CARTESIAN_POINT('',(-0.0371034443925064,-0.0393474703280942,0.021050091002791));
#9701=CARTESIAN_POINT('',(-0.0371034443925064,-0.0393474703280942,0.0293024));
#9702=CARTESIAN_POINT('',(-0.0298,-0.0307248431179241,0.0293024));
#9703=CARTESIAN_POINT('',(-0.0371034443925064,-0.0393474703280942,0.021050091002791));
#9704=CARTESIAN_POINT('',(-0.0377326437113295,-0.0388145327297475,0.0210280538069006));
#9705=CARTESIAN_POINT('',(-0.0388528873225136,-0.0376344147779985,0.021008873118748));
#9706=CARTESIAN_POINT('',(-0.0405627962229928,-0.0348029477689288,0.0210689701451835));
#9707=CARTESIAN_POINT('',(-0.0410999992927712,-0.0323683160816224,0.0212218368062759));
#9708=CARTESIAN_POINT('',(-0.0410999999999989,-0.0307248479806127,0.0213641687280079));
#9709=CARTESIAN_POINT('',(-0.0411,-0.0307248479675633,0.0213641687280079));
#9710=CARTESIAN_POINT('',(-0.0411,-0.0307248479675633,0.0293024));
#9711=CARTESIAN_POINT('',(-0.03995,-0.010723299,0.0293024));
#9712=CARTESIAN_POINT('',(-0.0411,-0.010723299,0.0293024));
#9713=CARTESIAN_POINT('',(-0.0411,-0.010723299,0.0223294894603776));
#9714=CARTESIAN_POINT('',(-0.03995,-0.010723299,0.0223294894603776));
#9715=CARTESIAN_POINT('',(-0.03995,-0.009573299,0.0223294894603776));
#9716=CARTESIAN_POINT('',(-0.03995,-0.009573299,0.0293024));
#9717=CARTESIAN_POINT('',(-0.0301099786673245,-0.010723299,0.0293024));
#9718=CARTESIAN_POINT('',(-0.0301099786673245,-0.009573299,0.0293024));
#9719=CARTESIAN_POINT('',(-0.0301099786673245,-0.009573299,0.023780344259648));
#9720=CARTESIAN_POINT('',(-0.0301099786673245,-0.010723299,0.023780344259648));
#9721=CARTESIAN_POINT('',(-0.0289691386392231,-0.010578440343781,0.023780344259648));
#9722=CARTESIAN_POINT('',(-0.0289691386392231,-0.010578440343781,0.0293024));
#9723=CARTESIAN_POINT('',(5.17564744249487E-18,-0.006899999,0.0293024));
#9724=CARTESIAN_POINT('',(4.49939065378133E-18,-0.006899999,0.023780344259648));
#9725=CARTESIAN_POINT('',(0.0033941397100797,-0.00861997819325415,0.0293024));
#9726=CARTESIAN_POINT('',(-0.0209317310732379,-0.0290318073956021,0.023780344259648));
#9727=CARTESIAN_POINT('',(-0.0209317310732379,-0.029031807395602,0.023878363282494));
#9728=CARTESIAN_POINT('',(-0.0209376790023721,-0.0290367983007449,0.0239757633929662));
#9729=CARTESIAN_POINT('',(-0.0209495734308031,-0.0290467789112544,0.0240725447398463));
#9730=CARTESIAN_POINT('',(-0.0209495734308031,-0.0290467789112544,0.0240725447398463));
#9731=CARTESIAN_POINT('',(0.00224930118960689,-0.0095806117735404,-0.1806996));
#9732=CARTESIAN_POINT('',(-0.0411,-0.013723299,0.0293024));
#9733=CARTESIAN_POINT('',(-0.0411,-0.006899999,-0.1806996));
#9734=CARTESIAN_POINT('',(-0.0411,-0.0107649209729834,0.0227271739953194));
#9735=CARTESIAN_POINT('',(-0.0411,-0.0107649209729834,0.0227271739953194));
#9736=CARTESIAN_POINT('',(-0.0411,-0.0107371603803575,0.0225960658662082));
#9737=CARTESIAN_POINT('',(-0.0411,-0.010723299,0.0224635030347218));
#9738=CARTESIAN_POINT('',(-0.0411,-0.010723299,0.0223294894603776));
#9739=CARTESIAN_POINT('',(1.10242704859245E-18,-0.009573299,0.0293024));
#9740=CARTESIAN_POINT('',(2.13240157950717E-18,-0.009573299,-0.1806996));
#9741=CARTESIAN_POINT('',(-0.0301254227283305,-0.009573299,0.0240179433922296));
#9742=CARTESIAN_POINT('',(-0.0301254227283305,-0.009573299,0.0240179433922296));
#9743=CARTESIAN_POINT('',(-0.0301151274161247,-0.009573299,0.0239390782578837));
#9744=CARTESIAN_POINT('',(-0.0301099786673245,-0.009573299,0.0238598785943737));
#9745=CARTESIAN_POINT('',(-0.0301099786673245,-0.009573299,0.023780344259648));
#9746=CARTESIAN_POINT('',(-0.0381,-0.006899999,-0.1806996));
#9747=CARTESIAN_POINT('',(-0.0411,-0.0107649209729834,0.0227271739953194));
#9748=CARTESIAN_POINT('',(-0.0410999999999999,-0.0108699702015974,0.0234901235908477));
#9749=CARTESIAN_POINT('',(-0.0405023920347162,-0.0114253854550615,0.0248906865718589));
#9750=CARTESIAN_POINT('',(-0.0392875341737268,-0.0122536023393003,0.0255245630703174));
#9751=CARTESIAN_POINT('',(-0.0386521739130435,-0.0126555207391304,0.0256323738220576));
#9752=CARTESIAN_POINT('',(-0.0381,-0.0307248479675633,0.0213641685773301));
#9753=CARTESIAN_POINT('',(-0.0356741069540159,-0.037495353760019,0.0239739995680489));
#9754=CARTESIAN_POINT('',(-0.0371699334855659,-0.0392911534559818,0.023444837992371));
#9755=CARTESIAN_POINT('',(-0.0371034443925063,-0.0393474703280943,0.021050091002791));
#9756=CARTESIAN_POINT('',(-0.0361432986224334,-0.0370979441083136,0.0239516268512367));
#9757=CARTESIAN_POINT('',(-0.0377699339889847,-0.0387746178107313,0.023417473003216));
#9758=CARTESIAN_POINT('',(-0.0377330979976806,-0.0388141479450383,0.0210280378961624));
#9759=CARTESIAN_POINT('',(-0.0369786393186691,-0.0362178571019809,0.0239321663393458));
#9760=CARTESIAN_POINT('',(-0.0388423816342217,-0.0376368026181022,0.0233936512363051));
#9761=CARTESIAN_POINT('',(-0.0388541223347396,-0.0376330742098974,0.0210088553916624));
#9762=CARTESIAN_POINT('',(-0.0382534099348823,-0.0341055896537717,0.0239933238030536));
#9763=CARTESIAN_POINT('',(-0.0405020793916662,-0.0349201625597806,0.0234686110157147));
#9764=CARTESIAN_POINT('',(-0.0405648601138699,-0.0347984185666499,0.0210691391773009));
#9765=CARTESIAN_POINT('',(-0.038652173387082,-0.0322920905173184,0.0241485513613647));
#9766=CARTESIAN_POINT('',(-0.0410579764995223,-0.0325881906772739,0.0236600142998686));
#9767=CARTESIAN_POINT('',(-0.0410999992962172,-0.0323647089677796,0.0212221491989688));
#9768=CARTESIAN_POINT('',(-0.0386521739130427,-0.0310701343275854,0.0242926291455023));
#9769=CARTESIAN_POINT('',(-0.0410999998748467,-0.0310164615579513,0.0238374093692794));
#9770=CARTESIAN_POINT('',(-0.041099999999999,-0.0307248479675634,0.021364168729138));
#9771=CARTESIAN_POINT('',(-0.0351644768546728,-0.0370582772634473,0.021050091002791));
#9772=CARTESIAN_POINT('',(-0.0411,-0.0107649209729834,0.0227271739953196));
#9773=CARTESIAN_POINT('',(-0.0411,-0.00968470144879621,0.0229558976782888));
#9774=CARTESIAN_POINT('',(-0.0399967437034434,-0.00964079409132453,0.0229651945409036));
#9775=CARTESIAN_POINT('',(-0.0410999999999999,-0.0108239083422524,0.0231555861366673));
#9776=CARTESIAN_POINT('',(-0.0410709529444911,-0.00982912438302455,0.0235036076697161));
#9777=CARTESIAN_POINT('',(-0.0400276954247286,-0.00973137817706891,0.023386927914838));
#9778=CARTESIAN_POINT('',(-0.0409154346681644,-0.0110448920397028,0.023948069742504));
#9779=CARTESIAN_POINT('',(-0.0407587791927742,-0.0103119377942593,0.0243377099272619));
#9780=CARTESIAN_POINT('',(-0.0399679839214416,-0.0100798094713516,0.024152470630788));
#9781=CARTESIAN_POINT('',(-0.040309603142733,-0.0115339225897124,0.0248226174078216));
#9782=CARTESIAN_POINT('',(-0.0400828464166627,-0.0111264164295389,0.0250507833943295));
#9783=CARTESIAN_POINT('',(-0.0396462891321905,-0.0108586244843973,0.0249657115413617));
#9784=CARTESIAN_POINT('',(-0.0395317665979027,-0.0120860449341866,0.0253897511147425));
#9785=CARTESIAN_POINT('',(-0.0393794231753012,-0.0119034160232858,0.0254570144536803));
#9786=CARTESIAN_POINT('',(-0.0391929373395433,-0.0117413210280245,0.0254628398955763));
#9787=CARTESIAN_POINT('',(-0.0389512899145443,-0.01246630451142,0.0255816185008913));
#9788=CARTESIAN_POINT('',(-0.0388947589355794,-0.0124088126858437,0.0255938121547208));
#9789=CARTESIAN_POINT('',(-0.0388382279218302,-0.0123513208956758,0.0256060058142688));
#9790=CARTESIAN_POINT('',(-0.0386521739130435,-0.0126555207391304,0.0256323738220575));
#9791=CARTESIAN_POINT('',(-0.0386521739130435,-0.0126555207391304,0.0256323738220575));
#9792=CARTESIAN_POINT('',(-0.0386521739130435,-0.0126555207391304,0.0256323738220575));
#9793=CARTESIAN_POINT('',(-0.03995,-0.0107649209729834,0.0227271739953194));
#9794=CARTESIAN_POINT('',(-0.0399967437034434,-0.00964079409132451,0.0229651945409035));
#9795=CARTESIAN_POINT('',(-0.0399967437034434,-0.00964079409132451,0.0229651945409035));
#9796=CARTESIAN_POINT('',(-0.0400518690369995,-0.00980212511396152,0.0237163052347684));
#9797=CARTESIAN_POINT('',(-0.0397739304575508,-0.0106838774745732,0.0250477944792329));
#9798=CARTESIAN_POINT('',(-0.0390474094850183,-0.0120093073955547,0.0255763601131619));
#9799=CARTESIAN_POINT('',(-0.0386521739130435,-0.0126555207391304,0.0256323738220576));
#9800=CARTESIAN_POINT('',(-0.0411,-0.010723299,0.0223294894603776));
#9801=CARTESIAN_POINT('',(-0.0411,-0.00957329900000001,0.0223294894603777));
#9802=CARTESIAN_POINT('',(-0.03995,-0.009573299,0.0223294894603777));
#9803=CARTESIAN_POINT('',(-0.0411,-0.010723299006169,0.0224644049432608));
#9804=CARTESIAN_POINT('',(-0.0410999999999982,-0.00958907726562235,0.0225436657716325));
#9805=CARTESIAN_POINT('',(-0.0399658872456006,-0.00957329900000002,0.0225451451938455));
#9806=CARTESIAN_POINT('',(-0.0411,-0.0107373448956483,0.0225969372892425));
#9807=CARTESIAN_POINT('',(-0.0411000000000003,-0.00962648944676428,0.0227523696563896));
#9808=CARTESIAN_POINT('',(-0.0399814639839001,-0.00959607612530363,0.0227570005932064));
#9809=CARTESIAN_POINT('',(-0.0411,-0.0107649209729835,0.0227271739953194));
#9810=CARTESIAN_POINT('',(-0.0411,-0.00968470144879623,0.0229558976782886));
#9811=CARTESIAN_POINT('',(-0.0399967437034434,-0.00964079409132457,0.0229651945409036));
#9812=CARTESIAN_POINT('',(-0.03995,-0.009573299,0.0223294894603776));
#9813=CARTESIAN_POINT('',(-0.0399657855572856,-0.00957329900000001,0.0225437648620086));
#9814=CARTESIAN_POINT('',(-0.0399813661391341,-0.00959578977088518,0.02275566740967));
#9815=CARTESIAN_POINT('',(-0.0399967437034434,-0.00964079409132451,0.0229651945409035));
#9816=CARTESIAN_POINT('',(-0.0351644768546728,-0.0370582772634473,0.021050091002791));
#9817=CARTESIAN_POINT('',(-0.0351644768546728,-0.0370582772634473,0.021050091002791));
#9818=CARTESIAN_POINT('',(2.13240157950717E-18,-0.012573299,-0.1806996));
#9819=CARTESIAN_POINT('',(-0.0301254227283305,-0.009573299,0.0240179433922296));
#9820=CARTESIAN_POINT('',(-0.0302420586433386,-0.00957329900000005,0.0248699093122733));
#9821=CARTESIAN_POINT('',(-0.0308896756033488,-0.0103601385398109,0.0264209897639092));
#9822=CARTESIAN_POINT('',(-0.0317732319305637,-0.0119020993309388,0.0268242840628904));
#9823=CARTESIAN_POINT('',(-0.0321574370502841,-0.0126555207391304,0.0267438217126863));
#9824=CARTESIAN_POINT('',(0.000320938360547274,-0.00728247844418347,-0.1806996));
#9825=CARTESIAN_POINT('',(-0.0209495734308031,-0.0290467789112544,0.0240725447398463));
#9826=CARTESIAN_POINT('',(-0.0210007957640408,-0.0290897595521822,0.0245022172498765));
#9827=CARTESIAN_POINT('',(-0.0213238318307587,-0.0291079142110044,0.0253261881376878));
#9828=CARTESIAN_POINT('',(-0.0225980438091877,-0.0289000873594933,0.0265264814219209));
#9829=CARTESIAN_POINT('',(-0.0238829450180354,-0.0285504258527004,0.0268132961170776));
#9830=CARTESIAN_POINT('',(-0.0246968767834089,-0.0282843639725146,0.0267438217126863));
#9831=CARTESIAN_POINT('',(-0.0301254227283305,-0.009573299,0.0240179433922297));
#9832=CARTESIAN_POINT('',(-0.0291196080828496,-0.009573299,0.0241492457209739));
#9833=CARTESIAN_POINT('',(-0.0289940219085655,-0.0105797098197513,0.0241656401503209));
#9834=CARTESIAN_POINT('',(-0.0301892293676145,-0.00957329900000004,0.024484018252463));
#9835=CARTESIAN_POINT('',(-0.0291964123073312,-0.00957070090987277,0.0247565144652429));
#9836=CARTESIAN_POINT('',(-0.0290545282977554,-0.0105828017519743,0.0246321429174376));
#9837=CARTESIAN_POINT('',(-0.0304374488088744,-0.00980326736664933,0.0253722907702285));
#9838=CARTESIAN_POINT('',(-0.0296452162520181,-0.00991928882073991,0.0257845810489638));
#9839=CARTESIAN_POINT('',(-0.0293836513754914,-0.0107365727908099,0.0255099316204192));
#9840=CARTESIAN_POINT('',(-0.0309976288036357,-0.0106015699010595,0.026274482639033));
#9841=CARTESIAN_POINT('',(-0.0305545874245875,-0.0108314754170241,0.026520003210228));
#9842=CARTESIAN_POINT('',(-0.0302372485109661,-0.0112648078931057,0.0263740069877306));
#9843=CARTESIAN_POINT('',(-0.0315914889528858,-0.0115866029507576,0.0267326337060303));
#9844=CARTESIAN_POINT('',(-0.0313860654382546,-0.0117414590663181,0.0267981515756061));
#9845=CARTESIAN_POINT('',(-0.0311952160148194,-0.0119255335227171,0.0267846597042953));
#9846=CARTESIAN_POINT('',(-0.0319767166336983,-0.0123011328956147,0.0267816691040024));
#9847=CARTESIAN_POINT('',(-0.0319109417444046,-0.0123567337902034,0.026790322737222));
#9848=CARTESIAN_POINT('',(-0.0318451668898822,-0.0124123347263085,0.0267989763679402));
#9849=CARTESIAN_POINT('',(-0.0321574370502842,-0.0126555207391304,0.0267438217126863));
#9850=CARTESIAN_POINT('',(-0.0321574370502842,-0.0126555207391304,0.0267438217126863));
#9851=CARTESIAN_POINT('',(-0.0321574370502842,-0.0126555207391304,0.0267438217126863));
#9852=CARTESIAN_POINT('',(-0.0301254227283305,-0.010723299,0.0240179433922296));
#9853=CARTESIAN_POINT('',(-0.0289940219085655,-0.0105797098197513,0.0241656401503209));
#9854=CARTESIAN_POINT('',(-0.0289940219085655,-0.0105797098197513,0.0241656401503209));
#9855=CARTESIAN_POINT('',(-0.029104410730409,-0.0105853507606887,0.0250167352131795));
#9856=CARTESIAN_POINT('',(-0.0300376213659273,-0.0110989501655593,0.0265323449036371));
#9857=CARTESIAN_POINT('',(-0.031494721238453,-0.0121394543808574,0.0268608727762708));
#9858=CARTESIAN_POINT('',(-0.0321574370502841,-0.0126555207391304,0.0267438217126863));
#9859=CARTESIAN_POINT('',(-0.0301099786673245,-0.009573299,0.023780344259648));
#9860=CARTESIAN_POINT('',(-0.0290967693141578,-0.009573299,0.0237803442596479));
#9861=CARTESIAN_POINT('',(-0.0289691389821563,-0.0105784376430228,0.0237803442596479));
#9862=CARTESIAN_POINT('',(-0.030109978671369,-0.009573299,0.0238604222120752));
#9863=CARTESIAN_POINT('',(-0.029096769320137,-0.00957329899999998,0.023904631513061));
#9864=CARTESIAN_POINT('',(-0.0289691389822181,-0.0105784376425364,0.0239102003987192));
#9865=CARTESIAN_POINT('',(-0.0301151968250496,-0.009573299,0.0239396099583233));
#9866=CARTESIAN_POINT('',(-0.0291044856627267,-0.00957329900000019,0.02402757770306));
#9867=CARTESIAN_POINT('',(-0.0289775462144828,-0.0105788679011043,0.0240386129600006));
#9868=CARTESIAN_POINT('',(-0.0301254227283305,-0.009573299,0.0240179433922296));
#9869=CARTESIAN_POINT('',(-0.0291196080828496,-0.009573299,0.0241492457209738));
#9870=CARTESIAN_POINT('',(-0.0289940219085655,-0.0105797098197513,0.0241656401503209));
#9871=CARTESIAN_POINT('',(-0.0289691389821564,-0.0105784376430228,0.023780344259648));
#9872=CARTESIAN_POINT('',(-0.0289691389821564,-0.0105784376430228,0.0239093132809797));
#9873=CARTESIAN_POINT('',(-0.0289774336666325,-0.0105788621497478,0.0240377452187973));
#9874=CARTESIAN_POINT('',(-0.0289940219085655,-0.0105797098197513,0.0241656401503209));
#9875=CARTESIAN_POINT('',(-0.0208498447533008,-0.0273456806462848,0.0237803442596479));
#9876=CARTESIAN_POINT('',(-0.0199797363901937,-0.028232989008177,0.0237803442596479));
#9877=CARTESIAN_POINT('',(-0.0209317310732378,-0.0290318073956021,0.023780344259648));
#9878=CARTESIAN_POINT('',(-0.0208498447535589,-0.0273456806460216,0.0239404359687277));
#9879=CARTESIAN_POINT('',(-0.0199797363967226,-0.0282329890136537,0.0239455845337245));
#9880=CARTESIAN_POINT('',(-0.0209317310770118,-0.0290318073987688,0.0238790674802467));
#9881=CARTESIAN_POINT('',(-0.0208593449880449,-0.0273541758322933,0.0240983516160644));
#9882=CARTESIAN_POINT('',(-0.0199901640135503,-0.0282417388230881,0.0241085172100913));
#9883=CARTESIAN_POINT('',(-0.0209377632381841,-0.0290368689829837,0.0239764487961546));
#9884=CARTESIAN_POINT('',(-0.0208779465023978,-0.0273708070766489,0.0242541828761859));
#9885=CARTESIAN_POINT('',(-0.0200105724416398,-0.0282588635275724,0.0242692020217993));
#9886=CARTESIAN_POINT('',(-0.0209495734308031,-0.0290467789112544,0.0240725447398464));
#9887=CARTESIAN_POINT('',(-0.0216887791819427,-0.0281658278016676,0.0240725447398463));
#9888=CARTESIAN_POINT('',(-0.0208779465023979,-0.027370807076649,0.0242541828761859));
#9889=CARTESIAN_POINT('',(-0.0208779465023979,-0.027370807076649,0.0242541828761859));
#9890=CARTESIAN_POINT('',(-0.0208592118547529,-0.0273540568004683,0.0240972363128805));
#9891=CARTESIAN_POINT('',(-0.0208498447533009,-0.0273456806462848,0.0239392901344964));
#9892=CARTESIAN_POINT('',(-0.0208498447533009,-0.0273456806462848,0.023780344259648));
#9893=CARTESIAN_POINT('',(-0.0208779465023978,-0.0273708070766489,0.0242541828761859));
#9894=CARTESIAN_POINT('',(-0.0200105724416398,-0.0282588635275724,0.0242692020217993));
#9895=CARTESIAN_POINT('',(-0.0209495734308031,-0.0290467789112544,0.0240725447398463));
#9896=CARTESIAN_POINT('',(-0.0209068828278508,-0.0273966784524638,0.024496592312597));
#9897=CARTESIAN_POINT('',(-0.0200554927709812,-0.0282949331456898,0.0246192561647222));
#9898=CARTESIAN_POINT('',(-0.020978491785719,-0.0290710442921986,0.0243151228640973));
#9899=CARTESIAN_POINT('',(-0.0210323869987444,-0.0274610800723462,0.02495873472445));
#9900=CARTESIAN_POINT('',(-0.0203044059802538,-0.0283541844945237,0.0252525104312151));
#9901=CARTESIAN_POINT('',(-0.0211036066703668,-0.0290977266770738,0.024781223894749));
#9902=CARTESIAN_POINT('',(-0.0213893392629409,-0.027584715466858,0.0255570972473063));
#9903=CARTESIAN_POINT('',(-0.0209517191276013,-0.0284012338876538,0.0259160385306941));
#9904=CARTESIAN_POINT('',(-0.0214584720086427,-0.0290780654775299,0.0253946860355275));
#9905=CARTESIAN_POINT('',(-0.0218489974014815,-0.0277162151632243,0.0260215699425695));
#9906=CARTESIAN_POINT('',(-0.0216315832681943,-0.0284160322667131,0.0263143487068338));
#9907=CARTESIAN_POINT('',(-0.0219138714216784,-0.0290112769676996,0.0258801920588482));
#9908=CARTESIAN_POINT('',(-0.0225485743906417,-0.0278911623463744,0.026482606737545));
#9909=CARTESIAN_POINT('',(-0.0224881585241999,-0.0284105654293881,0.0266311966158199));
#9910=CARTESIAN_POINT('',(-0.0226041556663373,-0.0288752573641578,0.0263744860187982));
#9911=CARTESIAN_POINT('',(-0.0235041390629182,-0.0280923758779379,0.0267881428999579));
#9912=CARTESIAN_POINT('',(-0.0235044852303767,-0.0283733706247464,0.0268010393809542));
#9913=CARTESIAN_POINT('',(-0.0235408797739983,-0.0286422840936947,0.0267270813587974));
#9914=CARTESIAN_POINT('',(-0.024304763543131,-0.0282266177056741,0.0267964569784183));
#9915=CARTESIAN_POINT('',(-0.0243114334769821,-0.0283173980201294,0.0267863047836476));
#9916=CARTESIAN_POINT('',(-0.0243181034660924,-0.0284081783299654,0.0267761525838351));
#9917=CARTESIAN_POINT('',(-0.0246968767834089,-0.0282843639725146,0.0267438217126863));
#9918=CARTESIAN_POINT('',(-0.0246968767834089,-0.0282843639725146,0.0267438217126863));
#9919=CARTESIAN_POINT('',(-0.0246968767834089,-0.0282843639725146,0.0267438217126863));
#9920=CARTESIAN_POINT('',(-0.0208779465023979,-0.027370807076649,0.0242541828761859));
#9921=CARTESIAN_POINT('',(-0.0209290606213371,-0.0274165071946971,0.0246823833663118));
#9922=CARTESIAN_POINT('',(-0.0212514897430355,-0.0275516261581524,0.0254927560731519));
#9923=CARTESIAN_POINT('',(-0.0225390306037864,-0.0279072928928008,0.0266367391199016));
#9924=CARTESIAN_POINT('',(-0.0238564001197394,-0.0281605608006207,0.0268566457329483));
#9925=CARTESIAN_POINT('',(-0.024696876783409,-0.0282843639725146,0.0267438217126864));
#9926=CARTESIAN_POINT('',(4.49939065378132E-18,-0.006899999,0.023780344259648));
#9927=CARTESIAN_POINT('',(-0.0318746479222419,-0.015398299,0.0225004));
#9928=CARTESIAN_POINT('',(-0.0324664319481613,-0.016423299,0.0225004));
#9929=CARTESIAN_POINT('',(-0.0324664319481613,-0.016423299,0.0226004));
#9930=CARTESIAN_POINT('',(-0.019664018718296,0.00575113117361854,0.0226004));
#9931=CARTESIAN_POINT('',(-0.0312828638963225,-0.014373299,0.0226004));
#9932=CARTESIAN_POINT('',(-0.0312828638963225,-0.014373299,0.0225004));
#9933=CARTESIAN_POINT('',(-0.03365,-0.016423299,0.0225004));
#9934=CARTESIAN_POINT('',(-0.0348335680518388,-0.016423299,0.0225004));
#9935=CARTESIAN_POINT('',(-0.0348335680518388,-0.016423299,0.0226004));
#9936=CARTESIAN_POINT('',(-4.3624342490204E-17,-0.0164232990000001,0.0226004));
#9937=CARTESIAN_POINT('',(-0.0354253520777581,-0.015398299,0.0225004));
#9938=CARTESIAN_POINT('',(-0.0360171361036775,-0.014373299,0.0225004));
#9939=CARTESIAN_POINT('',(-0.0360171361036775,-0.014373299,0.0226004));
#9940=CARTESIAN_POINT('',(-0.0308109812817041,-0.0233906236637278,0.0226004));
#9941=CARTESIAN_POINT('',(-0.0354253520777581,-0.013348299,0.0225004));
#9942=CARTESIAN_POINT('',(-0.0348335680518388,-0.012323299,0.0225004));
#9943=CARTESIAN_POINT('',(-0.0348335680518388,-0.012323299,0.0226004));
#9944=CARTESIAN_POINT('',(-0.0232147228738122,0.00780113117361855,0.0226004));
#9945=CARTESIAN_POINT('',(-0.03365,-0.012323299,0.0225004));
#9946=CARTESIAN_POINT('',(-0.0324664319481613,-0.012323299,0.0225004));
#9947=CARTESIAN_POINT('',(-0.0324664319481613,-0.012323299,0.0226004));
#9948=CARTESIAN_POINT('',(-2.12076999182141E-17,-0.012323299,0.0226004));
#9949=CARTESIAN_POINT('',(-0.0318746479222419,-0.013348299,0.0225004));
#9950=CARTESIAN_POINT('',(-0.0272602771261878,-0.0213406236637278,0.0226004));
#9951=CARTESIAN_POINT('',(-1.11100370558695E-17,-0.00560189532673954,0.0226004));
#9952=CARTESIAN_POINT('',(-0.0318746479222419,-0.0334627471724667,0.0225004));
#9953=CARTESIAN_POINT('',(-0.0324664319481613,-0.0344877471724667,0.0225004));
#9954=CARTESIAN_POINT('',(-0.0324664319481613,-0.0344877471724667,0.0226004));
#9955=CARTESIAN_POINT('',(-0.0118418832069441,0.00123501913050182,0.0226004));
#9956=CARTESIAN_POINT('',(-0.0312828638963225,-0.0324377471724667,0.0226004));
#9957=CARTESIAN_POINT('',(-0.0312828638963225,-0.0324377471724667,0.0225004));
#9958=CARTESIAN_POINT('',(-0.03365,-0.0344877471724667,0.0225004));
#9959=CARTESIAN_POINT('',(-0.0348335680518388,-0.0344877471724667,0.0225004));
#9960=CARTESIAN_POINT('',(-0.0348335680518388,-0.0344877471724667,0.0226004));
#9961=CARTESIAN_POINT('',(-1.84692584755049E-16,-0.0344877471724669,0.0226004));
#9962=CARTESIAN_POINT('',(-0.0354253520777581,-0.0334627471724667,0.0225004));
#9963=CARTESIAN_POINT('',(-0.0360171361036775,-0.0324377471724667,0.0225004));
#9964=CARTESIAN_POINT('',(-0.0360171361036775,-0.0324377471724667,0.0226004));
#9965=CARTESIAN_POINT('',(-0.0386331167930558,-0.0279067357068444,0.0226004));
#9966=CARTESIAN_POINT('',(-0.0354253520777581,-0.0314127471724667,0.0225004));
#9967=CARTESIAN_POINT('',(-0.0348335680518388,-0.0303877471724667,0.0225004));
#9968=CARTESIAN_POINT('',(-0.0348335680518388,-0.0303877471724667,0.0226004));
#9969=CARTESIAN_POINT('',(-0.0153925873624603,0.00328501913050183,0.0226004));
#9970=CARTESIAN_POINT('',(-0.03365,-0.0303877471724667,0.0225004));
#9971=CARTESIAN_POINT('',(-0.0324664319481613,-0.0303877471724667,0.0225004));
#9972=CARTESIAN_POINT('',(-0.0324664319481613,-0.0303877471724667,0.0226004));
#9973=CARTESIAN_POINT('',(-8.55823311958156E-17,-0.0303877471724668,0.0226004));
#9974=CARTESIAN_POINT('',(-0.0318746479222419,-0.0314127471724667,0.0225004));
#9975=CARTESIAN_POINT('',(-0.0350824126375395,-0.0258567357068444,0.0226004));
#9976=CARTESIAN_POINT('',(-1.11100370558695E-17,-0.00560189532673954,0.0226004));
#9977=MECHANICAL_DESIGN_GEOMETRIC_PRESENTATION_REPRESENTATION('',(#5196),#9985);
#9978=MECHANICAL_DESIGN_GEOMETRIC_PRESENTATION_REPRESENTATION('',(#5197),#9986);
#9979=MECHANICAL_DESIGN_GEOMETRIC_PRESENTATION_REPRESENTATION('',(#5198),#9987);
#9980=MECHANICAL_DESIGN_GEOMETRIC_PRESENTATION_REPRESENTATION('',(#5199),#9988);
#9981=MECHANICAL_DESIGN_GEOMETRIC_PRESENTATION_REPRESENTATION('',(#5200),#9989);
#9982=MECHANICAL_DESIGN_GEOMETRIC_PRESENTATION_REPRESENTATION('',(#5201),#9990);
#9983=MECHANICAL_DESIGN_GEOMETRIC_PRESENTATION_REPRESENTATION('',(#5202),#9991);
#9984=MECHANICAL_DESIGN_GEOMETRIC_PRESENTATION_REPRESENTATION('',(#5203),#9992);
#9985=(
GEOMETRIC_REPRESENTATION_CONTEXT(3)
GLOBAL_UNCERTAINTY_ASSIGNED_CONTEXT((#9993))
GLOBAL_UNIT_ASSIGNED_CONTEXT((#10017,#10009,#10001))
REPRESENTATION_CONTEXT('Keycap','TOP_LEVEL_ASSEMBLY_PART')
);
#9986=(
GEOMETRIC_REPRESENTATION_CONTEXT(3)
GLOBAL_UNCERTAINTY_ASSIGNED_CONTEXT((#9994))
GLOBAL_UNIT_ASSIGNED_CONTEXT((#10018,#10010,#10002))
REPRESENTATION_CONTEXT('Keycap','TOP_LEVEL_ASSEMBLY_PART')
);
#9987=(
GEOMETRIC_REPRESENTATION_CONTEXT(3)
GLOBAL_UNCERTAINTY_ASSIGNED_CONTEXT((#9995))
GLOBAL_UNIT_ASSIGNED_CONTEXT((#10019,#10011,#10003))
REPRESENTATION_CONTEXT('Keycap','TOP_LEVEL_ASSEMBLY_PART')
);
#9988=(
GEOMETRIC_REPRESENTATION_CONTEXT(3)
GLOBAL_UNCERTAINTY_ASSIGNED_CONTEXT((#9996))
GLOBAL_UNIT_ASSIGNED_CONTEXT((#10020,#10012,#10004))
REPRESENTATION_CONTEXT('Keycap','TOP_LEVEL_ASSEMBLY_PART')
);
#9989=(
GEOMETRIC_REPRESENTATION_CONTEXT(3)
GLOBAL_UNCERTAINTY_ASSIGNED_CONTEXT((#9997))
GLOBAL_UNIT_ASSIGNED_CONTEXT((#10021,#10013,#10005))
REPRESENTATION_CONTEXT('Keycap','TOP_LEVEL_ASSEMBLY_PART')
);
#9990=(
GEOMETRIC_REPRESENTATION_CONTEXT(3)
GLOBAL_UNCERTAINTY_ASSIGNED_CONTEXT((#9998))
GLOBAL_UNIT_ASSIGNED_CONTEXT((#10022,#10014,#10006))
REPRESENTATION_CONTEXT('Keycap','TOP_LEVEL_ASSEMBLY_PART')
);
#9991=(
GEOMETRIC_REPRESENTATION_CONTEXT(3)
GLOBAL_UNCERTAINTY_ASSIGNED_CONTEXT((#9999))
GLOBAL_UNIT_ASSIGNED_CONTEXT((#10023,#10015,#10007))
REPRESENTATION_CONTEXT('Keycap','TOP_LEVEL_ASSEMBLY_PART')
);
#9992=(
GEOMETRIC_REPRESENTATION_CONTEXT(3)
GLOBAL_UNCERTAINTY_ASSIGNED_CONTEXT((#10000))
GLOBAL_UNIT_ASSIGNED_CONTEXT((#10024,#10016,#10008))
REPRESENTATION_CONTEXT('Keycap','TOP_LEVEL_ASSEMBLY_PART')
);
#9993=UNCERTAINTY_MEASURE_WITH_UNIT(LENGTH_MEASURE(2.E-05),#10017,'DISTANCE_ACCURACY_VALUE','Maximum Tolerance applied to model');
#9994=UNCERTAINTY_MEASURE_WITH_UNIT(LENGTH_MEASURE(2.E-05),#10018,'DISTANCE_ACCURACY_VALUE','Maximum Tolerance applied to model');
#9995=UNCERTAINTY_MEASURE_WITH_UNIT(LENGTH_MEASURE(2.E-05),#10019,'DISTANCE_ACCURACY_VALUE','Maximum Tolerance applied to model');
#9996=UNCERTAINTY_MEASURE_WITH_UNIT(LENGTH_MEASURE(2.E-05),#10020,'DISTANCE_ACCURACY_VALUE','Maximum Tolerance applied to model');
#9997=UNCERTAINTY_MEASURE_WITH_UNIT(LENGTH_MEASURE(2.E-05),#10021,'DISTANCE_ACCURACY_VALUE','Maximum Tolerance applied to model');
#9998=UNCERTAINTY_MEASURE_WITH_UNIT(LENGTH_MEASURE(2.E-05),#10022,'DISTANCE_ACCURACY_VALUE','Maximum Tolerance applied to model');
#9999=UNCERTAINTY_MEASURE_WITH_UNIT(LENGTH_MEASURE(2.E-05),#10023,'DISTANCE_ACCURACY_VALUE','Maximum Tolerance applied to model');
#10000=UNCERTAINTY_MEASURE_WITH_UNIT(LENGTH_MEASURE(2.E-05),#10024,'DISTANCE_ACCURACY_VALUE','Maximum Tolerance applied to model');
#10001=(
NAMED_UNIT(*)
SI_UNIT($,.STERADIAN.)
SOLID_ANGLE_UNIT()
);
#10002=(
NAMED_UNIT(*)
SI_UNIT($,.STERADIAN.)
SOLID_ANGLE_UNIT()
);
#10003=(
NAMED_UNIT(*)
SI_UNIT($,.STERADIAN.)
SOLID_ANGLE_UNIT()
);
#10004=(
NAMED_UNIT(*)
SI_UNIT($,.STERADIAN.)
SOLID_ANGLE_UNIT()
);
#10005=(
NAMED_UNIT(*)
SI_UNIT($,.STERADIAN.)
SOLID_ANGLE_UNIT()
);
#10006=(
NAMED_UNIT(*)
SI_UNIT($,.STERADIAN.)
SOLID_ANGLE_UNIT()
);
#10007=(
NAMED_UNIT(*)
SI_UNIT($,.STERADIAN.)
SOLID_ANGLE_UNIT()
);
#10008=(
NAMED_UNIT(*)
SI_UNIT($,.STERADIAN.)
SOLID_ANGLE_UNIT()
);
#10009=(
NAMED_UNIT(*)
PLANE_ANGLE_UNIT()
SI_UNIT($,.RADIAN.)
);
#10010=(
NAMED_UNIT(*)
PLANE_ANGLE_UNIT()
SI_UNIT($,.RADIAN.)
);
#10011=(
NAMED_UNIT(*)
PLANE_ANGLE_UNIT()
SI_UNIT($,.RADIAN.)
);
#10012=(
NAMED_UNIT(*)
PLANE_ANGLE_UNIT()
SI_UNIT($,.RADIAN.)
);
#10013=(
NAMED_UNIT(*)
PLANE_ANGLE_UNIT()
SI_UNIT($,.RADIAN.)
);
#10014=(
NAMED_UNIT(*)
PLANE_ANGLE_UNIT()
SI_UNIT($,.RADIAN.)
);
#10015=(
NAMED_UNIT(*)
PLANE_ANGLE_UNIT()
SI_UNIT($,.RADIAN.)
);
#10016=(
NAMED_UNIT(*)
PLANE_ANGLE_UNIT()
SI_UNIT($,.RADIAN.)
);
#10017=(
LENGTH_UNIT()
NAMED_UNIT(*)
SI_UNIT($,.METRE.)
);
#10018=(
LENGTH_UNIT()
NAMED_UNIT(*)
SI_UNIT($,.METRE.)
);
#10019=(
LENGTH_UNIT()
NAMED_UNIT(*)
SI_UNIT($,.METRE.)
);
#10020=(
LENGTH_UNIT()
NAMED_UNIT(*)
SI_UNIT($,.METRE.)
);
#10021=(
LENGTH_UNIT()
NAMED_UNIT(*)
SI_UNIT($,.METRE.)
);
#10022=(
LENGTH_UNIT()
NAMED_UNIT(*)
SI_UNIT($,.METRE.)
);
#10023=(
LENGTH_UNIT()
NAMED_UNIT(*)
SI_UNIT($,.METRE.)
);
#10024=(
LENGTH_UNIT()
NAMED_UNIT(*)
SI_UNIT($,.METRE.)
);
#10025=PRODUCT_DEFINITION_SHAPE('','',#10033);
#10026=PRODUCT_DEFINITION_SHAPE('','',#10034);
#10027=PRODUCT_DEFINITION_SHAPE('','',#10035);
#10028=PRODUCT_DEFINITION_SHAPE('','',#10036);
#10029=PRODUCT_DEFINITION_SHAPE('','',#10037);
#10030=PRODUCT_DEFINITION_SHAPE('','',#10038);
#10031=PRODUCT_DEFINITION_SHAPE('','',#10039);
#10032=PRODUCT_DEFINITION_SHAPE('','',#10040);
#10033=PRODUCT_DEFINITION('','',#10049,#10041);
#10034=PRODUCT_DEFINITION('','',#10050,#10042);
#10035=PRODUCT_DEFINITION('','',#10051,#10043);
#10036=PRODUCT_DEFINITION('','',#10052,#10044);
#10037=PRODUCT_DEFINITION('','',#10053,#10045);
#10038=PRODUCT_DEFINITION('','',#10054,#10046);
#10039=PRODUCT_DEFINITION('','',#10055,#10047);
#10040=PRODUCT_DEFINITION('','',#10056,#10048);
#10041=PRODUCT_DEFINITION_CONTEXT('',#10097,'design');
#10042=PRODUCT_DEFINITION_CONTEXT('',#10098,'design');
#10043=PRODUCT_DEFINITION_CONTEXT('',#10099,'design');
#10044=PRODUCT_DEFINITION_CONTEXT('',#10100,'design');
#10045=PRODUCT_DEFINITION_CONTEXT('',#10101,'design');
#10046=PRODUCT_DEFINITION_CONTEXT('',#10102,'design');
#10047=PRODUCT_DEFINITION_CONTEXT('',#10103,'design');
#10048=PRODUCT_DEFINITION_CONTEXT('',#10104,'design');
#10049=PRODUCT_DEFINITION_FORMATION_WITH_SPECIFIED_SOURCE('','',#10065,.NOT_KNOWN.);
#10050=PRODUCT_DEFINITION_FORMATION_WITH_SPECIFIED_SOURCE('','',#10066,.NOT_KNOWN.);
#10051=PRODUCT_DEFINITION_FORMATION_WITH_SPECIFIED_SOURCE('','',#10067,.NOT_KNOWN.);
#10052=PRODUCT_DEFINITION_FORMATION_WITH_SPECIFIED_SOURCE('','',#10068,.NOT_KNOWN.);
#10053=PRODUCT_DEFINITION_FORMATION_WITH_SPECIFIED_SOURCE('','',#10069,.NOT_KNOWN.);
#10054=PRODUCT_DEFINITION_FORMATION_WITH_SPECIFIED_SOURCE('','',#10070,.NOT_KNOWN.);
#10055=PRODUCT_DEFINITION_FORMATION_WITH_SPECIFIED_SOURCE('','',#10071,.NOT_KNOWN.);
#10056=PRODUCT_DEFINITION_FORMATION_WITH_SPECIFIED_SOURCE('','',#10072,.NOT_KNOWN.);
#10057=PRODUCT_RELATED_PRODUCT_CATEGORY('','',(#10065));
#10058=PRODUCT_RELATED_PRODUCT_CATEGORY('','',(#10066));
#10059=PRODUCT_RELATED_PRODUCT_CATEGORY('','',(#10067));
#10060=PRODUCT_RELATED_PRODUCT_CATEGORY('','',(#10068));
#10061=PRODUCT_RELATED_PRODUCT_CATEGORY('','',(#10069));
#10062=PRODUCT_RELATED_PRODUCT_CATEGORY('','',(#10070));
#10063=PRODUCT_RELATED_PRODUCT_CATEGORY('','',(#10071));
#10064=PRODUCT_RELATED_PRODUCT_CATEGORY('','',(#10072));
#10065=PRODUCT('Keycap','Keycap','Keycap',(#10081));
#10066=PRODUCT('Keycap','Keycap','Keycap',(#10082));
#10067=PRODUCT('Keycap','Keycap','Keycap',(#10083));
#10068=PRODUCT('Keycap','Keycap','Keycap',(#10084));
#10069=PRODUCT('Keycap','Keycap','Keycap',(#10085));
#10070=PRODUCT('Keycap','Keycap','Keycap',(#10086));
#10071=PRODUCT('Keycap','Keycap','Keycap',(#10087));
#10072=PRODUCT('Keycap','Keycap','Keycap',(#10088));
#10073=PRODUCT_CATEGORY('','');
#10074=PRODUCT_CATEGORY('','');
#10075=PRODUCT_CATEGORY('','');
#10076=PRODUCT_CATEGORY('','');
#10077=PRODUCT_CATEGORY('','');
#10078=PRODUCT_CATEGORY('','');
#10079=PRODUCT_CATEGORY('','');
#10080=PRODUCT_CATEGORY('','');
#10081=PRODUCT_CONTEXT('',#10097,'mechanical');
#10082=PRODUCT_CONTEXT('',#10098,'mechanical');
#10083=PRODUCT_CONTEXT('',#10099,'mechanical');
#10084=PRODUCT_CONTEXT('',#10100,'mechanical');
#10085=PRODUCT_CONTEXT('',#10101,'mechanical');
#10086=PRODUCT_CONTEXT('',#10102,'mechanical');
#10087=PRODUCT_CONTEXT('',#10103,'mechanical');
#10088=PRODUCT_CONTEXT('',#10104,'mechanical');
#10089=APPLICATION_PROTOCOL_DEFINITION('international standard','ap242_managed_model_based_3d_engineering',2020,#10097);
#10090=APPLICATION_PROTOCOL_DEFINITION('international standard','ap242_managed_model_based_3d_engineering',2020,#10098);
#10091=APPLICATION_PROTOCOL_DEFINITION('international standard','ap242_managed_model_based_3d_engineering',2020,#10099);
#10092=APPLICATION_PROTOCOL_DEFINITION('international standard','ap242_managed_model_based_3d_engineering',2020,#10100);
#10093=APPLICATION_PROTOCOL_DEFINITION('international standard','ap242_managed_model_based_3d_engineering',2020,#10101);
#10094=APPLICATION_PROTOCOL_DEFINITION('international standard','ap242_managed_model_based_3d_engineering',2020,#10102);
#10095=APPLICATION_PROTOCOL_DEFINITION('international standard','ap242_managed_model_based_3d_engineering',2020,#10103);
#10096=APPLICATION_PROTOCOL_DEFINITION('international standard','ap242_managed_model_based_3d_engineering',2020,#10104);
#10097=APPLICATION_CONTEXT('managed model based 3d engineering');
#10098=APPLICATION_CONTEXT('managed model based 3d engineering');
#10099=APPLICATION_CONTEXT('managed model based 3d engineering');
#10100=APPLICATION_CONTEXT('managed model based 3d engineering');
#10101=APPLICATION_CONTEXT('managed model based 3d engineering');
#10102=APPLICATION_CONTEXT('managed model based 3d engineering');
#10103=APPLICATION_CONTEXT('managed model based 3d engineering');
#10104=APPLICATION_CONTEXT('managed model based 3d engineering');
ENDSEC;
END-ISO-10303-21;
